{"features":[{"properties":{"district":"Mojo","district_code":"id3506010","regency":"Kediri"},"type":"Feature","geometry":{"coordinates":[[[[111.93187980000005,-7.887039799999968],[111.9285,-7.8970],[111.9263,-7.9034],[111.9248,-7.9098],[111.9244,-7.9094],[111.9227,-7.9086],[111.9219,-7.9080],[111.9200,-7.9072],[111.9177,-7.9066],[111.9172,-7.9061],[111.9167,-7.9056],[111.9157,-7.9056],[111.9149,-7.9054],[111.9138,-7.9049],[111.9131,-7.9048],[111.9125,-7.9048],[111.9117,-7.9046],[111.9109,-7.9045],[111.9100,-7.9044],[111.9091,-7.9040],[111.9084,-7.9037],[111.9074,-7.9034],[111.9070,-7.9033],[111.9060,-7.9024],[111.9045,-7.9022],[111.9031,-7.9016],[111.9019,-7.9009],[111.9009,-7.9008],[111.8998,-7.9006],[111.8981,-7.8995],[111.8974,-7.8993],[111.8970,-7.8992],[111.8957,-7.8995],[111.8946,-7.8987],[111.8940,-7.8966],[111.8938,-7.8960],[111.8934,-7.8945],[111.8921,-7.8929],[111.8903,-7.8914],[111.8894,-7.8907],[111.8882,-7.8910],[111.8876,-7.8911],[111.8869,-7.8913],[111.8864,-7.8909],[111.8853,-7.8904],[111.8849,-7.8908],[111.8847,-7.8911],[111.8838,-7.8910],[111.8833,-7.8909],[111.8837,-7.8896],[111.8833,-7.8892],[111.8824,-7.8894],[111.8817,-7.8889],[111.8805,-7.8884],[111.8807,-7.8879],[111.8806,-7.8872],[111.8799,-7.8874],[111.8795,-7.8871],[111.8796,-7.8859],[111.8800,-7.8846],[111.8795,-7.8844],[111.8788,-7.8844],[111.8786,-7.8838],[111.8776,-7.8836],[111.8766,-7.8838],[111.8766,-7.8845],[111.8756,-7.8858],[111.8750,-7.8860],[111.8744,-7.8853],[111.8739,-7.8849],[111.8731,-7.8847],[111.8715,-7.8843],[111.8718,-7.8837],[111.8703,-7.8823],[111.8701,-7.8825],[111.8693,-7.8830],[111.8689,-7.8835],[111.8680,-7.8836],[111.8671,-7.8838],[111.8666,-7.8843],[111.8654,-7.8839],[111.8638,-7.8843],[111.8632,-7.8850],[111.8624,-7.8848],[111.8610,-7.8836],[111.8599,-7.8825],[111.8589,-7.8810],[111.8573,-7.8805],[111.8561,-7.8801],[111.8551,-7.8787],[111.8534,-7.8783],[111.8529,-7.8775],[111.8515,-7.8775],[111.8493,-7.8773],[111.8461,-7.8776],[111.8433,-7.8782],[111.8386,-7.8790],[111.8370,-7.8791],[111.8346,-7.8787],[111.8318,-7.8787],[111.8257,-7.8750],[111.8242,-7.8744],[111.8216,-7.8737],[111.8210,-7.8729],[111.8202,-7.8719],[111.8178,-7.8722],[111.8162,-7.8716],[111.8153,-7.8709],[111.8148,-7.8702],[111.8143,-7.8695],[111.8138,-7.8691],[111.8128,-7.8691],[111.8117,-7.8686],[111.8109,-7.8671],[111.8106,-7.8662],[111.8106,-7.8649],[111.8113,-7.8637],[111.8115,-7.8625],[111.8118,-7.8616],[111.8126,-7.8615],[111.8133,-7.8612],[111.8143,-7.8602],[111.8149,-7.8598],[111.8164,-7.8594],[111.8186,-7.8597],[111.8211,-7.8607],[111.8222,-7.8614],[111.8238,-7.8616],[111.8248,-7.8618],[111.8255,-7.8613],[111.8264,-7.8605],[111.8278,-7.8599],[111.8292,-7.8591],[111.8351,-7.8586],[111.8366,-7.8592],[111.8379,-7.8593],[111.8386,-7.8592],[111.8399,-7.8589],[111.8413,-7.8586],[111.8419,-7.8592],[111.8429,-7.8595],[111.8435,-7.8599],[111.8442,-7.8606],[111.8448,-7.8610],[111.8452,-7.8611],[111.8460,-7.8610],[111.8463,-7.8621],[111.8463,-7.8629],[111.8475,-7.8636],[111.8488,-7.8636],[111.8498,-7.8640],[111.8504,-7.8639],[111.8512,-7.8647],[111.8507,-7.8655],[111.8502,-7.8659],[111.8504,-7.8667],[111.8510,-7.8675],[111.8522,-7.8681],[111.8524,-7.8693],[111.8527,-7.8698],[111.8537,-7.8695],[111.8543,-7.8680],[111.8552,-7.8681],[111.8571,-7.8682],[111.8580,-7.8683],[111.8579,-7.8694],[111.8584,-7.8699],[111.8587,-7.8707],[111.8595,-7.8710],[111.8600,-7.8712],[111.8599,-7.8722],[111.8610,-7.8725],[111.8615,-7.8720],[111.8621,-7.8722],[111.8626,-7.8727],[111.8628,-7.8736],[111.8633,-7.8734],[111.8641,-7.8722],[111.8647,-7.8725],[111.8655,-7.8731],[111.8657,-7.8742],[111.8660,-7.8746],[111.8665,-7.8738],[111.8670,-7.8734],[111.8677,-7.8730],[111.8681,-7.8716],[111.8690,-7.8716],[111.8691,-7.8726],[111.8695,-7.8732],[111.8705,-7.8734],[111.8712,-7.8725],[111.8719,-7.8728],[111.8731,-7.8732],[111.8738,-7.8731],[111.8750,-7.8736],[111.8760,-7.8739],[111.8768,-7.8740],[111.8775,-7.8741],[111.8778,-7.8733],[111.8786,-7.8740],[111.8789,-7.8747],[111.8798,-7.8747],[111.8811,-7.8742],[111.8821,-7.8756],[111.8835,-7.8759],[111.8848,-7.8763],[111.8864,-7.8765],[111.8882,-7.8769],[111.8894,-7.8766],[111.8900,-7.8772],[111.8909,-7.8767],[111.8920,-7.8760],[111.8935,-7.8758],[111.8944,-7.8762],[111.8947,-7.8754],[111.8958,-7.8753],[111.8969,-7.8755],[111.8985,-7.8764],[111.8988,-7.8759],[111.8989,-7.8750],[111.9000,-7.8747],[111.9010,-7.8749],[111.9006,-7.8757],[111.9011,-7.8771],[111.9022,-7.8774],[111.9025,-7.8779],[111.9032,-7.8777],[111.9035,-7.8781],[111.9038,-7.8787],[111.9045,-7.8794],[111.9050,-7.8800],[111.9056,-7.8798],[111.9061,-7.8797],[111.9069,-7.8797],[111.9074,-7.8798],[111.9104,-7.8799],[111.9121,-7.8809],[111.9135,-7.8812],[111.9147,-7.8809],[111.9156,-7.8808],[111.9170,-7.8809],[111.9180,-7.8811],[111.9186,-7.8811],[111.9196,-7.8810],[111.9200,-7.8821],[111.9209,-7.8825],[111.9218,-7.8829],[111.9222,-7.8831],[111.9233,-7.8837],[111.9245,-7.8843],[111.9252,-7.8841],[111.9260,-7.8849],[111.9268,-7.8851],[111.9276,-7.8853],[111.9287,-7.8857],[111.9296,-7.8861],[111.9307,-7.8866],[111.93187980000005,-7.887039799999968]]],[[[111.87717970000006,-7.852918],[111.8782,-7.8542],[111.8794,-7.8558],[111.8802,-7.8566],[111.8809,-7.8570],[111.8821,-7.8578],[111.8826,-7.8587],[111.8836,-7.8599],[111.8854,-7.8605],[111.8864,-7.8607],[111.8877,-7.8611],[111.8892,-7.8616],[111.8899,-7.8623],[111.8909,-7.8638],[111.8926,-7.8647],[111.8935,-7.8657],[111.8945,-7.8659],[111.8953,-7.8662],[111.8960,-7.8669],[111.8963,-7.8676],[111.8971,-7.8684],[111.8976,-7.8674],[111.8990,-7.8677],[111.8997,-7.8679],[111.9005,-7.8681],[111.9016,-7.8680],[111.9038,-7.8688],[111.9051,-7.8686],[111.9072,-7.8690],[111.9088,-7.8696],[111.9112,-7.8698],[111.9124,-7.8699],[111.9132,-7.8705],[111.9149,-7.8703],[111.9169,-7.8710],[111.9174,-7.8728],[111.9174,-7.8736],[111.9190,-7.8737],[111.9200,-7.8739],[111.9211,-7.8746],[111.9216,-7.8747],[111.9234,-7.8752],[111.9243,-7.8765],[111.9256,-7.8776],[111.9270,-7.8782],[111.9282,-7.8787],[111.9292,-7.8792],[111.9300,-7.8794],[111.9313,-7.8800],[111.9325,-7.8801],[111.9339,-7.8805],[111.9345,-7.8820],[111.9362,-7.8830],[111.9388,-7.8843],[111.9409,-7.8887],[111.9409,-7.8898],[111.9404,-7.8895],[111.9402,-7.8888],[111.9394,-7.8883],[111.9387,-7.8877],[111.9372,-7.8873],[111.9371,-7.8882],[111.9371,-7.8888],[111.9361,-7.8894],[111.9354,-7.8890],[111.9347,-7.8887],[111.9338,-7.8883],[111.9333,-7.8877],[111.9321,-7.8871],[111.9311,-7.8868],[111.9297,-7.8863],[111.9290,-7.8859],[111.9280,-7.8855],[111.9270,-7.8852],[111.9262,-7.8851],[111.9253,-7.8841],[111.9246,-7.8844],[111.9235,-7.8838],[111.9224,-7.8832],[111.9218,-7.8830],[111.9211,-7.8826],[111.9201,-7.8821],[111.9196,-7.8811],[111.9187,-7.8810],[111.9181,-7.8810],[111.9176,-7.8810],[111.9159,-7.8810],[111.9152,-7.8807],[111.9139,-7.8811],[111.9129,-7.8810],[111.9107,-7.8801],[111.9079,-7.8799],[111.9070,-7.8798],[111.9064,-7.8797],[111.9057,-7.8798],[111.9052,-7.8799],[111.9046,-7.8799],[111.9037,-7.8790],[111.9038,-7.8780],[111.9032,-7.8778],[111.9027,-7.8778],[111.9022,-7.8775],[111.9012,-7.8771],[111.9007,-7.8759],[111.9010,-7.8750],[111.9005,-7.8746],[111.8990,-7.8750],[111.8988,-7.8757],[111.8986,-7.8764],[111.8975,-7.8757],[111.8958,-7.8752],[111.8948,-7.8753],[111.8946,-7.8761],[111.8937,-7.8759],[111.8922,-7.8758],[111.8912,-7.8766],[111.8901,-7.8772],[111.8895,-7.8767],[111.8885,-7.8769],[111.8869,-7.8766],[111.8855,-7.8762],[111.8837,-7.8759],[111.8823,-7.8757],[111.8814,-7.8740],[111.8800,-7.8747],[111.8792,-7.8747],[111.8786,-7.8744],[111.8780,-7.8733],[111.8776,-7.8739],[111.8769,-7.8741],[111.8762,-7.8738],[111.8754,-7.8737],[111.8739,-7.8730],[111.8733,-7.8733],[111.8722,-7.8728],[111.8714,-7.8727],[111.8706,-7.8734],[111.8698,-7.8733],[111.8690,-7.8727],[111.8692,-7.8718],[111.8684,-7.8716],[111.8677,-7.8726],[111.8674,-7.8734],[111.8666,-7.8738],[111.8661,-7.8746],[111.8656,-7.8744],[111.8656,-7.8733],[111.8651,-7.8727],[111.8643,-7.8722],[111.8635,-7.8730],[111.8629,-7.8737],[111.8627,-7.8727],[111.8622,-7.8724],[111.8618,-7.8720],[111.8612,-7.8724],[111.8600,-7.8723],[111.8599,-7.8715],[111.8597,-7.8709],[111.8588,-7.8709],[111.8586,-7.8700],[111.8579,-7.8695],[111.8581,-7.8685],[111.8574,-7.8682],[111.8559,-7.8683],[111.8543,-7.8680],[111.8538,-7.8692],[111.8529,-7.8698],[111.8523,-7.8695],[111.8524,-7.8683],[111.8513,-7.8676],[111.8507,-7.8671],[111.8504,-7.8662],[111.8504,-7.8656],[111.8512,-7.8648],[111.8506,-7.8641],[111.8499,-7.8639],[111.8489,-7.8637],[111.8477,-7.8635],[111.8465,-7.8631],[111.8464,-7.8623],[111.8461,-7.8612],[111.8455,-7.8610],[111.8448,-7.8611],[111.8445,-7.8606],[111.8437,-7.8602],[111.8430,-7.8595],[111.8422,-7.8593],[111.8414,-7.8587],[111.8401,-7.8588],[111.8388,-7.8592],[111.8382,-7.8593],[111.8370,-7.8593],[111.8356,-7.8587],[111.8310,-7.8589],[111.8282,-7.8598],[111.8267,-7.8604],[111.8257,-7.8611],[111.8249,-7.8618],[111.8240,-7.8617],[111.8225,-7.8615],[111.8217,-7.8609],[111.8194,-7.8600],[111.8168,-7.8593],[111.8153,-7.8597],[111.8144,-7.8600],[111.8135,-7.8611],[111.8130,-7.8615],[111.8120,-7.8615],[111.8116,-7.8623],[111.8114,-7.8634],[111.8107,-7.8646],[111.8106,-7.8659],[111.8101,-7.8664],[111.8085,-7.8662],[111.8060,-7.8655],[111.8031,-7.8658],[111.8027,-7.8655],[111.8025,-7.8643],[111.8023,-7.8621],[111.8020,-7.8608],[111.8020,-7.8591],[111.8018,-7.8579],[111.8020,-7.8563],[111.8016,-7.8557],[111.8006,-7.8543],[111.8001,-7.8537],[111.7994,-7.8524],[111.7996,-7.8515],[111.7992,-7.8502],[111.7972,-7.8479],[111.7987,-7.8478],[111.8026,-7.8485],[111.8040,-7.8493],[111.8044,-7.8497],[111.8058,-7.8500],[111.8068,-7.8505],[111.8075,-7.8508],[111.8086,-7.8511],[111.8094,-7.8516],[111.8105,-7.8518],[111.8117,-7.8521],[111.8133,-7.8518],[111.8142,-7.8520],[111.8149,-7.8526],[111.8165,-7.8518],[111.8176,-7.8518],[111.8183,-7.8517],[111.8196,-7.8515],[111.8201,-7.8524],[111.8202,-7.8534],[111.8219,-7.8535],[111.8230,-7.8550],[111.8238,-7.8555],[111.8247,-7.8551],[111.8261,-7.8554],[111.8282,-7.8550],[111.8294,-7.8544],[111.8311,-7.8540],[111.8321,-7.8541],[111.8338,-7.8538],[111.8349,-7.8533],[111.8360,-7.8528],[111.8367,-7.8525],[111.8380,-7.8521],[111.8398,-7.8525],[111.8407,-7.8531],[111.8408,-7.8537],[111.8423,-7.8538],[111.8438,-7.8537],[111.8455,-7.8534],[111.8469,-7.8532],[111.8474,-7.8519],[111.8485,-7.8513],[111.8497,-7.8521],[111.8507,-7.8513],[111.8514,-7.8520],[111.8526,-7.8530],[111.8535,-7.8547],[111.8546,-7.8549],[111.8562,-7.8534],[111.8569,-7.8519],[111.8580,-7.8523],[111.8585,-7.8525],[111.8588,-7.8514],[111.8597,-7.8517],[111.8609,-7.8521],[111.8622,-7.8517],[111.8635,-7.8512],[111.8646,-7.8509],[111.8654,-7.8501],[111.8669,-7.8494],[111.8684,-7.8500],[111.8699,-7.8504],[111.8713,-7.8499],[111.8720,-7.8504],[111.8732,-7.8501],[111.8736,-7.8492],[111.8744,-7.8490],[111.8750,-7.8496],[111.8748,-7.8504],[111.8750,-7.8514],[111.8763,-7.8515],[111.8772,-7.8519],[111.8770,-7.8528],[111.87717970000006,-7.852918]]],[[[111.92482240000004,-7.909757199999945],[111.9256,-7.9102],[111.9282,-7.9116],[111.9338,-7.9139],[111.9463,-7.9187],[111.9474,-7.9188],[111.9482,-7.9193],[111.9497,-7.9194],[111.9501,-7.9201],[111.9495,-7.9225],[111.9491,-7.9245],[111.9481,-7.9275],[111.9468,-7.9287],[111.9457,-7.9295],[111.9453,-7.9307],[111.9459,-7.9327],[111.9450,-7.9340],[111.9444,-7.9340],[111.9407,-7.9328],[111.9396,-7.9324],[111.9391,-7.9321],[111.9388,-7.9312],[111.9372,-7.9306],[111.9352,-7.9335],[111.9337,-7.9337],[111.9334,-7.9333],[111.9324,-7.9333],[111.9318,-7.9326],[111.9311,-7.9327],[111.9303,-7.9329],[111.9297,-7.9332],[111.9289,-7.9332],[111.9276,-7.9333],[111.9267,-7.9333],[111.9258,-7.9329],[111.9253,-7.9332],[111.9246,-7.9324],[111.9239,-7.9321],[111.9237,-7.9314],[111.9231,-7.9311],[111.9232,-7.9304],[111.9224,-7.9298],[111.9218,-7.9289],[111.9208,-7.9287],[111.9193,-7.9288],[111.9183,-7.9291],[111.9172,-7.9286],[111.9166,-7.9285],[111.9163,-7.9281],[111.9160,-7.9279],[111.9154,-7.9274],[111.9151,-7.9267],[111.9146,-7.9266],[111.9146,-7.9263],[111.9142,-7.9267],[111.9136,-7.9262],[111.9130,-7.9259],[111.9131,-7.9255],[111.9125,-7.9253],[111.9115,-7.9245],[111.9110,-7.9239],[111.9107,-7.9237],[111.9100,-7.9237],[111.9092,-7.9234],[111.9086,-7.9227],[111.9078,-7.9229],[111.9068,-7.9218],[111.9061,-7.9218],[111.9057,-7.9215],[111.9059,-7.9209],[111.9061,-7.9207],[111.9062,-7.9204],[111.9059,-7.9194],[111.9050,-7.9187],[111.9048,-7.9183],[111.9044,-7.9181],[111.9039,-7.9174],[111.9033,-7.9169],[111.9036,-7.9164],[111.9040,-7.9154],[111.9046,-7.9144],[111.9056,-7.9120],[111.9079,-7.9102],[111.9085,-7.9083],[111.9111,-7.9063],[111.9145,-7.9050],[111.9155,-7.9055],[111.9165,-7.9056],[111.9170,-7.9059],[111.9176,-7.9066],[111.9199,-7.9072],[111.9219,-7.9079],[111.9224,-7.9084],[111.9241,-7.9094],[111.9245,-7.9097],[111.92482240000004,-7.909757199999945]]],[[[111.94813970000007,-7.859208],[111.9501,-7.8598],[111.9517,-7.8595],[111.9533,-7.8597],[111.9544,-7.8600],[111.9550,-7.8604],[111.9558,-7.8613],[111.9573,-7.8614],[111.9584,-7.8618],[111.9602,-7.8617],[111.9609,-7.8616],[111.9616,-7.8617],[111.9622,-7.8617],[111.9632,-7.8615],[111.9643,-7.8611],[111.9656,-7.8599],[111.9673,-7.8583],[111.9701,-7.8586],[111.9728,-7.8595],[111.9750,-7.8602],[111.9761,-7.8607],[111.9756,-7.8622],[111.9750,-7.8631],[111.9746,-7.8641],[111.9742,-7.8648],[111.9767,-7.8662],[111.9767,-7.8671],[111.9764,-7.8679],[111.9749,-7.8674],[111.9727,-7.8669],[111.9714,-7.8676],[111.9705,-7.8687],[111.9702,-7.8696],[111.9691,-7.8702],[111.9686,-7.8715],[111.9682,-7.8728],[111.9675,-7.8736],[111.9664,-7.8726],[111.9657,-7.8714],[111.9626,-7.8701],[111.9609,-7.8697],[111.9597,-7.8703],[111.9585,-7.8710],[111.9575,-7.8719],[111.9589,-7.8746],[111.9601,-7.8755],[111.9607,-7.8768],[111.9610,-7.8771],[111.9598,-7.8772],[111.9583,-7.8766],[111.9561,-7.8759],[111.9549,-7.8759],[111.9536,-7.8757],[111.9525,-7.8756],[111.9509,-7.8762],[111.9495,-7.8758],[111.9482,-7.8753],[111.9466,-7.8750],[111.9462,-7.8750],[111.9457,-7.8752],[111.9444,-7.8758],[111.9427,-7.8758],[111.9409,-7.8757],[111.9387,-7.8761],[111.9364,-7.8763],[111.9345,-7.8769],[111.9307,-7.8784],[111.9292,-7.8792],[111.9282,-7.8787],[111.9270,-7.8782],[111.9256,-7.8776],[111.9243,-7.8765],[111.9234,-7.8752],[111.9216,-7.8747],[111.9211,-7.8746],[111.9200,-7.8739],[111.9190,-7.8737],[111.9174,-7.8736],[111.9174,-7.8728],[111.9169,-7.8710],[111.9149,-7.8703],[111.9132,-7.8705],[111.9124,-7.8699],[111.9112,-7.8698],[111.9088,-7.8696],[111.9072,-7.8690],[111.9051,-7.8686],[111.9038,-7.8688],[111.9016,-7.8680],[111.9005,-7.8681],[111.8997,-7.8679],[111.8990,-7.8677],[111.8976,-7.8674],[111.8971,-7.8684],[111.8963,-7.8676],[111.8960,-7.8669],[111.8953,-7.8662],[111.8945,-7.8659],[111.8935,-7.8657],[111.8926,-7.8647],[111.8909,-7.8638],[111.8899,-7.8623],[111.8892,-7.8616],[111.8877,-7.8611],[111.8864,-7.8607],[111.8854,-7.8605],[111.8836,-7.8599],[111.8826,-7.8587],[111.8829,-7.8579],[111.8845,-7.8581],[111.8857,-7.8584],[111.8874,-7.8593],[111.8883,-7.8592],[111.8894,-7.8595],[111.8912,-7.8596],[111.8927,-7.8605],[111.8942,-7.8607],[111.8958,-7.8605],[111.8981,-7.8600],[111.9007,-7.8593],[111.9015,-7.8595],[111.9041,-7.8598],[111.9050,-7.8600],[111.9064,-7.8605],[111.9102,-7.8606],[111.9129,-7.8600],[111.9158,-7.8605],[111.9181,-7.8607],[111.9208,-7.8612],[111.9224,-7.8612],[111.9241,-7.8609],[111.9278,-7.8616],[111.9306,-7.8629],[111.9328,-7.8624],[111.9341,-7.8615],[111.9353,-7.8606],[111.9378,-7.8590],[111.9395,-7.8595],[111.9407,-7.8600],[111.9426,-7.8608],[111.9451,-7.8600],[111.9464,-7.8594],[111.94813970000007,-7.859208]]],[[[111.94734140000008,-7.946002799999974],[111.9469,-7.9465],[111.9451,-7.9503],[111.9439,-7.9527],[111.9430,-7.9544],[111.9370,-7.9564],[111.9366,-7.9556],[111.9361,-7.9544],[111.9358,-7.9541],[111.9352,-7.9535],[111.9324,-7.9525],[111.9315,-7.9518],[111.9319,-7.9500],[111.9319,-7.9493],[111.9318,-7.9488],[111.9325,-7.9465],[111.9321,-7.9459],[111.9309,-7.9458],[111.9304,-7.9455],[111.9294,-7.9449],[111.9280,-7.9444],[111.9270,-7.9435],[111.9259,-7.9429],[111.9240,-7.9421],[111.9240,-7.9415],[111.9242,-7.9403],[111.9240,-7.9396],[111.9237,-7.9391],[111.9232,-7.9383],[111.9239,-7.9370],[111.9242,-7.9375],[111.9249,-7.9375],[111.9258,-7.9386],[111.9267,-7.9391],[111.9278,-7.9382],[111.9286,-7.9383],[111.9288,-7.9381],[111.9306,-7.9384],[111.9308,-7.9389],[111.9309,-7.9396],[111.9318,-7.9404],[111.9321,-7.9407],[111.9322,-7.9413],[111.9327,-7.9420],[111.9334,-7.9424],[111.9340,-7.9426],[111.9351,-7.9426],[111.9360,-7.9431],[111.9367,-7.9432],[111.9371,-7.9432],[111.9379,-7.9433],[111.9390,-7.9430],[111.9397,-7.9426],[111.9397,-7.9433],[111.9409,-7.9438],[111.9419,-7.9437],[111.9438,-7.9444],[111.9453,-7.9451],[111.9461,-7.9453],[111.9468,-7.9458],[111.94734140000008,-7.946002799999974]]],[[[111.93706970000005,-7.888838],[111.9381,-7.8893],[111.9387,-7.8901],[111.9393,-7.8909],[111.9395,-7.8912],[111.9403,-7.8915],[111.9421,-7.8940],[111.9428,-7.8948],[111.9434,-7.8954],[111.9439,-7.8960],[111.9444,-7.8967],[111.9451,-7.8980],[111.9456,-7.8987],[111.9463,-7.8993],[111.9474,-7.9007],[111.9475,-7.9016],[111.9481,-7.9020],[111.9489,-7.9021],[111.9491,-7.9026],[111.9495,-7.9031],[111.9498,-7.9040],[111.9492,-7.9045],[111.9494,-7.9050],[111.9503,-7.9062],[111.9509,-7.9067],[111.9517,-7.9071],[111.9522,-7.9074],[111.9527,-7.9082],[111.9535,-7.9087],[111.9541,-7.9090],[111.9549,-7.9101],[111.9553,-7.9105],[111.9548,-7.9114],[111.9542,-7.9125],[111.9535,-7.9133],[111.9531,-7.9142],[111.9527,-7.9149],[111.9521,-7.9149],[111.9510,-7.9148],[111.9494,-7.9142],[111.9480,-7.9135],[111.9466,-7.9143],[111.9463,-7.9162],[111.9466,-7.9176],[111.9466,-7.9186],[111.9399,-7.9163],[111.9286,-7.9119],[111.9260,-7.9106],[111.9248,-7.9098],[111.9258,-7.9044],[111.9279,-7.9005],[111.9315,-7.8918],[111.9323,-7.8872],[111.9333,-7.8880],[111.9341,-7.8883],[111.9349,-7.8889],[111.9355,-7.8891],[111.9362,-7.8894],[111.93706970000005,-7.888838]]],[[[111.94578970000003,-7.934228],[111.9463,-7.9347],[111.9476,-7.9351],[111.9477,-7.9355],[111.9497,-7.9365],[111.9506,-7.9371],[111.9509,-7.9374],[111.9521,-7.9378],[111.9528,-7.9371],[111.9553,-7.9376],[111.9553,-7.9399],[111.9549,-7.9416],[111.9533,-7.9429],[111.9513,-7.9435],[111.9474,-7.9459],[111.9469,-7.9458],[111.9463,-7.9455],[111.9454,-7.9450],[111.9443,-7.9446],[111.9427,-7.9440],[111.9412,-7.9438],[111.9398,-7.9434],[111.9398,-7.9427],[111.9393,-7.9425],[111.9385,-7.9433],[111.9372,-7.9433],[111.9368,-7.9431],[111.9362,-7.9434],[111.9352,-7.9426],[111.9341,-7.9427],[111.9335,-7.9424],[111.9329,-7.9420],[111.9325,-7.9416],[111.9320,-7.9410],[111.9321,-7.9405],[111.9311,-7.9399],[111.9307,-7.9391],[111.9308,-7.9385],[111.9290,-7.9381],[111.9287,-7.9382],[111.9279,-7.9382],[111.9269,-7.9389],[111.9258,-7.9387],[111.9251,-7.9377],[111.9243,-7.9375],[111.9241,-7.9371],[111.9229,-7.9370],[111.9224,-7.9366],[111.9218,-7.9357],[111.9213,-7.9352],[111.9206,-7.9355],[111.9194,-7.9353],[111.9188,-7.9348],[111.9173,-7.9346],[111.9166,-7.9341],[111.9164,-7.9332],[111.9158,-7.9323],[111.9152,-7.9320],[111.9154,-7.9315],[111.9163,-7.9308],[111.9168,-7.9303],[111.9178,-7.9297],[111.9183,-7.9291],[111.9193,-7.9288],[111.9208,-7.9287],[111.9218,-7.9289],[111.9224,-7.9298],[111.9232,-7.9304],[111.9231,-7.9311],[111.9237,-7.9314],[111.9239,-7.9321],[111.9246,-7.9324],[111.9253,-7.9332],[111.9258,-7.9329],[111.9267,-7.9333],[111.9276,-7.9333],[111.9289,-7.9332],[111.9297,-7.9332],[111.9303,-7.9329],[111.9311,-7.9327],[111.9318,-7.9326],[111.9324,-7.9333],[111.9334,-7.9333],[111.9337,-7.9337],[111.9352,-7.9335],[111.9372,-7.9306],[111.9388,-7.9312],[111.9391,-7.9321],[111.9396,-7.9324],[111.9407,-7.9328],[111.9444,-7.9340],[111.9450,-7.9340],[111.94578970000003,-7.934228]]],[[[111.97266230000008,-7.889025499999946],[111.9729,-7.8909],[111.9742,-7.8950],[111.9745,-7.8961],[111.9742,-7.8982],[111.9719,-7.9003],[111.9701,-7.9007],[111.9666,-7.9025],[111.9663,-7.9029],[111.9652,-7.9022],[111.9642,-7.9009],[111.9632,-7.9004],[111.9632,-7.8994],[111.9638,-7.8981],[111.9644,-7.8969],[111.9648,-7.8959],[111.9650,-7.8956],[111.9656,-7.8942],[111.9661,-7.8934],[111.9665,-7.8929],[111.9672,-7.8916],[111.9680,-7.8902],[111.9684,-7.8899],[111.9704,-7.8904],[111.9708,-7.8899],[111.9715,-7.8889],[111.9718,-7.8896],[111.9726,-7.8890],[111.97266230000008,-7.889025499999946]]],[[[111.96824970000006,-7.889828],[111.9679,-7.8904],[111.9670,-7.8919],[111.9664,-7.8929],[111.9661,-7.8934],[111.9653,-7.8949],[111.9649,-7.8957],[111.9647,-7.8962],[111.9641,-7.8974],[111.9636,-7.8986],[111.9627,-7.9001],[111.9617,-7.9009],[111.9591,-7.9002],[111.9568,-7.8973],[111.9537,-7.8942],[111.9499,-7.8914],[111.9475,-7.8895],[111.9449,-7.8888],[111.9443,-7.8882],[111.9426,-7.8876],[111.9411,-7.8873],[111.9388,-7.8843],[111.9405,-7.8846],[111.9416,-7.8848],[111.9462,-7.8853],[111.9486,-7.8844],[111.9512,-7.8842],[111.9529,-7.8852],[111.9534,-7.8858],[111.9540,-7.8859],[111.9548,-7.8863],[111.9547,-7.8872],[111.9551,-7.8872],[111.9560,-7.8870],[111.9565,-7.8877],[111.9570,-7.8875],[111.9577,-7.8872],[111.9586,-7.8869],[111.9589,-7.8870],[111.9597,-7.8863],[111.9602,-7.8864],[111.9617,-7.8868],[111.9621,-7.8873],[111.9627,-7.8867],[111.9632,-7.8873],[111.9640,-7.8875],[111.9646,-7.8879],[111.9651,-7.8884],[111.9657,-7.8888],[111.9665,-7.8892],[111.9677,-7.8894],[111.96824970000006,-7.889828]]],[[[111.96707970000006,-7.855658],[111.9696,-7.8566],[111.9715,-7.8574],[111.9729,-7.8575],[111.9732,-7.8583],[111.9744,-7.8591],[111.9752,-7.8594],[111.9767,-7.8600],[111.9784,-7.8611],[111.9802,-7.8622],[111.9815,-7.8624],[111.9823,-7.8614],[111.9837,-7.8617],[111.9847,-7.8622],[111.9876,-7.8633],[111.9890,-7.8644],[111.9887,-7.8648],[111.9843,-7.8667],[111.9804,-7.8689],[111.9798,-7.8716],[111.9790,-7.8712],[111.9782,-7.8704],[111.9779,-7.8700],[111.9779,-7.8691],[111.9770,-7.8686],[111.9765,-7.8675],[111.9768,-7.8665],[111.9751,-7.8655],[111.9742,-7.8647],[111.9749,-7.8634],[111.9752,-7.8625],[111.9761,-7.8609],[111.9760,-7.8607],[111.9745,-7.8600],[111.9715,-7.8592],[111.9684,-7.8583],[111.9664,-7.8591],[111.9651,-7.8603],[111.9638,-7.8614],[111.9627,-7.8616],[111.9618,-7.8616],[111.9615,-7.8619],[111.9605,-7.8617],[111.9598,-7.8616],[111.9579,-7.8617],[111.9567,-7.8615],[111.9552,-7.8608],[111.9549,-7.8601],[111.9538,-7.8597],[111.9523,-7.8597],[111.9510,-7.8597],[111.9496,-7.8597],[111.9486,-7.8589],[111.9489,-7.8576],[111.9492,-7.8557],[111.9508,-7.8553],[111.9518,-7.8558],[111.9529,-7.8559],[111.9539,-7.8563],[111.9546,-7.8567],[111.9547,-7.8557],[111.9548,-7.8543],[111.9552,-7.8539],[111.9567,-7.8541],[111.9583,-7.8537],[111.9619,-7.8541],[111.9644,-7.8545],[111.96707970000006,-7.855658]]],[[[111.92386970000007,-7.942018],[111.9256,-7.9428],[111.9269,-7.9433],[111.9276,-7.9442],[111.9293,-7.9449],[111.9304,-7.9454],[111.9309,-7.9458],[111.9315,-7.9457],[111.9326,-7.9462],[111.9321,-7.9478],[111.9319,-7.9492],[111.9320,-7.9498],[111.9310,-7.9514],[111.9321,-7.9523],[111.9351,-7.9535],[111.9357,-7.9540],[111.9359,-7.9543],[111.9366,-7.9551],[111.9370,-7.9564],[111.9358,-7.9565],[111.9326,-7.9596],[111.9314,-7.9619],[111.9304,-7.9625],[111.9289,-7.9622],[111.9275,-7.9611],[111.9268,-7.9612],[111.9258,-7.9606],[111.9250,-7.9597],[111.9240,-7.9589],[111.9240,-7.9584],[111.9234,-7.9580],[111.9231,-7.9573],[111.9231,-7.9570],[111.9222,-7.9571],[111.9217,-7.9568],[111.9206,-7.9566],[111.9196,-7.9568],[111.9178,-7.9566],[111.9176,-7.9568],[111.9169,-7.9565],[111.9161,-7.9556],[111.9159,-7.9543],[111.9151,-7.9534],[111.9149,-7.9530],[111.9151,-7.9521],[111.9157,-7.9509],[111.9158,-7.9492],[111.9157,-7.9472],[111.9168,-7.9461],[111.9184,-7.9455],[111.9188,-7.9446],[111.9190,-7.9426],[111.9194,-7.9418],[111.9222,-7.9412],[111.92386970000007,-7.942018]]],[[[111.89278970000004,-7.922778],[111.8939,-7.9241],[111.8944,-7.9249],[111.8953,-7.9254],[111.8958,-7.9257],[111.8964,-7.9261],[111.8966,-7.9268],[111.8976,-7.9276],[111.8984,-7.9288],[111.8992,-7.9297],[111.8998,-7.9304],[111.9009,-7.9316],[111.9014,-7.9325],[111.9020,-7.9331],[111.9040,-7.9341],[111.9067,-7.9363],[111.9074,-7.9371],[111.9085,-7.9383],[111.9095,-7.9390],[111.9102,-7.9392],[111.9110,-7.9396],[111.9119,-7.9398],[111.9129,-7.9399],[111.9134,-7.9400],[111.9141,-7.9408],[111.9146,-7.9410],[111.9154,-7.9426],[111.9157,-7.9436],[111.9165,-7.9443],[111.9178,-7.9451],[111.9175,-7.9460],[111.9159,-7.9467],[111.9159,-7.9487],[111.9157,-7.9506],[111.9154,-7.9515],[111.9150,-7.9528],[111.9149,-7.9533],[111.9157,-7.9541],[111.9161,-7.9554],[111.9164,-7.9561],[111.9175,-7.9568],[111.9176,-7.9568],[111.9175,-7.9578],[111.9173,-7.9583],[111.9181,-7.9594],[111.9182,-7.9601],[111.9172,-7.9603],[111.9173,-7.9608],[111.9173,-7.9612],[111.9160,-7.9605],[111.9153,-7.9603],[111.9141,-7.9595],[111.9131,-7.9587],[111.9125,-7.9587],[111.9115,-7.9586],[111.9108,-7.9590],[111.9106,-7.9589],[111.9110,-7.9581],[111.9110,-7.9572],[111.9100,-7.9561],[111.9094,-7.9571],[111.9083,-7.9576],[111.9075,-7.9577],[111.9067,-7.9573],[111.9068,-7.9570],[111.9070,-7.9562],[111.9066,-7.9565],[111.9061,-7.9565],[111.9051,-7.9568],[111.9046,-7.9572],[111.9040,-7.9564],[111.9030,-7.9568],[111.9020,-7.9568],[111.9009,-7.9563],[111.9006,-7.9562],[111.9015,-7.9555],[111.9010,-7.9550],[111.9005,-7.9551],[111.9004,-7.9548],[111.8993,-7.9545],[111.8989,-7.9543],[111.8990,-7.9539],[111.8981,-7.9532],[111.8971,-7.9531],[111.8966,-7.9527],[111.8962,-7.9522],[111.8956,-7.9531],[111.8951,-7.9530],[111.8953,-7.9526],[111.8952,-7.9524],[111.8941,-7.9522],[111.8938,-7.9525],[111.8948,-7.9533],[111.8948,-7.9535],[111.8935,-7.9531],[111.8922,-7.9525],[111.8913,-7.9525],[111.8895,-7.9511],[111.8884,-7.9502],[111.8876,-7.9496],[111.8868,-7.9487],[111.8849,-7.9477],[111.8844,-7.9482],[111.8836,-7.9477],[111.8829,-7.9472],[111.8825,-7.9464],[111.8827,-7.9459],[111.8819,-7.9452],[111.8820,-7.9440],[111.8817,-7.9436],[111.8804,-7.9431],[111.8799,-7.9422],[111.8799,-7.9409],[111.8796,-7.9391],[111.8788,-7.9386],[111.8785,-7.9384],[111.8786,-7.9373],[111.8783,-7.9371],[111.8787,-7.9367],[111.8787,-7.9353],[111.8787,-7.9348],[111.8785,-7.9339],[111.8783,-7.9330],[111.8778,-7.9322],[111.8768,-7.9304],[111.875,-7.9287],[111.8743,-7.9276],[111.8737,-7.9263],[111.8731,-7.9254],[111.8730,-7.9253],[111.8731,-7.9246],[111.8737,-7.9230],[111.8747,-7.9224],[111.8766,-7.9206],[111.8787,-7.9203],[111.8791,-7.9213],[111.8804,-7.9220],[111.8820,-7.9208],[111.8827,-7.9219],[111.8835,-7.9229],[111.8842,-7.9233],[111.8861,-7.9232],[111.8868,-7.9229],[111.8873,-7.9231],[111.8880,-7.9238],[111.8907,-7.9250],[111.89278970000004,-7.922778]]],[[[111.91401970000004,-7.904908],[111.9094,-7.9074],[111.9082,-7.9091],[111.9061,-7.9117],[111.9053,-7.9124],[111.9041,-7.9152],[111.9039,-7.9158],[111.9033,-7.9167],[111.9027,-7.9165],[111.9028,-7.9160],[111.9023,-7.9158],[111.9018,-7.9156],[111.9013,-7.9149],[111.9009,-7.9145],[111.9004,-7.9144],[111.8997,-7.9129],[111.8991,-7.9120],[111.8983,-7.9117],[111.8978,-7.9110],[111.8971,-7.9106],[111.8965,-7.9102],[111.8962,-7.9098],[111.8954,-7.9092],[111.8948,-7.9090],[111.8943,-7.9092],[111.8938,-7.9094],[111.8936,-7.9086],[111.8933,-7.9082],[111.8926,-7.9078],[111.8916,-7.9067],[111.8911,-7.9064],[111.8909,-7.9061],[111.8903,-7.9060],[111.8903,-7.9051],[111.8897,-7.9045],[111.8885,-7.9039],[111.8877,-7.9030],[111.8870,-7.9023],[111.8863,-7.9027],[111.8858,-7.9023],[111.8851,-7.9016],[111.8843,-7.9014],[111.8841,-7.9004],[111.8837,-7.8998],[111.8824,-7.8989],[111.8819,-7.8984],[111.8809,-7.8981],[111.8799,-7.8973],[111.8789,-7.8966],[111.8778,-7.8957],[111.8766,-7.8947],[111.8753,-7.8938],[111.8747,-7.8937],[111.8737,-7.8933],[111.8733,-7.8932],[111.8728,-7.8927],[111.8725,-7.8922],[111.8699,-7.8913],[111.8692,-7.8907],[111.8689,-7.8899],[111.8683,-7.8899],[111.8671,-7.8902],[111.8662,-7.8898],[111.8652,-7.8898],[111.8642,-7.8891],[111.8637,-7.8888],[111.8636,-7.8894],[111.8638,-7.8908],[111.8641,-7.8913],[111.8651,-7.8926],[111.8653,-7.8933],[111.8643,-7.8933],[111.8631,-7.8939],[111.8628,-7.8941],[111.8625,-7.8932],[111.8621,-7.8927],[111.8608,-7.8915],[111.8601,-7.8914],[111.8587,-7.8911],[111.8576,-7.8913],[111.8581,-7.8905],[111.8581,-7.8899],[111.8566,-7.8898],[111.8558,-7.8904],[111.8550,-7.8904],[111.8552,-7.8894],[111.8545,-7.8894],[111.8536,-7.8895],[111.8541,-7.8888],[111.8541,-7.8882],[111.8529,-7.8886],[111.8522,-7.8878],[111.8515,-7.8873],[111.8511,-7.8869],[111.8499,-7.8867],[111.8496,-7.8857],[111.8489,-7.8860],[111.8479,-7.8860],[111.8469,-7.8860],[111.8467,-7.8854],[111.8460,-7.8853],[111.8452,-7.8850],[111.8451,-7.8845],[111.8442,-7.8846],[111.8432,-7.8843],[111.8429,-7.8835],[111.8421,-7.8834],[111.8420,-7.8828],[111.8414,-7.8819],[111.8409,-7.8824],[111.8404,-7.8818],[111.8391,-7.8814],[111.8386,-7.8810],[111.8374,-7.8798],[111.8373,-7.8791],[111.8419,-7.8783],[111.8446,-7.8781],[111.8476,-7.8773],[111.8511,-7.8774],[111.8523,-7.8776],[111.8531,-7.8780],[111.8544,-7.8785],[111.8554,-7.8792],[111.8569,-7.8803],[111.8582,-7.8808],[111.8596,-7.8820],[111.8603,-7.8828],[111.8615,-7.8841],[111.8627,-7.8849],[111.8635,-7.8848],[111.8643,-7.8841],[111.8661,-7.8840],[111.8669,-7.8842],[111.8674,-7.8836],[111.8687,-7.8835],[111.8691,-7.8832],[111.8700,-7.8828],[111.8701,-7.8824],[111.8713,-7.8830],[111.8715,-7.8840],[111.8719,-7.8845],[111.8736,-7.8848],[111.8742,-7.8850],[111.8748,-7.8856],[111.8753,-7.8860],[111.8763,-7.8847],[111.8768,-7.8842],[111.8767,-7.8837],[111.8782,-7.8838],[111.8788,-7.8840],[111.8790,-7.8845],[111.8800,-7.8843],[111.8796,-7.8854],[111.8797,-7.8867],[111.8794,-7.8876],[111.8803,-7.8871],[111.8808,-7.8876],[111.8804,-7.8881],[111.8809,-7.8887],[111.8820,-7.8892],[111.8829,-7.8892],[111.8835,-7.8893],[111.8837,-7.8901],[111.8836,-7.8910],[111.8842,-7.8911],[111.8849,-7.8910],[111.8849,-7.8906],[111.8859,-7.8904],[111.8866,-7.8911],[111.8872,-7.8912],[111.8880,-7.8910],[111.8886,-7.8907],[111.8897,-7.8908],[111.8912,-7.8920],[111.8927,-7.8933],[111.8936,-7.8952],[111.8939,-7.8963],[111.8941,-7.8972],[111.8954,-7.8993],[111.8962,-7.8995],[111.8972,-7.8992],[111.8977,-7.8994],[111.8991,-7.9001],[111.9005,-7.9008],[111.9013,-7.9007],[111.9024,-7.9013],[111.9039,-7.9021],[111.9052,-7.9024],[111.9065,-7.9030],[111.9073,-7.9034],[111.9079,-7.9035],[111.9088,-7.9039],[111.9095,-7.9044],[111.9105,-7.9044],[111.9113,-7.9045],[111.9123,-7.9046],[111.9128,-7.9047],[111.9135,-7.9048],[111.91401970000004,-7.904908]]],[[[111.98926970000008,-7.852548],[111.9925,-7.8532],[111.9944,-7.8538],[111.9937,-7.8572],[111.9926,-7.8601],[111.9918,-7.8609],[111.9898,-7.8633],[111.9888,-7.8639],[111.9861,-7.8627],[111.9841,-7.8620],[111.9831,-7.8614],[111.9819,-7.8618],[111.9810,-7.8625],[111.9793,-7.8618],[111.9778,-7.8607],[111.9762,-7.8597],[111.9747,-7.8593],[111.9738,-7.8586],[111.9733,-7.8576],[111.9719,-7.8575],[111.9706,-7.8571],[111.9683,-7.8564],[111.9673,-7.8549],[111.9695,-7.8545],[111.9719,-7.8550],[111.9748,-7.8556],[111.9779,-7.8561],[111.9787,-7.8546],[111.9787,-7.8536],[111.9795,-7.8534],[111.9826,-7.8538],[111.9844,-7.8530],[111.9859,-7.8518],[111.9877,-7.8521],[111.9886,-7.8524],[111.98926970000008,-7.852548]]],[[[111.83733970000009,-7.879118],[111.8374,-7.8798],[111.8386,-7.8810],[111.8391,-7.8814],[111.8404,-7.8818],[111.8409,-7.8824],[111.8414,-7.8819],[111.8420,-7.8828],[111.8421,-7.8834],[111.8429,-7.8835],[111.8432,-7.8843],[111.8442,-7.8846],[111.8451,-7.8845],[111.8452,-7.8850],[111.8460,-7.8853],[111.8467,-7.8854],[111.8469,-7.8860],[111.8479,-7.8860],[111.8489,-7.8860],[111.8496,-7.8857],[111.8499,-7.8867],[111.8511,-7.8869],[111.8515,-7.8873],[111.8522,-7.8878],[111.8529,-7.8886],[111.8541,-7.8882],[111.8541,-7.8888],[111.8536,-7.8895],[111.8545,-7.8894],[111.8552,-7.8894],[111.8550,-7.8904],[111.8558,-7.8904],[111.8566,-7.8898],[111.8581,-7.8899],[111.8581,-7.8905],[111.8576,-7.8913],[111.8587,-7.8911],[111.8601,-7.8914],[111.8608,-7.8915],[111.8621,-7.8927],[111.8625,-7.8932],[111.8628,-7.8941],[111.8631,-7.8939],[111.8643,-7.8933],[111.8653,-7.8933],[111.8651,-7.8926],[111.8641,-7.8913],[111.8638,-7.8908],[111.8636,-7.8894],[111.8637,-7.8888],[111.8642,-7.8891],[111.8652,-7.8898],[111.8662,-7.8898],[111.8671,-7.8902],[111.8683,-7.8899],[111.8689,-7.8899],[111.8692,-7.8907],[111.8699,-7.8913],[111.8725,-7.8922],[111.8728,-7.8927],[111.8733,-7.8932],[111.8737,-7.8933],[111.8747,-7.8937],[111.8753,-7.8938],[111.8766,-7.8947],[111.8778,-7.8957],[111.8789,-7.8966],[111.8799,-7.8973],[111.8809,-7.8981],[111.8819,-7.8984],[111.8824,-7.8989],[111.8837,-7.8998],[111.8841,-7.9004],[111.8843,-7.9014],[111.8851,-7.9016],[111.8858,-7.9023],[111.8863,-7.9027],[111.8870,-7.9023],[111.8877,-7.9030],[111.8885,-7.9039],[111.8897,-7.9045],[111.8903,-7.9051],[111.8903,-7.9060],[111.8909,-7.9061],[111.8911,-7.9064],[111.8916,-7.9067],[111.8926,-7.9078],[111.8917,-7.9103],[111.8906,-7.9129],[111.8913,-7.9147],[111.8921,-7.9149],[111.8934,-7.9169],[111.8940,-7.9191],[111.8938,-7.9196],[111.8932,-7.9200],[111.8933,-7.9204],[111.8939,-7.9207],[111.8929,-7.9216],[111.8928,-7.9226],[111.8917,-7.9242],[111.8886,-7.9241],[111.8876,-7.9234],[111.8869,-7.9230],[111.8866,-7.9229],[111.8851,-7.9235],[111.8838,-7.9230],[111.8831,-7.9227],[111.8825,-7.9215],[111.8815,-7.9216],[111.8797,-7.9220],[111.8790,-7.9209],[111.8774,-7.9201],[111.8753,-7.9218],[111.8743,-7.9226],[111.8727,-7.9237],[111.8724,-7.9232],[111.8717,-7.9231],[111.8709,-7.9216],[111.8705,-7.9214],[111.8701,-7.9198],[111.8697,-7.9192],[111.8697,-7.9187],[111.8691,-7.9182],[111.8691,-7.9178],[111.8681,-7.9169],[111.8671,-7.9158],[111.8659,-7.9147],[111.8660,-7.9142],[111.8652,-7.9134],[111.8651,-7.9132],[111.8649,-7.9126],[111.8642,-7.9121],[111.8636,-7.9114],[111.8627,-7.9100],[111.8625,-7.9094],[111.8632,-7.9081],[111.8630,-7.9077],[111.8619,-7.9075],[111.8611,-7.9075],[111.8604,-7.9063],[111.8596,-7.9061],[111.8590,-7.9053],[111.8585,-7.9048],[111.8579,-7.9048],[111.8570,-7.9045],[111.8553,-7.9042],[111.8548,-7.9034],[111.8541,-7.9032],[111.8534,-7.9022],[111.8526,-7.9020],[111.8522,-7.9011],[111.8514,-7.9010],[111.8504,-7.8998],[111.8495,-7.8989],[111.8490,-7.8975],[111.8484,-7.8967],[111.8475,-7.8957],[111.8472,-7.8954],[111.8441,-7.8910],[111.8400,-7.8878],[111.8369,-7.8830],[111.8319,-7.8787],[111.8366,-7.8790],[111.83733970000009,-7.879118]]],[[[111.96103360000006,-7.91256919999995],[111.9626,-7.9147],[111.9615,-7.9180],[111.9610,-7.9205],[111.9606,-7.9243],[111.9595,-7.9265],[111.9567,-7.9292],[111.9551,-7.9312],[111.9544,-7.9331],[111.9551,-7.9369],[111.9551,-7.9376],[111.9527,-7.9371],[111.9517,-7.9377],[111.9508,-7.9373],[111.9504,-7.9370],[111.9497,-7.9364],[111.9476,-7.9355],[111.9470,-7.9350],[111.9461,-7.9346],[111.9460,-7.9335],[111.9454,-7.9321],[111.9456,-7.9301],[111.9461,-7.9288],[111.9475,-7.9284],[111.9485,-7.9263],[111.9493,-7.9231],[111.9498,-7.9212],[111.9499,-7.9197],[111.9486,-7.9192],[111.9478,-7.9193],[111.9469,-7.9185],[111.9465,-7.9174],[111.9463,-7.9158],[111.9471,-7.9140],[111.9483,-7.9136],[111.9500,-7.9146],[111.9518,-7.9148],[111.9521,-7.9149],[111.9528,-7.9149],[111.9540,-7.9149],[111.9544,-7.9153],[111.9576,-7.9162],[111.9589,-7.9135],[111.9599,-7.9124],[111.96103360000006,-7.91256919999995]]],[[[111.90321970000008,-7.916758],[111.9035,-7.9172],[111.9043,-7.9179],[111.9048,-7.9182],[111.9048,-7.9186],[111.9057,-7.9193],[111.9060,-7.9202],[111.9062,-7.9207],[111.9058,-7.9208],[111.9057,-7.9214],[111.9060,-7.9218],[111.9067,-7.9217],[111.9076,-7.9228],[111.9083,-7.9227],[111.9088,-7.9232],[111.9099,-7.9237],[111.9105,-7.9239],[111.9110,-7.9238],[111.9113,-7.9243],[111.9122,-7.9252],[111.9129,-7.9255],[111.9129,-7.9258],[111.9133,-7.9261],[111.9141,-7.9265],[111.9145,-7.9264],[111.9147,-7.9264],[111.9149,-7.9267],[111.9153,-7.9274],[111.9159,-7.9277],[111.9162,-7.9281],[111.9166,-7.9282],[111.9171,-7.9285],[111.9179,-7.9296],[111.9172,-7.9300],[111.9163,-7.9308],[111.9154,-7.9314],[111.9153,-7.9318],[111.9156,-7.9322],[111.9163,-7.9329],[111.9165,-7.9338],[111.9170,-7.9346],[111.9185,-7.9346],[111.9193,-7.9353],[111.9202,-7.9352],[111.9210,-7.9353],[111.9216,-7.9353],[111.9223,-7.9363],[111.9229,-7.9367],[111.9232,-7.9383],[111.9237,-7.9391],[111.9240,-7.9396],[111.9242,-7.9403],[111.9240,-7.9415],[111.9234,-7.9420],[111.9214,-7.9411],[111.9192,-7.9420],[111.9188,-7.9431],[111.9188,-7.9447],[111.9183,-7.9456],[111.9173,-7.9446],[111.9162,-7.9441],[111.9153,-7.9430],[111.9151,-7.9416],[111.9143,-7.9409],[111.9139,-7.9404],[111.9132,-7.9399],[111.9122,-7.9399],[111.9114,-7.9395],[111.9105,-7.9394],[111.9099,-7.9392],[111.9089,-7.9385],[111.9082,-7.9379],[111.9068,-7.9364],[111.9048,-7.9346],[111.9030,-7.9336],[111.9017,-7.9329],[111.9012,-7.9320],[111.9002,-7.9307],[111.8995,-7.9299],[111.8990,-7.9293],[111.8982,-7.9282],[111.8971,-7.9273],[111.8965,-7.9263],[111.8960,-7.9258],[111.8957,-7.9257],[111.8947,-7.9252],[111.8942,-7.9244],[111.8932,-7.9233],[111.8928,-7.9226],[111.8929,-7.9216],[111.8939,-7.9207],[111.8933,-7.9204],[111.8932,-7.9200],[111.8938,-7.9196],[111.8940,-7.9191],[111.8934,-7.9169],[111.8921,-7.9149],[111.8913,-7.9147],[111.8906,-7.9129],[111.8917,-7.9103],[111.8926,-7.9078],[111.8933,-7.9082],[111.8936,-7.9086],[111.8938,-7.9094],[111.8943,-7.9092],[111.8948,-7.9090],[111.8954,-7.9092],[111.8962,-7.9098],[111.8965,-7.9102],[111.8971,-7.9106],[111.8978,-7.9110],[111.8983,-7.9117],[111.8991,-7.9120],[111.8997,-7.9129],[111.9004,-7.9144],[111.9009,-7.9145],[111.9013,-7.9149],[111.9018,-7.9156],[111.9023,-7.9158],[111.9028,-7.9160],[111.9027,-7.9165],[111.90321970000008,-7.916758]]],[[[111.97643970000007,-7.867948],[111.9773,-7.8688],[111.9780,-7.8693],[111.9781,-7.8703],[111.9787,-7.8708],[111.9798,-7.8716],[111.9786,-7.8732],[111.9776,-7.8741],[111.9748,-7.8757],[111.9738,-7.8797],[111.9741,-7.8831],[111.9741,-7.8852],[111.9734,-7.8870],[111.9727,-7.8890],[111.9720,-7.8896],[111.9717,-7.8891],[111.9712,-7.8891],[111.9707,-7.8901],[111.9691,-7.8899],[111.9683,-7.8897],[111.9690,-7.8894],[111.9704,-7.8885],[111.9715,-7.8884],[111.9721,-7.8874],[111.9712,-7.8869],[111.9705,-7.8865],[111.9691,-7.8865],[111.9694,-7.8847],[111.9701,-7.8821],[111.9693,-7.8810],[111.9685,-7.8800],[111.9679,-7.8801],[111.9671,-7.8801],[111.9661,-7.8803],[111.9653,-7.8798],[111.9647,-7.8796],[111.9637,-7.8788],[111.9625,-7.8781],[111.9615,-7.8778],[111.9615,-7.8771],[111.9607,-7.8768],[111.9601,-7.8755],[111.9589,-7.8746],[111.9575,-7.8719],[111.9585,-7.8710],[111.9597,-7.8703],[111.9609,-7.8697],[111.9626,-7.8701],[111.9657,-7.8714],[111.9664,-7.8726],[111.9675,-7.8736],[111.9682,-7.8728],[111.9686,-7.8715],[111.9691,-7.8702],[111.9702,-7.8696],[111.9705,-7.8687],[111.9714,-7.8676],[111.9727,-7.8669],[111.9749,-7.8674],[111.97643970000007,-7.867948]]],[[[111.96105970000008,-7.877028],[111.9614,-7.8777],[111.9623,-7.8780],[111.9633,-7.8785],[111.9646,-7.8793],[111.9650,-7.8798],[111.9658,-7.8801],[111.9666,-7.8801],[111.9678,-7.8801],[111.9685,-7.8800],[111.9692,-7.8808],[111.9700,-7.8816],[111.9694,-7.8846],[111.9687,-7.8865],[111.9704,-7.8865],[111.9709,-7.8867],[111.9718,-7.8872],[111.9716,-7.8883],[111.9707,-7.8881],[111.9694,-7.8894],[111.9683,-7.8896],[111.9678,-7.8895],[111.9668,-7.8895],[111.9658,-7.8888],[111.9654,-7.8885],[111.9647,-7.8880],[111.9641,-7.8877],[111.9634,-7.8873],[111.9628,-7.8869],[111.9622,-7.8872],[111.9618,-7.8871],[111.9603,-7.8865],[111.9598,-7.8862],[111.9591,-7.8870],[111.9587,-7.8869],[111.9579,-7.8871],[111.9574,-7.8873],[111.9566,-7.8876],[111.9561,-7.8871],[111.9553,-7.8871],[111.9548,-7.8873],[111.9548,-7.8865],[111.9542,-7.8860],[111.9536,-7.8857],[111.9530,-7.8854],[111.9516,-7.8844],[111.9493,-7.8841],[111.9464,-7.8853],[111.9417,-7.8848],[111.9407,-7.8847],[111.9396,-7.8845],[111.9368,-7.8833],[111.9345,-7.8821],[111.9343,-7.8808],[111.9329,-7.8802],[111.9316,-7.8801],[111.9303,-7.8794],[111.9299,-7.8788],[111.9339,-7.8772],[111.9360,-7.8765],[111.9381,-7.8761],[111.9406,-7.8758],[111.9417,-7.8757],[111.9439,-7.8758],[111.9455,-7.8755],[111.9461,-7.8750],[111.9464,-7.8750],[111.9478,-7.8753],[111.9492,-7.8757],[111.9507,-7.8761],[111.9520,-7.8759],[111.9531,-7.8756],[111.9546,-7.8759],[111.9559,-7.8758],[111.9574,-7.8764],[111.9598,-7.8771],[111.9607,-7.8772],[111.96105970000008,-7.877028]]],[[[111.96270970000006,-7.900088],[111.9634,-7.9005],[111.9649,-7.9012],[111.9656,-7.9024],[111.9656,-7.9036],[111.9644,-7.9049],[111.9628,-7.9068],[111.9615,-7.9088],[111.9610,-7.9106],[111.9610,-7.9126],[111.9599,-7.9124],[111.9589,-7.9135],[111.9576,-7.9162],[111.9544,-7.9153],[111.9540,-7.9149],[111.9532,-7.9140],[111.9536,-7.9130],[111.9545,-7.9123],[111.9549,-7.9112],[111.9554,-7.9103],[111.9546,-7.9098],[111.9540,-7.9089],[111.9533,-7.9084],[111.9526,-7.9081],[111.9522,-7.9074],[111.9515,-7.9071],[111.9507,-7.9064],[111.9501,-7.9061],[111.9492,-7.9049],[111.9496,-7.9043],[111.9496,-7.9037],[111.9495,-7.9030],[111.9492,-7.9023],[111.9487,-7.9021],[111.9480,-7.9020],[111.9475,-7.9013],[111.9471,-7.9003],[111.9460,-7.8990],[111.9457,-7.8984],[111.9450,-7.8979],[111.9444,-7.8964],[111.9438,-7.8959],[111.9433,-7.8952],[111.9423,-7.8947],[111.9420,-7.8939],[111.9401,-7.8913],[111.9395,-7.8911],[111.9390,-7.8907],[111.9386,-7.8899],[111.9379,-7.8892],[111.9371,-7.8888],[111.9371,-7.8879],[111.9373,-7.8872],[111.9390,-7.8879],[111.9396,-7.8883],[111.9404,-7.8890],[111.9406,-7.8896],[111.9411,-7.8899],[111.9407,-7.8882],[111.9409,-7.8872],[111.9424,-7.8875],[111.9438,-7.8880],[111.9448,-7.8888],[111.9473,-7.8894],[111.9496,-7.8910],[111.9525,-7.8935],[111.9567,-7.8971],[111.9585,-7.8995],[111.9607,-7.9004],[111.9624,-7.8999],[111.96270970000006,-7.900088]]]],"type":"MultiPolygon"}},{"properties":{"district":"Semen","district_code":"id3506020","regency":"Kediri"},"type":"Feature","geometry":{"coordinates":[[[[111.97774970000006,-7.835898],[111.9792,-7.8363],[111.9796,-7.8357],[111.9801,-7.8359],[111.9817,-7.8366],[111.9825,-7.8369],[111.9834,-7.8374],[111.9842,-7.8376],[111.9844,-7.8381],[111.9856,-7.8386],[111.9858,-7.8389],[111.9856,-7.8408],[111.9847,-7.8415],[111.9829,-7.8416],[111.9804,-7.8411],[111.9780,-7.8407],[111.9772,-7.8405],[111.9748,-7.8401],[111.9729,-7.8400],[111.9718,-7.8401],[111.9715,-7.8407],[111.9704,-7.8417],[111.9691,-7.8435],[111.9679,-7.8438],[111.9666,-7.8435],[111.9640,-7.8432],[111.9633,-7.8418],[111.9638,-7.8394],[111.9643,-7.8381],[111.9646,-7.8370],[111.9645,-7.8362],[111.9631,-7.8353],[111.9619,-7.8336],[111.9627,-7.8335],[111.9633,-7.8338],[111.9643,-7.8345],[111.9659,-7.8339],[111.9662,-7.8340],[111.9674,-7.8346],[111.9686,-7.8337],[111.9728,-7.8344],[111.9731,-7.8353],[111.9734,-7.8357],[111.9738,-7.8362],[111.9747,-7.8359],[111.9762,-7.8358],[111.9772,-7.8359],[111.97774970000006,-7.835898]]],[[[112.00360870000009,-7.842511199999933],[112.0042,-7.8465],[111.9996,-7.8530],[111.9973,-7.8527],[111.9959,-7.8520],[111.9958,-7.8519],[111.9944,-7.8538],[111.9921,-7.8532],[111.9894,-7.8521],[111.9897,-7.8510],[111.9900,-7.8495],[111.9901,-7.8486],[111.9889,-7.8485],[111.9889,-7.8474],[111.9897,-7.8452],[111.9903,-7.8448],[111.9912,-7.8448],[111.9919,-7.8424],[111.9923,-7.8411],[111.9986,-7.8410],[112.00360870000009,-7.842511199999933]]],[[[111.90713970000007,-7.811288],[111.9071,-7.8128],[111.9073,-7.8150],[111.9074,-7.8164],[111.9076,-7.8181],[111.9080,-7.8195],[111.9083,-7.8210],[111.9086,-7.8216],[111.9097,-7.8217],[111.9116,-7.8220],[111.9118,-7.8225],[111.9120,-7.8234],[111.9120,-7.8242],[111.9119,-7.8251],[111.9110,-7.8256],[111.9100,-7.8261],[111.9106,-7.8271],[111.9103,-7.8277],[111.9089,-7.8272],[111.9073,-7.8281],[111.9053,-7.8289],[111.9036,-7.8292],[111.9027,-7.8292],[111.9018,-7.8297],[111.9013,-7.8293],[111.9002,-7.8297],[111.8992,-7.8294],[111.8986,-7.8293],[111.8982,-7.8305],[111.8979,-7.8315],[111.8964,-7.8314],[111.8956,-7.8319],[111.8946,-7.8306],[111.8938,-7.8300],[111.8934,-7.8304],[111.8930,-7.8308],[111.8916,-7.8303],[111.8902,-7.8300],[111.8892,-7.8300],[111.8894,-7.8308],[111.8886,-7.8312],[111.8887,-7.8326],[111.8892,-7.8334],[111.8886,-7.8334],[111.8874,-7.8340],[111.8872,-7.8348],[111.8868,-7.8353],[111.8862,-7.8357],[111.8852,-7.8356],[111.8837,-7.8359],[111.8830,-7.8367],[111.8824,-7.8366],[111.8823,-7.8355],[111.8809,-7.8347],[111.8802,-7.8347],[111.8804,-7.8355],[111.8812,-7.8362],[111.8803,-7.8370],[111.8798,-7.8377],[111.8792,-7.8379],[111.8785,-7.8378],[111.8776,-7.8376],[111.8769,-7.8387],[111.8765,-7.8393],[111.8761,-7.8397],[111.8745,-7.8394],[111.8662,-7.8373],[111.8630,-7.8370],[111.8600,-7.8359],[111.8592,-7.8354],[111.8585,-7.8351],[111.8575,-7.8350],[111.8568,-7.8350],[111.8515,-7.8358],[111.8494,-7.8370],[111.8482,-7.8368],[111.8472,-7.8361],[111.8473,-7.8353],[111.8467,-7.8352],[111.8459,-7.8352],[111.8454,-7.8355],[111.8447,-7.8349],[111.8441,-7.8348],[111.8420,-7.8347],[111.8399,-7.8343],[111.8379,-7.8341],[111.8369,-7.8334],[111.8378,-7.8329],[111.8376,-7.8317],[111.8369,-7.8313],[111.8351,-7.8303],[111.8347,-7.8309],[111.8334,-7.8312],[111.8318,-7.8316],[111.8299,-7.8313],[111.8286,-7.8315],[111.8278,-7.8332],[111.8272,-7.8343],[111.8253,-7.8367],[111.8245,-7.8380],[111.8224,-7.8393],[111.8213,-7.8402],[111.8203,-7.8411],[111.8193,-7.8421],[111.8167,-7.8423],[111.8153,-7.8414],[111.8146,-7.8402],[111.8136,-7.8397],[111.8118,-7.8397],[111.8104,-7.8393],[111.8096,-7.8395],[111.8092,-7.8397],[111.8088,-7.8399],[111.8083,-7.8400],[111.8066,-7.8391],[111.8054,-7.8387],[111.8042,-7.8377],[111.8036,-7.8372],[111.8027,-7.8362],[111.8021,-7.8360],[111.8009,-7.8353],[111.8015,-7.8346],[111.8018,-7.8340],[111.8022,-7.8332],[111.8025,-7.8324],[111.8029,-7.8313],[111.8037,-7.8302],[111.8040,-7.8294],[111.8050,-7.8283],[111.8069,-7.8266],[111.8100,-7.8258],[111.8112,-7.8248],[111.8127,-7.8230],[111.8133,-7.8226],[111.8147,-7.8217],[111.8153,-7.8215],[111.8159,-7.8217],[111.8165,-7.8217],[111.8173,-7.8217],[111.8182,-7.8214],[111.8189,-7.8212],[111.8198,-7.8206],[111.8200,-7.8206],[111.8204,-7.8206],[111.8207,-7.8204],[111.8214,-7.8202],[111.8220,-7.8199],[111.8227,-7.8197],[111.8235,-7.8194],[111.8244,-7.8188],[111.8250,-7.8183],[111.8333,-7.8182],[111.8349,-7.8185],[111.8360,-7.8188],[111.8368,-7.8190],[111.8385,-7.8188],[111.8403,-7.8190],[111.8420,-7.8190],[111.8434,-7.8194],[111.8442,-7.8188],[111.8452,-7.8183],[111.8458,-7.8183],[111.8469,-7.8188],[111.8485,-7.8186],[111.8495,-7.8193],[111.8498,-7.8201],[111.8496,-7.8205],[111.8492,-7.8210],[111.8499,-7.8214],[111.8511,-7.8210],[111.8517,-7.8215],[111.8520,-7.8207],[111.8533,-7.8200],[111.8546,-7.8201],[111.8556,-7.8207],[111.8566,-7.8217],[111.8579,-7.8222],[111.8614,-7.8219],[111.8626,-7.8216],[111.8642,-7.8210],[111.8662,-7.8209],[111.8688,-7.8217],[111.8707,-7.8222],[111.8720,-7.8224],[111.8735,-7.8227],[111.8747,-7.8230],[111.8758,-7.8226],[111.8762,-7.8222],[111.8770,-7.8209],[111.8779,-7.8199],[111.8786,-7.8194],[111.8800,-7.8186],[111.8812,-7.8177],[111.8825,-7.8178],[111.8830,-7.8173],[111.8839,-7.8166],[111.8836,-7.8156],[111.8842,-7.8157],[111.8852,-7.8157],[111.8864,-7.8149],[111.8873,-7.8142],[111.8892,-7.8142],[111.8910,-7.8150],[111.8922,-7.8141],[111.8929,-7.8147],[111.8934,-7.8145],[111.8933,-7.8136],[111.8935,-7.8129],[111.8946,-7.8132],[111.8951,-7.8139],[111.8962,-7.8137],[111.8959,-7.8129],[111.8966,-7.8121],[111.8970,-7.8127],[111.8977,-7.8135],[111.8996,-7.8130],[111.9015,-7.8115],[111.9040,-7.8112],[111.9050,-7.8115],[111.9055,-7.8114],[111.9061,-7.8105],[111.9070,-7.8111],[111.90713970000007,-7.811288]]],[[[111.93088970000008,-7.832578],[111.9311,-7.8335],[111.9313,-7.8352],[111.9313,-7.8362],[111.9315,-7.8384],[111.9316,-7.8393],[111.9318,-7.8405],[111.9319,-7.8421],[111.9315,-7.8423],[111.9307,-7.8432],[111.9292,-7.8435],[111.9272,-7.8435],[111.9255,-7.8442],[111.9241,-7.8447],[111.9224,-7.8453],[111.9204,-7.8453],[111.9186,-7.8462],[111.9164,-7.8481],[111.9146,-7.8502],[111.9139,-7.8516],[111.9129,-7.8529],[111.9120,-7.8539],[111.9107,-7.8536],[111.9090,-7.8525],[111.9071,-7.8517],[111.9063,-7.8522],[111.9043,-7.8525],[111.9030,-7.8510],[111.9022,-7.8513],[111.9029,-7.8530],[111.9023,-7.8537],[111.9017,-7.8539],[111.9011,-7.8544],[111.9001,-7.8533],[111.8989,-7.8535],[111.8979,-7.8537],[111.8984,-7.8523],[111.8983,-7.8513],[111.8968,-7.8513],[111.8963,-7.8502],[111.8951,-7.8501],[111.8950,-7.8511],[111.8946,-7.8516],[111.8938,-7.8514],[111.8934,-7.8524],[111.8929,-7.8526],[111.8926,-7.8520],[111.8923,-7.8510],[111.8908,-7.8503],[111.8894,-7.8512],[111.8885,-7.8527],[111.8880,-7.8527],[111.8870,-7.8513],[111.8862,-7.8518],[111.8856,-7.8513],[111.8850,-7.8510],[111.8840,-7.8516],[111.8832,-7.8509],[111.8828,-7.8496],[111.8818,-7.8502],[111.8817,-7.8512],[111.8806,-7.8511],[111.8798,-7.8511],[111.8792,-7.8511],[111.8786,-7.8516],[111.8785,-7.8527],[111.8775,-7.8531],[111.8770,-7.8525],[111.8768,-7.8516],[111.8751,-7.8516],[111.8748,-7.8510],[111.8749,-7.8500],[111.8748,-7.8492],[111.8739,-7.8489],[111.8734,-7.8496],[111.8728,-7.8502],[111.8717,-7.8502],[111.8706,-7.8498],[111.8693,-7.8503],[111.8681,-7.8497],[111.8662,-7.8496],[111.8650,-7.8505],[111.8638,-7.8510],[111.8627,-7.8514],[111.8617,-7.8521],[111.8601,-7.8520],[111.8592,-7.8513],[111.8587,-7.8515],[111.8583,-7.8526],[111.8571,-7.8518],[111.8568,-7.8524],[111.8551,-7.8547],[111.8539,-7.8549],[111.8531,-7.8542],[111.8522,-7.8526],[111.8511,-7.8516],[111.8502,-7.8514],[111.8494,-7.8520],[111.8479,-7.8515],[111.8471,-7.8527],[111.8465,-7.8533],[111.8441,-7.8536],[111.8434,-7.8538],[111.8417,-7.8538],[111.8407,-7.8535],[111.8404,-7.8526],[111.8390,-7.8523],[111.8370,-7.8526],[111.8363,-7.8524],[111.8358,-7.8530],[111.8342,-7.8537],[111.8329,-7.8541],[111.8314,-7.8540],[111.8301,-7.8543],[111.8288,-7.8548],[111.8272,-7.8553],[111.8256,-7.8554],[111.8242,-7.8552],[111.8234,-7.8554],[111.8223,-7.8538],[111.8210,-7.8535],[111.8201,-7.8531],[111.8200,-7.8517],[111.8188,-7.8515],[111.8181,-7.8519],[111.8169,-7.8516],[111.8158,-7.8523],[111.8145,-7.8524],[111.8138,-7.8516],[111.8124,-7.8523],[111.8111,-7.8519],[111.8101,-7.8518],[111.8091,-7.8513],[111.8081,-7.8509],[111.8069,-7.8507],[111.8065,-7.8502],[111.8049,-7.8498],[111.8042,-7.8496],[111.8036,-7.8490],[111.8009,-7.8480],[111.7972,-7.8479],[111.7973,-7.8468],[111.7971,-7.8458],[111.7970,-7.8448],[111.7970,-7.8427],[111.7976,-7.8413],[111.7983,-7.8400],[111.7991,-7.8385],[111.7993,-7.8369],[111.8003,-7.8359],[111.8006,-7.8356],[111.8023,-7.8360],[111.8034,-7.8370],[111.8039,-7.8375],[111.8047,-7.8381],[111.8061,-7.8389],[111.8079,-7.8398],[111.8085,-7.8400],[111.8090,-7.8397],[111.8094,-7.8396],[111.8098,-7.8394],[111.8109,-7.8393],[111.8127,-7.8397],[111.8141,-7.8399],[111.8151,-7.8409],[111.8159,-7.8420],[111.8184,-7.8423],[111.8199,-7.8417],[111.8210,-7.8405],[111.8214,-7.8397],[111.8236,-7.8387],[111.8251,-7.8376],[111.8258,-7.8362],[111.8273,-7.8338],[111.8285,-7.8323],[111.8291,-7.8313],[111.8309,-7.8316],[111.8329,-7.8312],[111.8341,-7.8313],[111.8350,-7.8305],[111.8361,-7.8309],[111.8374,-7.8315],[111.8379,-7.8325],[111.8375,-7.8331],[111.8370,-7.8338],[111.8390,-7.8342],[111.8406,-7.8344],[111.8434,-7.8348],[111.8447,-7.8347],[111.8449,-7.8353],[111.8456,-7.8355],[111.8463,-7.8352],[111.8472,-7.8351],[111.8472,-7.8356],[111.8474,-7.8366],[111.8488,-7.8370],[111.8503,-7.8367],[111.8538,-7.8344],[111.8571,-7.8350],[111.8582,-7.8350],[111.8589,-7.8353],[111.8596,-7.8357],[111.8605,-7.8360],[111.8649,-7.8372],[111.8670,-7.8375],[111.8754,-7.8396],[111.8763,-7.8396],[111.8767,-7.8390],[111.8772,-7.8382],[111.8780,-7.8375],[111.8790,-7.8379],[111.8797,-7.8378],[111.8800,-7.8373],[111.8806,-7.8369],[111.8810,-7.8359],[111.8799,-7.8352],[111.8805,-7.8346],[111.8818,-7.8352],[111.8823,-7.8359],[111.8827,-7.8368],[111.8833,-7.8363],[111.8847,-7.8357],[111.8859,-7.8358],[111.8945,-7.8338],[111.8956,-7.8340],[111.8974,-7.8340],[111.8994,-7.8334],[111.9010,-7.8332],[111.9044,-7.8326],[111.9063,-7.8326],[111.9082,-7.8325],[111.9102,-7.8322],[111.9109,-7.8315],[111.9124,-7.8315],[111.9138,-7.8311],[111.9154,-7.8309],[111.9161,-7.8306],[111.9166,-7.8300],[111.9179,-7.8295],[111.9190,-7.8296],[111.9206,-7.8307],[111.9219,-7.8311],[111.9225,-7.8310],[111.9233,-7.8308],[111.9258,-7.8317],[111.9268,-7.8326],[111.9279,-7.8340],[111.9289,-7.8337],[111.9299,-7.8333],[111.93088970000008,-7.832578]]],[[[111.95444450000008,-7.810508399999947],[111.9546,-7.8137],[111.9553,-7.8159],[111.9554,-7.8162],[111.9555,-7.8165],[111.9558,-7.8170],[111.9563,-7.8177],[111.9578,-7.8193],[111.9572,-7.8207],[111.9577,-7.8209],[111.9580,-7.8225],[111.9596,-7.8232],[111.9617,-7.8235],[111.9628,-7.8233],[111.9642,-7.8240],[111.9657,-7.8241],[111.9685,-7.8241],[111.9685,-7.8257],[111.9686,-7.8286],[111.9686,-7.8303],[111.9653,-7.8307],[111.9634,-7.8303],[111.9627,-7.8308],[111.9616,-7.8303],[111.9603,-7.8303],[111.9598,-7.8305],[111.9591,-7.8337],[111.9584,-7.8332],[111.9574,-7.8335],[111.9569,-7.8332],[111.9555,-7.8327],[111.9544,-7.8326],[111.9535,-7.8331],[111.9530,-7.8332],[111.9523,-7.8331],[111.9520,-7.8330],[111.9513,-7.8330],[111.9507,-7.8329],[111.9500,-7.8330],[111.9494,-7.8329],[111.9482,-7.8327],[111.9474,-7.8326],[111.9463,-7.8328],[111.9460,-7.8329],[111.9454,-7.8331],[111.9443,-7.8335],[111.9437,-7.8343],[111.9403,-7.8337],[111.9383,-7.8330],[111.9408,-7.8290],[111.9422,-7.8259],[111.9420,-7.8256],[111.9418,-7.8253],[111.9416,-7.8248],[111.9411,-7.8240],[111.9395,-7.8217],[111.9397,-7.8208],[111.9403,-7.8199],[111.9415,-7.8191],[111.9418,-7.8177],[111.9421,-7.8165],[111.9417,-7.8154],[111.9404,-7.8144],[111.9402,-7.8118],[111.9412,-7.8100],[111.9438,-7.8101],[111.9467,-7.8101],[111.9492,-7.8103],[111.9527,-7.8104],[111.95444450000008,-7.810508399999947]]],[[[111.94019970000005,-7.809828],[111.9402,-7.8124],[111.9406,-7.8147],[111.9419,-7.8156],[111.9421,-7.8166],[111.9417,-7.8181],[111.9414,-7.8193],[111.9399,-7.8203],[111.9396,-7.8213],[111.9396,-7.8219],[111.9414,-7.8244],[111.9417,-7.8251],[111.9418,-7.8254],[111.9420,-7.8257],[111.9425,-7.8271],[111.9408,-7.8290],[111.9366,-7.8334],[111.9327,-7.8326],[111.9318,-7.8325],[111.9309,-7.8326],[111.9297,-7.8335],[111.9286,-7.8337],[111.9278,-7.8338],[111.9265,-7.8324],[111.9255,-7.8315],[111.9232,-7.8309],[111.9223,-7.8310],[111.9216,-7.8311],[111.9204,-7.8305],[111.9190,-7.8296],[111.9177,-7.8295],[111.9164,-7.8302],[111.9159,-7.8307],[111.9152,-7.8310],[111.9134,-7.8312],[111.9119,-7.8314],[111.9107,-7.8318],[111.9098,-7.8323],[111.9080,-7.8325],[111.9059,-7.8326],[111.9041,-7.8326],[111.9005,-7.8333],[111.8986,-7.8336],[111.8973,-7.8341],[111.8953,-7.8340],[111.8944,-7.8338],[111.8864,-7.8354],[111.8870,-7.8352],[111.8871,-7.8346],[111.8881,-7.8337],[111.8888,-7.8336],[111.8892,-7.8332],[111.8883,-7.8323],[111.8890,-7.8311],[111.8892,-7.8305],[111.8893,-7.8299],[111.8906,-7.8302],[111.8919,-7.8303],[111.8933,-7.8308],[111.8934,-7.8302],[111.8940,-7.8301],[111.8948,-7.8308],[111.8957,-7.8319],[111.8971,-7.8314],[111.8981,-7.8313],[111.8983,-7.8299],[111.8988,-7.8292],[111.8996,-7.8298],[111.9004,-7.8294],[111.9014,-7.8294],[111.9019,-7.8297],[111.9030,-7.8292],[111.9037,-7.8293],[111.9059,-7.8286],[111.9081,-7.8277],[111.9091,-7.8273],[111.9105,-7.8276],[111.9104,-7.8269],[111.9102,-7.8259],[111.9114,-7.8256],[111.9120,-7.8248],[111.9121,-7.8239],[111.9119,-7.8232],[111.9117,-7.8223],[111.9108,-7.8220],[111.9095,-7.8216],[111.9084,-7.8214],[111.9082,-7.8207],[111.9079,-7.8191],[111.9076,-7.8178],[111.9074,-7.8160],[111.9072,-7.8144],[111.9071,-7.8123],[111.9072,-7.8113],[111.9082,-7.8110],[111.9097,-7.8116],[111.9105,-7.8114],[111.9133,-7.8122],[111.9144,-7.8132],[111.9157,-7.8131],[111.9185,-7.8128],[111.9211,-7.8126],[111.9229,-7.8110],[111.9240,-7.8098],[111.9264,-7.8094],[111.9288,-7.8097],[111.9295,-7.8094],[111.9308,-7.8089],[111.9316,-7.8091],[111.9325,-7.8085],[111.9336,-7.8089],[111.9358,-7.8090],[111.9374,-7.8095],[111.9384,-7.8096],[111.94019970000005,-7.809828]]],[[[111.98287970000007,-7.841578],[111.9820,-7.8433],[111.9825,-7.8449],[111.9822,-7.8457],[111.9817,-7.8469],[111.9817,-7.8482],[111.9806,-7.8482],[111.9793,-7.8480],[111.9789,-7.8475],[111.9776,-7.8474],[111.9768,-7.8485],[111.9762,-7.8498],[111.9733,-7.8501],[111.9725,-7.8502],[111.9721,-7.8510],[111.9710,-7.8516],[111.9694,-7.8521],[111.9686,-7.8522],[111.9667,-7.8514],[111.9651,-7.8513],[111.9640,-7.8517],[111.9634,-7.8515],[111.9623,-7.8519],[111.9613,-7.8513],[111.9595,-7.8515],[111.9582,-7.8526],[111.9579,-7.8537],[111.9564,-7.8541],[111.9549,-7.8541],[111.9547,-7.8548],[111.9547,-7.8559],[111.9546,-7.8568],[111.9536,-7.8562],[111.9529,-7.8559],[111.9514,-7.8556],[111.9502,-7.8551],[111.9482,-7.8544],[111.9452,-7.8537],[111.9439,-7.8527],[111.9430,-7.8505],[111.9416,-7.8477],[111.9401,-7.8452],[111.9417,-7.8451],[111.9440,-7.8440],[111.9454,-7.8443],[111.9464,-7.8440],[111.9468,-7.8432],[111.9478,-7.8430],[111.9490,-7.8427],[111.9499,-7.8421],[111.9517,-7.8417],[111.9526,-7.8416],[111.9536,-7.8422],[111.9549,-7.8428],[111.9564,-7.8429],[111.9576,-7.8430],[111.9590,-7.8431],[111.9596,-7.8435],[111.9607,-7.8433],[111.9617,-7.8432],[111.9634,-7.8430],[111.9656,-7.8435],[111.9678,-7.8438],[111.9687,-7.8439],[111.9701,-7.8420],[111.9714,-7.8408],[111.9717,-7.8404],[111.9727,-7.8400],[111.9741,-7.8400],[111.9763,-7.8404],[111.9777,-7.8407],[111.9798,-7.8410],[111.9825,-7.8415],[111.98287970000007,-7.841578]]],[[[111.93788160000008,-7.833007499999951],[111.9395,-7.8327],[111.9435,-7.8342],[111.9442,-7.8338],[111.9453,-7.8330],[111.9457,-7.8329],[111.9462,-7.8328],[111.9471,-7.8327],[111.9479,-7.8329],[111.9494,-7.8328],[111.9499,-7.8330],[111.9505,-7.8329],[111.9512,-7.8330],[111.9517,-7.8331],[111.9522,-7.8331],[111.9530,-7.8332],[111.9532,-7.8332],[111.9542,-7.8326],[111.9555,-7.8327],[111.9565,-7.8332],[111.9574,-7.8335],[111.9581,-7.8333],[111.9590,-7.8336],[111.9597,-7.8338],[111.9601,-7.8340],[111.9602,-7.8356],[111.9601,-7.8363],[111.9608,-7.8371],[111.9598,-7.8376],[111.9640,-7.8389],[111.9633,-7.8417],[111.9623,-7.8429],[111.9613,-7.8434],[111.9600,-7.8434],[111.9593,-7.8431],[111.9583,-7.8432],[111.9571,-7.8430],[111.9552,-7.8428],[111.9539,-7.8427],[111.9534,-7.8419],[111.9523,-7.8416],[111.9513,-7.8417],[111.9493,-7.8425],[111.9487,-7.8430],[111.9472,-7.8430],[111.9465,-7.8437],[111.9461,-7.8444],[111.9446,-7.8441],[111.9427,-7.8447],[111.9410,-7.8451],[111.9395,-7.8448],[111.9387,-7.8444],[111.9371,-7.8437],[111.9350,-7.8429],[111.9332,-7.8423],[111.9319,-7.8422],[111.9318,-7.8409],[111.9317,-7.8397],[111.9315,-7.8386],[111.9314,-7.8367],[111.9313,-7.8358],[111.9312,-7.8339],[111.9309,-7.8327],[111.9315,-7.8324],[111.9327,-7.8326],[111.9356,-7.8335],[111.93788160000008,-7.833007499999951]]],[[[111.93997970000004,-7.845298],[111.9420,-7.8486],[111.9432,-7.8511],[111.9439,-7.8534],[111.9463,-7.8540],[111.9487,-7.8546],[111.9492,-7.8557],[111.9489,-7.8576],[111.9486,-7.8589],[111.9464,-7.8594],[111.9451,-7.8600],[111.9426,-7.8608],[111.9407,-7.8600],[111.9395,-7.8595],[111.9378,-7.8590],[111.9353,-7.8606],[111.9341,-7.8615],[111.9328,-7.8624],[111.9306,-7.8629],[111.9278,-7.8616],[111.9241,-7.8609],[111.9224,-7.8612],[111.9208,-7.8612],[111.9181,-7.8607],[111.9158,-7.8605],[111.9129,-7.8600],[111.9102,-7.8606],[111.9064,-7.8605],[111.9050,-7.8600],[111.9041,-7.8598],[111.9015,-7.8595],[111.9007,-7.8593],[111.8981,-7.8600],[111.8958,-7.8605],[111.8942,-7.8607],[111.8927,-7.8605],[111.8912,-7.8596],[111.8894,-7.8595],[111.8883,-7.8592],[111.8874,-7.8593],[111.8857,-7.8584],[111.8845,-7.8581],[111.8829,-7.8579],[111.8821,-7.8578],[111.8809,-7.8570],[111.8802,-7.8566],[111.8794,-7.8558],[111.8782,-7.8542],[111.8772,-7.8529],[111.8782,-7.8530],[111.8786,-7.8518],[111.8790,-7.8512],[111.8796,-7.8510],[111.8804,-7.8510],[111.8815,-7.8513],[111.8820,-7.8508],[111.8824,-7.8496],[111.8832,-7.8502],[111.8835,-7.8516],[111.8848,-7.8510],[111.8856,-7.8512],[111.8860,-7.8519],[111.8869,-7.8513],[111.8877,-7.8520],[111.8884,-7.8528],[111.8892,-7.8512],[111.8905,-7.8508],[111.8920,-7.8507],[111.8927,-7.8518],[111.8928,-7.8525],[111.8934,-7.8525],[111.8937,-7.8514],[111.8942,-7.8515],[111.8950,-7.8512],[111.8950,-7.8502],[111.8960,-7.8501],[111.8967,-7.8511],[111.8977,-7.8512],[111.8984,-7.8522],[111.8979,-7.8534],[111.8986,-7.8536],[111.8998,-7.8531],[111.9006,-7.8540],[111.9015,-7.8542],[111.9022,-7.8537],[111.9030,-7.8532],[111.9021,-7.8516],[111.9028,-7.8510],[111.9041,-7.8524],[111.9057,-7.8525],[111.9069,-7.8517],[111.9080,-7.8523],[111.9102,-7.8533],[111.9118,-7.8539],[111.9126,-7.8531],[111.9137,-7.8522],[111.9143,-7.8505],[111.9159,-7.8486],[111.9181,-7.8466],[111.9201,-7.8453],[111.9219,-7.8453],[111.9237,-7.8452],[111.9250,-7.8444],[111.9263,-7.8438],[111.9288,-7.8434],[111.9305,-7.8433],[111.9314,-7.8423],[111.9323,-7.8422],[111.9341,-7.8426],[111.9361,-7.8434],[111.9380,-7.8441],[111.9389,-7.8445],[111.93997970000004,-7.845298]]],[[[111.97334720000003,-7.824334199999953],[111.9752,-7.8245],[111.9788,-7.8257],[111.9806,-7.8266],[111.9821,-7.8274],[111.9850,-7.8273],[111.9848,-7.8338],[111.9846,-7.8359],[111.9840,-7.8376],[111.9833,-7.8372],[111.9823,-7.8370],[111.9808,-7.8363],[111.9800,-7.8358],[111.9794,-7.8358],[111.9789,-7.8363],[111.9778,-7.8354],[111.9782,-7.8335],[111.9779,-7.8326],[111.9771,-7.8322],[111.9746,-7.8322],[111.9716,-7.8320],[111.9688,-7.8315],[111.9686,-7.8303],[111.9686,-7.8286],[111.9685,-7.8257],[111.9693,-7.8241],[111.9726,-7.8243],[111.97334720000003,-7.824334199999953]]],[[[111.98896030000009,-7.839311099999975],[111.9923,-7.8411],[111.9919,-7.8424],[111.9912,-7.8448],[111.9903,-7.8448],[111.9897,-7.8452],[111.9889,-7.8474],[111.9889,-7.8485],[111.9901,-7.8486],[111.9900,-7.8495],[111.9897,-7.8510],[111.9894,-7.8521],[111.9882,-7.8522],[111.9865,-7.8518],[111.9851,-7.8524],[111.9838,-7.8534],[111.9807,-7.8538],[111.9787,-7.8531],[111.9788,-7.8545],[111.9785,-7.8553],[111.9761,-7.8559],[111.9738,-7.8554],[111.9710,-7.8548],[111.9676,-7.8540],[111.9671,-7.8557],[111.9644,-7.8545],[111.9619,-7.8541],[111.9583,-7.8537],[111.9582,-7.8524],[111.9598,-7.8514],[111.9616,-7.8514],[111.9626,-7.8520],[111.9636,-7.8515],[111.9644,-7.8517],[111.9657,-7.8512],[111.9670,-7.8515],[111.9687,-7.8522],[111.9698,-7.8518],[111.9713,-7.8516],[111.9722,-7.8508],[111.9726,-7.8502],[111.9747,-7.8502],[111.9764,-7.8494],[111.9769,-7.8481],[111.9778,-7.8474],[111.9790,-7.8476],[111.9795,-7.8481],[111.9809,-7.8483],[111.9818,-7.8476],[111.9817,-7.8469],[111.9823,-7.8454],[111.9826,-7.8447],[111.9819,-7.8433],[111.9832,-7.8409],[111.9852,-7.8417],[111.9854,-7.8402],[111.9858,-7.8387],[111.9863,-7.8389],[111.9868,-7.8394],[111.9872,-7.8395],[111.98896030000009,-7.839311099999975]]],[[[111.968658,-7.830491799999947],[111.9702,-7.8318],[111.9732,-7.8322],[111.9760,-7.8321],[111.9774,-7.8323],[111.9782,-7.8331],[111.9781,-7.8342],[111.9772,-7.8359],[111.9762,-7.8358],[111.9747,-7.8359],[111.9738,-7.8362],[111.9734,-7.8357],[111.9731,-7.8353],[111.9728,-7.8344],[111.9686,-7.8337],[111.9674,-7.8346],[111.9662,-7.8340],[111.9659,-7.8339],[111.9643,-7.8345],[111.9633,-7.8338],[111.9627,-7.8335],[111.9619,-7.8336],[111.9631,-7.8353],[111.9645,-7.8362],[111.9646,-7.8370],[111.9643,-7.8381],[111.9600,-7.8376],[111.9597,-7.8373],[111.9609,-7.8369],[111.9601,-7.8363],[111.9602,-7.8354],[111.9601,-7.8339],[111.9596,-7.8338],[111.9598,-7.8305],[111.9603,-7.8303],[111.9616,-7.8303],[111.9627,-7.8308],[111.9634,-7.8303],[111.9653,-7.8307],[111.968658,-7.830491799999947]]]],"type":"MultiPolygon"}},{"properties":{"district":"Ngadiluwih","district_code":"id3506030","regency":"Kediri"},"type":"Feature","geometry":{"coordinates":[[[[111.97866010000007,-7.873248399999966],[111.9797,-7.8737],[111.9818,-7.8742],[111.9833,-7.8746],[111.9855,-7.8751],[111.9878,-7.8763],[111.9894,-7.8791],[111.9898,-7.8827],[111.9876,-7.8844],[111.9856,-7.8841],[111.9853,-7.8850],[111.9847,-7.8866],[111.9841,-7.8868],[111.9809,-7.8857],[111.9795,-7.8860],[111.9792,-7.8875],[111.9789,-7.8878],[111.9781,-7.8875],[111.9746,-7.8868],[111.9736,-7.8865],[111.9741,-7.8844],[111.9740,-7.8821],[111.9739,-7.8770],[111.9753,-7.8751],[111.9776,-7.8740],[111.97866010000007,-7.873248399999966]]],[[[111.99658970000007,-7.870708],[111.9942,-7.8718],[111.9909,-7.8711],[111.9899,-7.8720],[111.9880,-7.8756],[111.9855,-7.8751],[111.9833,-7.8746],[111.9818,-7.8742],[111.9797,-7.8737],[111.9787,-7.8732],[111.9798,-7.8716],[111.9804,-7.8691],[111.9824,-7.8671],[111.9887,-7.8648],[111.9890,-7.8644],[111.9893,-7.8640],[111.9918,-7.8609],[111.9923,-7.8604],[111.9934,-7.8583],[111.9977,-7.8605],[111.9982,-7.8624],[111.9976,-7.8645],[111.9972,-7.8665],[111.9970,-7.8691],[111.99658970000007,-7.870708]]],[[[111.98241970000004,-7.901768],[111.9797,-7.9012],[111.9793,-7.9023],[111.9787,-7.9036],[111.9768,-7.9085],[111.9744,-7.9084],[111.9738,-7.9096],[111.9727,-7.9120],[111.9705,-7.9111],[111.9685,-7.9104],[111.9661,-7.9090],[111.9649,-7.9083],[111.9640,-7.9079],[111.9634,-7.9072],[111.9644,-7.9049],[111.9656,-7.9036],[111.9663,-7.9029],[111.9691,-7.9006],[111.9701,-7.9007],[111.9734,-7.8991],[111.9742,-7.8981],[111.9744,-7.8958],[111.9752,-7.8950],[111.9762,-7.8948],[111.9786,-7.8954],[111.9805,-7.8960],[111.9811,-7.8962],[111.9806,-7.8981],[111.9802,-7.8995],[111.9829,-7.9004],[111.98241970000004,-7.901768]]],[[[112.0167100000001,-7.861467],[112.0162,-7.8633],[112.0141,-7.8717],[112.0120,-7.8746],[112.0111,-7.8747],[112.0093,-7.8770],[112.0039,-7.8757],[112.0017,-7.8752],[112.0003,-7.8749],[112.0002,-7.8741],[112.0006,-7.8719],[112.0007,-7.8711],[112.0009,-7.8694],[112.0015,-7.8659],[112.0016,-7.8648],[112.0021,-7.8626],[112.0028,-7.8625],[112.0050,-7.8627],[112.0061,-7.8601],[112.0066,-7.8586],[112.0071,-7.8569],[112.0074,-7.8563],[112.0077,-7.8555],[112.0094,-7.8560],[112.0103,-7.8561],[112.0112,-7.8559],[112.0141,-7.8614],[112.0167100000001,-7.861467]]],[[[112.01490970000009,-7.883408],[112.0193,-7.8846],[112.0248,-7.8860],[112.0259,-7.8866],[112.0302,-7.8872],[112.0312,-7.8872],[112.0319,-7.8879],[112.0324,-7.8906],[112.0305,-7.8924],[112.0209,-7.8923],[112.0199,-7.8924],[112.0156,-7.8912],[112.0136,-7.8901],[112.0100,-7.8886],[112.0062,-7.8861],[112.0068,-7.8846],[112.0074,-7.8828],[112.0077,-7.8813],[112.0106,-7.8804],[112.0122,-7.8818],[112.0121,-7.8825],[112.0142,-7.8832],[112.01490970000009,-7.883408]]],[[[111.98241970000004,-7.901768],[111.9858,-7.9027],[111.9877,-7.9034],[111.9904,-7.9041],[111.9914,-7.9044],[111.9946,-7.9056],[111.9959,-7.9068],[111.9956,-7.9078],[111.9953,-7.9091],[111.9952,-7.9105],[111.9958,-7.9116],[111.9969,-7.9133],[111.9960,-7.9142],[111.9956,-7.9150],[111.9953,-7.9163],[111.9939,-7.9190],[111.9925,-7.9221],[111.9883,-7.9200],[111.9849,-7.9181],[111.9809,-7.9158],[111.9802,-7.9153],[111.9791,-7.9147],[111.9783,-7.9143],[111.9761,-7.9132],[111.9749,-7.9130],[111.9728,-7.9122],[111.9737,-7.9099],[111.9742,-7.9088],[111.9748,-7.9077],[111.9783,-7.9046],[111.9790,-7.9032],[111.9795,-7.9018],[111.9804,-7.9013],[111.98241970000004,-7.901768]]],[[[112.0277297,-7.898798],[112.0261,-7.9008],[112.0238,-7.9029],[112.0223,-7.9044],[112.0203,-7.9053],[112.0204,-7.9088],[112.0204,-7.9104],[112.0202,-7.9117],[112.0199,-7.9128],[112.0195,-7.9142],[112.0194,-7.9150],[112.0208,-7.9152],[112.0208,-7.9167],[112.0205,-7.9199],[112.0196,-7.9209],[112.0130,-7.9193],[112.0105,-7.9184],[112.0065,-7.9157],[112.0054,-7.9158],[112.0044,-7.9141],[112.0048,-7.9119],[112.0054,-7.9099],[112.0058,-7.9085],[112.0062,-7.9068],[112.0064,-7.9055],[112.0065,-7.9050],[112.0066,-7.9040],[112.0067,-7.9034],[112.0069,-7.9021],[112.0067,-7.9014],[112.0070,-7.8993],[112.0075,-7.8972],[112.0084,-7.8953],[112.0187,-7.8974],[112.0215,-7.8981],[112.0229,-7.8981],[112.0257,-7.8986],[112.0277297,-7.898798]]],[[[112.02211240000008,-7.868399599999975],[112.0218,-7.8697],[112.0215,-7.8710],[112.0187,-7.8715],[112.0180,-7.8743],[112.0177,-7.8757],[112.0168,-7.8779],[112.0154,-7.8824],[112.0130,-7.8828],[112.0121,-7.8825],[112.0124,-7.8814],[112.0080,-7.8797],[112.0082,-7.8783],[112.0105,-7.8766],[112.0116,-7.8748],[112.0121,-7.8743],[112.0157,-7.8656],[112.0162,-7.8632],[112.0172,-7.8615],[112.0209,-7.8676],[112.02211240000008,-7.868399599999975]]],[[[111.98939970000004,-7.885128],[111.9899,-7.8866],[111.9907,-7.8871],[111.9919,-7.8879],[111.9939,-7.8887],[111.9950,-7.8903],[111.9936,-7.8929],[111.9930,-7.8941],[111.9917,-7.8963],[111.9910,-7.8975],[111.9905,-7.8985],[111.9894,-7.9004],[111.9891,-7.9009],[111.9881,-7.9027],[111.9871,-7.9032],[111.9846,-7.9024],[111.9823,-7.9002],[111.9803,-7.8991],[111.9808,-7.8972],[111.9811,-7.8961],[111.9804,-7.8959],[111.9780,-7.8952],[111.9760,-7.8948],[111.9751,-7.8950],[111.9735,-7.8928],[111.9729,-7.8909],[111.9727,-7.8890],[111.9736,-7.8865],[111.9746,-7.8868],[111.9765,-7.8871],[111.9788,-7.8878],[111.9792,-7.8876],[111.9793,-7.8869],[111.9797,-7.8854],[111.9839,-7.8867],[111.9846,-7.8869],[111.9852,-7.8852],[111.9856,-7.8841],[111.9868,-7.8841],[111.98939970000004,-7.885128]]],[[[112.00818970000012,-7.895198],[112.0074,-7.8973],[112.0068,-7.9007],[112.0067,-7.9016],[112.0068,-7.9028],[112.0066,-7.9037],[112.0065,-7.9044],[112.0065,-7.9050],[112.0064,-7.9058],[112.0061,-7.9073],[112.0058,-7.9088],[112.0054,-7.9100],[112.0048,-7.9121],[112.0043,-7.9154],[112.0036,-7.9154],[112.0019,-7.9156],[112.0003,-7.9151],[111.9983,-7.9152],[111.9970,-7.9147],[111.9958,-7.9144],[111.9965,-7.9137],[111.9967,-7.9127],[111.9960,-7.9108],[111.9954,-7.9096],[111.9954,-7.9083],[111.9956,-7.9076],[111.9961,-7.9061],[111.9923,-7.9048],[111.9907,-7.9042],[111.9900,-7.9040],[111.9881,-7.9027],[111.9891,-7.9009],[111.9894,-7.9004],[111.9905,-7.8985],[111.9910,-7.8975],[111.9917,-7.8963],[111.9930,-7.8941],[111.9936,-7.8929],[111.9950,-7.8903],[111.9955,-7.8904],[111.9970,-7.8912],[111.9996,-7.8921],[112.0022,-7.8930],[112.0025,-7.8946],[112.0040,-7.8952],[112.0052,-7.8957],[112.00818970000012,-7.895198]]],[[[112.00058970000009,-7.871898],[112.0002,-7.8741],[112.0003,-7.8749],[112.0017,-7.8752],[112.0039,-7.8757],[112.0082,-7.8776],[112.0081,-7.8792],[112.0077,-7.8813],[112.0074,-7.8828],[112.0068,-7.8846],[112.0062,-7.8861],[112.0022,-7.8855],[111.9994,-7.8843],[111.9980,-7.8849],[111.9973,-7.8863],[111.9958,-7.8890],[111.9939,-7.8887],[111.9916,-7.8877],[111.9906,-7.8870],[111.9897,-7.8866],[111.9897,-7.8835],[111.9897,-7.8796],[111.9883,-7.8774],[111.9884,-7.8754],[111.9901,-7.8716],[111.9913,-7.8711],[111.9951,-7.8720],[111.9980,-7.8712],[111.9991,-7.8715],[112.00058970000009,-7.871898]]],[[[112.00597970000001,-7.886198],[112.0120,-7.8896],[112.0153,-7.8903],[112.0170,-7.8917],[112.0201,-7.8924],[112.0223,-7.8925],[112.0291,-7.8946],[112.0283,-7.8970],[112.0267,-7.8987],[112.0231,-7.8980],[112.0216,-7.8979],[112.0207,-7.8978],[112.0149,-7.8967],[112.0052,-7.8957],[112.0040,-7.8952],[112.0025,-7.8946],[112.0022,-7.8930],[111.9996,-7.8921],[111.9970,-7.8912],[111.9955,-7.8904],[111.9954,-7.8896],[111.9971,-7.8865],[111.9977,-7.8854],[111.9993,-7.8842],[112.0017,-7.8853],[112.00597970000001,-7.886198]]],[[[111.962859,-7.90683139999993],[111.9638,-7.9078],[111.9646,-7.9081],[111.9657,-7.9087],[111.9677,-7.9101],[111.9703,-7.9110],[111.9727,-7.9121],[111.9747,-7.9129],[111.9759,-7.9131],[111.9777,-7.9139],[111.9786,-7.9144],[111.9800,-7.9152],[111.9808,-7.9157],[111.9803,-7.9166],[111.9799,-7.9175],[111.9791,-7.9188],[111.9786,-7.9198],[111.9779,-7.9211],[111.9763,-7.9205],[111.9752,-7.9199],[111.9743,-7.9197],[111.9725,-7.9205],[111.9719,-7.9219],[111.9709,-7.9241],[111.9693,-7.9239],[111.9682,-7.9234],[111.9667,-7.9228],[111.9643,-7.9220],[111.9621,-7.9207],[111.9610,-7.9205],[111.9615,-7.9180],[111.9626,-7.9147],[111.9610,-7.9126],[111.9610,-7.9106],[111.9615,-7.9088],[111.9628,-7.9068],[111.962859,-7.90683139999993]]],[[[112.00432970000008,-7.915368],[112.0059,-7.9158],[112.0073,-7.9160],[112.0100,-7.9200],[112.0095,-7.9219],[112.0091,-7.9238],[112.0087,-7.9253],[112.0082,-7.9261],[112.0000,-7.9248],[111.9990,-7.9246],[111.9957,-7.9235],[111.9936,-7.9227],[111.9935,-7.9198],[111.9948,-7.9170],[111.9955,-7.9156],[111.9959,-7.9145],[111.9973,-7.9148],[111.9987,-7.9151],[112.0007,-7.9152],[112.0025,-7.9158],[112.0036,-7.9154],[112.00432970000008,-7.915368]]],[[[111.99251970000006,-7.922148],[111.9956,-7.9235],[111.9934,-7.9278],[111.9929,-7.9299],[111.9927,-7.9306],[111.9912,-7.9350],[111.9893,-7.9373],[111.9870,-7.9383],[111.9836,-7.9393],[111.9800,-7.9412],[111.9793,-7.9416],[111.9785,-7.9414],[111.9777,-7.9416],[111.9768,-7.9415],[111.9756,-7.9404],[111.9745,-7.9396],[111.9727,-7.9388],[111.9710,-7.9379],[111.9716,-7.9359],[111.9703,-7.9355],[111.9707,-7.9340],[111.9716,-7.9323],[111.9722,-7.9314],[111.9728,-7.9301],[111.9739,-7.9282],[111.9753,-7.9257],[111.9760,-7.9245],[111.9769,-7.9228],[111.9777,-7.9214],[111.9780,-7.9209],[111.9789,-7.9192],[111.9796,-7.9181],[111.9801,-7.9170],[111.9807,-7.9159],[111.9823,-7.9165],[111.9857,-7.9186],[111.9891,-7.9204],[111.99251970000006,-7.922148]]],[[[111.99987510000005,-7.85268039999994],[112.0035,-7.8542],[112.0043,-7.8545],[112.0076,-7.8555],[112.0073,-7.8565],[112.0070,-7.8575],[112.0065,-7.8591],[112.0059,-7.8606],[112.0050,-7.8627],[112.0026,-7.8625],[112.0019,-7.8632],[112.0016,-7.8653],[112.0014,-7.8668],[112.0009,-7.8698],[112.0007,-7.8713],[112.0000,-7.8717],[111.9990,-7.8715],[111.9966,-7.8707],[111.9973,-7.8678],[111.9972,-7.8664],[111.9976,-7.8645],[111.9983,-7.8619],[111.9971,-7.8601],[111.9937,-7.8572],[111.9944,-7.8538],[111.9950,-7.8524],[111.9959,-7.8520],[111.9967,-7.8525],[111.9989,-7.8530],[111.99987510000005,-7.85268039999994]]]],"type":"MultiPolygon"}},{"properties":{"district":"Kras","district_code":"id3506040","regency":"Kediri"},"type":"Feature","geometry":{"coordinates":[[[[111.97996970000008,-7.941188],[111.9811,-7.9419],[111.9830,-7.9422],[111.9850,-7.9425],[111.9873,-7.9437],[111.9904,-7.9442],[111.9919,-7.9444],[111.9911,-7.9450],[111.9896,-7.9453],[111.9885,-7.9457],[111.9875,-7.9461],[111.9866,-7.9463],[111.9863,-7.9468],[111.9857,-7.9485],[111.9865,-7.9504],[111.9855,-7.9524],[111.9847,-7.9544],[111.9838,-7.9566],[111.9801,-7.9563],[111.9783,-7.9560],[111.9772,-7.9559],[111.9759,-7.9556],[111.9736,-7.9545],[111.9704,-7.9532],[111.9694,-7.9527],[111.9687,-7.9525],[111.9659,-7.9513],[111.9653,-7.9509],[111.9645,-7.9503],[111.9628,-7.9495],[111.9625,-7.9487],[111.9634,-7.9471],[111.9640,-7.9461],[111.9647,-7.9448],[111.9650,-7.9442],[111.9658,-7.9427],[111.9654,-7.9424],[111.9655,-7.9395],[111.9673,-7.9402],[111.9676,-7.9395],[111.9681,-7.9386],[111.9688,-7.9373],[111.9690,-7.9370],[111.9694,-7.9362],[111.9698,-7.9355],[111.9710,-7.9357],[111.9708,-7.9379],[111.9715,-7.9383],[111.9733,-7.9392],[111.9753,-7.9400],[111.9760,-7.9409],[111.9774,-7.9417],[111.9779,-7.9413],[111.9787,-7.9417],[111.9798,-7.9413],[111.97996970000008,-7.941188]]],[[[112.00496970000006,-7.954378],[112.0067,-7.9552],[112.0079,-7.9567],[112.0084,-7.9579],[112.0102,-7.9596],[112.0099,-7.9606],[112.0106,-7.9628],[112.0117,-7.9667],[112.0115,-7.9688],[112.0090,-7.9684],[112.0084,-7.9688],[112.0043,-7.9686],[112.0021,-7.9684],[111.9998,-7.9681],[111.9983,-7.9686],[111.9960,-7.9695],[111.9932,-7.9693],[111.9902,-7.9688],[111.9878,-7.9683],[111.9858,-7.9679],[111.9830,-7.9672],[111.9808,-7.9645],[111.9819,-7.9618],[111.9831,-7.9600],[111.9868,-7.9601],[111.9907,-7.9604],[111.9932,-7.9610],[111.9963,-7.9612],[111.9980,-7.9596],[111.9977,-7.9587],[111.9984,-7.9584],[111.9987,-7.9561],[111.9991,-7.9530],[112.0000,-7.9505],[112.0021,-7.9521],[112.0032,-7.9521],[112.0048,-7.9543],[112.00496970000006,-7.954378]]],[[[111.98693970000005,-7.991178],[111.9868,-7.9927],[111.9866,-7.9944],[111.9841,-7.9946],[111.9813,-7.9942],[111.9792,-7.9938],[111.9765,-7.9937],[111.9733,-7.9934],[111.9731,-7.9930],[111.9719,-7.9908],[111.9714,-7.9900],[111.9706,-7.9895],[111.9691,-7.9892],[111.9680,-7.9889],[111.9676,-7.9887],[111.9662,-7.9873],[111.9653,-7.9863],[111.9652,-7.9856],[111.9658,-7.9829],[111.9661,-7.9811],[111.9675,-7.9812],[111.9703,-7.9828],[111.9715,-7.9834],[111.9730,-7.9841],[111.9749,-7.9853],[111.9778,-7.9886],[111.9839,-7.9906],[111.9849,-7.9908],[111.98693970000005,-7.991178]]],[[[112.01157970000008,-7.968458],[112.0129,-7.9705],[112.0137,-7.9754],[112.0120,-7.9755],[112.0109,-7.9765],[112.0086,-7.9773],[112.0063,-7.9780],[112.0041,-7.9799],[112.0019,-7.9804],[111.9982,-7.9803],[111.9934,-7.9802],[111.9923,-7.9799],[111.9921,-7.9782],[111.9922,-7.9775],[111.9922,-7.9758],[111.9927,-7.9738],[111.9931,-7.9705],[111.9955,-7.9695],[111.9979,-7.9688],[111.9996,-7.9681],[112.0013,-7.9681],[112.0041,-7.9686],[112.0080,-7.9688],[112.0087,-7.9684],[112.0111,-7.9689],[112.01157970000008,-7.968458]]],[[[111.99322970000009,-7.969328],[111.9927,-7.9736],[111.9924,-7.9755],[111.9922,-7.9771],[111.9921,-7.9781],[111.9918,-7.9797],[111.9931,-7.9801],[111.9929,-7.9822],[111.9925,-7.9840],[111.9912,-7.9836],[111.9899,-7.9830],[111.9889,-7.9829],[111.9880,-7.9825],[111.9865,-7.9816],[111.9857,-7.9810],[111.9859,-7.9803],[111.9863,-7.9799],[111.9857,-7.9796],[111.9849,-7.9792],[111.9841,-7.9790],[111.9828,-7.9787],[111.9818,-7.9786],[111.9811,-7.9783],[111.9805,-7.9783],[111.9791,-7.9777],[111.9795,-7.9772],[111.9800,-7.9771],[111.9804,-7.9767],[111.9811,-7.9760],[111.9809,-7.9738],[111.9797,-7.9726],[111.9790,-7.9703],[111.9795,-7.9678],[111.9836,-7.9674],[111.9867,-7.9681],[111.9891,-7.9686],[111.9906,-7.9689],[111.99322970000009,-7.969328]]],[[[111.97780970000008,-7.921218],[111.9770,-7.9227],[111.9763,-7.9240],[111.9753,-7.9256],[111.9749,-7.9265],[111.9733,-7.9294],[111.9722,-7.9313],[111.9717,-7.9322],[111.9711,-7.9333],[111.9699,-7.9354],[111.9695,-7.9361],[111.9690,-7.9369],[111.9688,-7.9373],[111.9686,-7.9378],[111.9677,-7.9394],[111.9674,-7.9399],[111.9656,-7.9396],[111.9640,-7.9416],[111.9635,-7.9413],[111.9612,-7.9403],[111.9586,-7.9400],[111.9579,-7.9399],[111.9573,-7.9389],[111.9563,-7.9389],[111.9553,-7.9376],[111.9546,-7.9353],[111.9544,-7.9330],[111.9553,-7.9310],[111.9568,-7.9291],[111.9595,-7.9265],[111.9608,-7.9232],[111.9620,-7.9207],[111.9625,-7.9213],[111.9661,-7.9227],[111.9676,-7.9232],[111.9689,-7.9237],[111.9701,-7.9252],[111.9718,-7.9223],[111.9724,-7.9207],[111.9741,-7.9198],[111.9749,-7.9198],[111.9757,-7.9202],[111.97780970000008,-7.921218]]],[[[111.99947970000005,-7.950018],[111.9990,-7.9538],[111.9986,-7.9568],[111.9984,-7.9586],[111.9977,-7.9591],[111.9979,-7.9602],[111.9956,-7.9612],[111.9921,-7.9607],[111.9894,-7.9602],[111.9858,-7.9600],[111.9827,-7.9600],[111.9832,-7.9588],[111.9836,-7.9574],[111.9843,-7.9555],[111.9850,-7.9537],[111.9860,-7.9513],[111.9857,-7.9500],[111.9859,-7.9479],[111.9866,-7.9464],[111.9870,-7.9463],[111.9880,-7.9459],[111.9891,-7.9455],[111.9900,-7.9452],[111.9917,-7.9450],[111.9922,-7.9444],[111.9931,-7.9444],[111.9949,-7.9455],[111.9960,-7.9459],[111.9969,-7.9469],[111.9977,-7.9481],[111.9987,-7.9487],[111.99947970000005,-7.950018]]],[[[111.98158970000009,-7.962718],[111.9795,-7.9678],[111.9790,-7.9703],[111.9797,-7.9726],[111.9809,-7.9738],[111.9811,-7.9760],[111.9804,-7.9767],[111.9800,-7.9771],[111.9795,-7.9772],[111.9791,-7.9777],[111.9786,-7.9780],[111.9779,-7.9778],[111.9770,-7.9778],[111.9754,-7.9775],[111.9743,-7.9774],[111.9735,-7.9772],[111.9726,-7.9764],[111.9720,-7.9759],[111.9714,-7.9758],[111.9707,-7.9753],[111.9693,-7.9740],[111.9682,-7.9736],[111.9676,-7.9732],[111.9666,-7.9730],[111.9656,-7.9729],[111.9648,-7.9731],[111.9608,-7.9723],[111.9580,-7.9723],[111.9545,-7.9709],[111.9543,-7.9689],[111.9535,-7.9685],[111.9522,-7.9672],[111.9529,-7.9660],[111.9531,-7.9656],[111.9538,-7.9643],[111.9548,-7.9626],[111.9559,-7.9606],[111.9567,-7.9592],[111.9577,-7.9573],[111.9587,-7.9556],[111.9592,-7.9546],[111.9594,-7.9549],[111.9597,-7.9559],[111.9604,-7.9568],[111.9601,-7.9575],[111.9602,-7.9588],[111.9606,-7.9594],[111.9611,-7.9591],[111.9612,-7.9583],[111.9620,-7.9596],[111.9623,-7.9600],[111.9617,-7.9609],[111.9630,-7.9616],[111.9627,-7.9623],[111.9622,-7.9630],[111.9634,-7.9640],[111.9652,-7.9644],[111.9675,-7.9641],[111.9680,-7.9610],[111.9712,-7.9610],[111.9740,-7.9612],[111.9775,-7.9618],[111.9795,-7.9622],[111.98158970000009,-7.962718]]],[[[112.0129697000001,-7.936628],[112.0118,-7.9397],[112.0115,-7.9424],[112.0110,-7.9450],[112.0100,-7.9472],[112.0084,-7.9477],[112.0062,-7.9501],[112.0053,-7.9528],[112.0048,-7.9543],[112.0032,-7.9521],[112.0021,-7.9521],[112.0000,-7.9505],[111.9989,-7.9490],[111.9980,-7.9483],[111.9972,-7.9472],[111.9961,-7.9460],[111.9955,-7.9458],[111.9936,-7.9447],[111.9927,-7.9444],[111.9918,-7.9443],[111.9878,-7.9440],[111.9854,-7.9428],[111.9836,-7.9421],[111.9816,-7.9421],[111.9802,-7.9414],[111.9825,-7.9399],[111.9861,-7.9385],[111.9892,-7.9373],[111.9906,-7.9358],[111.9926,-7.9311],[111.9928,-7.9300],[111.9932,-7.9283],[111.9944,-7.9292],[111.9954,-7.9297],[111.9960,-7.9302],[111.9972,-7.9299],[111.9985,-7.9301],[111.9992,-7.9304],[111.9997,-7.9313],[112.0003,-7.9315],[112.0014,-7.9315],[112.0031,-7.9324],[112.0040,-7.9330],[112.0050,-7.9333],[112.0057,-7.9338],[112.0057,-7.9345],[112.0060,-7.9353],[112.0067,-7.9363],[112.0078,-7.9365],[112.0082,-7.9360],[112.0097,-7.9363],[112.0113,-7.9372],[112.0120,-7.9368],[112.0129697000001,-7.936628]]],[[[111.98372970000008,-7.956938],[111.9834,-7.9581],[111.9829,-7.9595],[111.9819,-7.9618],[111.9811,-7.9625],[111.9782,-7.9619],[111.9757,-7.9616],[111.9732,-7.9611],[111.9680,-7.9605],[111.9679,-7.9624],[111.9673,-7.9647],[111.9644,-7.9642],[111.9624,-7.9638],[111.9624,-7.9627],[111.9632,-7.9619],[111.9625,-7.9614],[111.9617,-7.9607],[111.9622,-7.9599],[111.9616,-7.9590],[111.9610,-7.9584],[111.9609,-7.9595],[111.9603,-7.9591],[111.9602,-7.9579],[111.9602,-7.9572],[111.9599,-7.9565],[111.9595,-7.9551],[111.9593,-7.9546],[111.9595,-7.9541],[111.9601,-7.9531],[111.9605,-7.9524],[111.9612,-7.9511],[111.9622,-7.9493],[111.9634,-7.9498],[111.9650,-7.9506],[111.9656,-7.9511],[111.9671,-7.9518],[111.9690,-7.9526],[111.9704,-7.9529],[111.9707,-7.9534],[111.9752,-7.9552],[111.9760,-7.9556],[111.9781,-7.9560],[111.9794,-7.9562],[111.9830,-7.9568],[111.98372970000008,-7.956938]]],[[[111.97914970000005,-7.977738],[111.9805,-7.9783],[111.9811,-7.9783],[111.9818,-7.9786],[111.9828,-7.9787],[111.9841,-7.9790],[111.9849,-7.9792],[111.9857,-7.9796],[111.9863,-7.9799],[111.9859,-7.9803],[111.9857,-7.9810],[111.9865,-7.9816],[111.9880,-7.9825],[111.9879,-7.9829],[111.9877,-7.9836],[111.9876,-7.9853],[111.9873,-7.9871],[111.9870,-7.9910],[111.9846,-7.9907],[111.9825,-7.9901],[111.9776,-7.9886],[111.9749,-7.9851],[111.9720,-7.9836],[111.9707,-7.9831],[111.9703,-7.9827],[111.9674,-7.9811],[111.9660,-7.9815],[111.9644,-7.9811],[111.9650,-7.9795],[111.9665,-7.9787],[111.9665,-7.9767],[111.9663,-7.9757],[111.9654,-7.9745],[111.9654,-7.9734],[111.9658,-7.9729],[111.9671,-7.9732],[111.9677,-7.9733],[111.9683,-7.9737],[111.9696,-7.9743],[111.9708,-7.9754],[111.9714,-7.9758],[111.9721,-7.9760],[111.9729,-7.9765],[111.9736,-7.9773],[111.9746,-7.9775],[111.9756,-7.9776],[111.9774,-7.9778],[111.9781,-7.9778],[111.9787,-7.9780],[111.97914970000005,-7.977738]]],[[[111.94691690000008,-7.946535599999947],[111.9498,-7.9475],[111.9496,-7.9492],[111.9492,-7.9517],[111.9512,-7.9541],[111.9507,-7.9559],[111.9530,-7.9573],[111.9550,-7.9584],[111.9560,-7.9590],[111.9557,-7.9609],[111.9546,-7.9629],[111.9537,-7.9646],[111.9531,-7.9656],[111.9527,-7.9663],[111.9520,-7.9676],[111.9528,-7.9701],[111.9507,-7.9701],[111.9497,-7.9719],[111.9487,-7.9737],[111.9477,-7.9725],[111.9475,-7.9719],[111.9473,-7.9714],[111.9471,-7.9707],[111.9473,-7.9703],[111.9476,-7.9695],[111.9472,-7.9683],[111.9471,-7.9677],[111.9466,-7.9663],[111.9452,-7.9658],[111.9448,-7.9657],[111.9445,-7.9652],[111.9442,-7.9648],[111.9441,-7.9645],[111.9450,-7.9639],[111.9455,-7.9632],[111.9460,-7.9625],[111.9464,-7.9619],[111.9466,-7.9605],[111.9462,-7.9596],[111.9455,-7.9573],[111.9457,-7.9572],[111.9458,-7.9567],[111.9457,-7.9563],[111.9452,-7.9553],[111.9451,-7.9550],[111.9450,-7.9537],[111.9448,-7.9535],[111.9438,-7.9534],[111.9447,-7.9513],[111.94691690000008,-7.946535599999947]]],[[[111.98649970000008,-7.994898],[111.9863,-7.9964],[111.9862,-7.9976],[111.9861,-7.9977],[111.9850,-7.9976],[111.9833,-7.9973],[111.9825,-7.9972],[111.9810,-7.9969],[111.9805,-7.9968],[111.9800,-7.9967],[111.9788,-7.9965],[111.9777,-7.9964],[111.9776,-7.9965],[111.9777,-7.9969],[111.9778,-7.9973],[111.9774,-7.9989],[111.9770,-8.0006],[111.9768,-8.0015],[111.9765,-8.0028],[111.9766,-8.0029],[111.9790,-8.0046],[111.9779,-8.0068],[111.9774,-8.0089],[111.9768,-8.0118],[111.9753,-8.0117],[111.9735,-8.0103],[111.9725,-8.0092],[111.9702,-8.0076],[111.9695,-8.0071],[111.9692,-8.0056],[111.9688,-8.0036],[111.9680,-8.0000],[111.9676,-7.9986],[111.9680,-7.9962],[111.9682,-7.9949],[111.9682,-7.9942],[111.9681,-7.9931],[111.9682,-7.9912],[111.9691,-7.9892],[111.9706,-7.9895],[111.9714,-7.9900],[111.9719,-7.9908],[111.9731,-7.9930],[111.9733,-7.9934],[111.9765,-7.9937],[111.9792,-7.9938],[111.9813,-7.9942],[111.9841,-7.9946],[111.98649970000008,-7.994898]]],[[[111.95543160000005,-7.93883029999995],[111.9567,-7.9389],[111.9579,-7.9393],[111.9584,-7.9402],[111.9589,-7.9396],[111.9620,-7.9406],[111.9638,-7.9415],[111.9643,-7.9418],[111.9656,-7.9425],[111.9658,-7.9427],[111.9649,-7.9444],[111.9646,-7.9449],[111.9637,-7.9466],[111.9633,-7.9473],[111.9623,-7.9490],[111.9620,-7.9495],[111.9607,-7.9520],[111.9603,-7.9526],[111.9600,-7.9532],[111.9594,-7.9543],[111.9591,-7.9548],[111.9586,-7.9557],[111.9576,-7.9574],[111.9567,-7.9592],[111.9552,-7.9586],[111.9548,-7.9583],[111.9520,-7.9566],[111.9510,-7.9547],[111.9515,-7.9528],[111.9492,-7.9516],[111.9495,-7.9487],[111.9477,-7.9468],[111.9473,-7.9460],[111.9474,-7.9459],[111.9513,-7.9435],[111.9533,-7.9429],[111.9549,-7.9416],[111.9553,-7.9399],[111.95543160000005,-7.93883029999995]]],[[[111.96524970000007,-7.973208],[111.9653,-7.9744],[111.9662,-7.9756],[111.9664,-7.9761],[111.9665,-7.9787],[111.9656,-7.9794],[111.9643,-7.9805],[111.9659,-7.9819],[111.9655,-7.9841],[111.9646,-7.9851],[111.9619,-7.9844],[111.9601,-7.9840],[111.9569,-7.9831],[111.9538,-7.9823],[111.9530,-7.9825],[111.9530,-7.9825],[111.9521,-7.9819],[111.9514,-7.9810],[111.9512,-7.9803],[111.9515,-7.9790],[111.9516,-7.9783],[111.9509,-7.9781],[111.9510,-7.9775],[111.9508,-7.9771],[111.9505,-7.9764],[111.9506,-7.9761],[111.9504,-7.9750],[111.9503,-7.9747],[111.9490,-7.9741],[111.9490,-7.9732],[111.9504,-7.9706],[111.9511,-7.9692],[111.9535,-7.9685],[111.9543,-7.9695],[111.9545,-7.9710],[111.9581,-7.9719],[111.9621,-7.9727],[111.9648,-7.9731],[111.96524970000007,-7.973208]]],[[[111.96526970000008,-7.985198],[111.9653,-7.9862],[111.9659,-7.9870],[111.9675,-7.9886],[111.9679,-7.9889],[111.9683,-7.9900],[111.9681,-7.9931],[111.9681,-7.9940],[111.9683,-7.9946],[111.9680,-7.9960],[111.9676,-7.9985],[111.9679,-7.9996],[111.9687,-8.0031],[111.9692,-8.0054],[111.9695,-8.0070],[111.9690,-8.0069],[111.9678,-8.0067],[111.9638,-8.0057],[111.9636,-8.0055],[111.9622,-8.0023],[111.9616,-8.0008],[111.9616,-8.0000],[111.9598,-7.9983],[111.9577,-7.9980],[111.9576,-7.9978],[111.9571,-7.9975],[111.9569,-7.9968],[111.9569,-7.9964],[111.9567,-7.9955],[111.9568,-7.9946],[111.9565,-7.9943],[111.9564,-7.9940],[111.9561,-7.9933],[111.9564,-7.9928],[111.9563,-7.9926],[111.9561,-7.9921],[111.9558,-7.9918],[111.9557,-7.9914],[111.9561,-7.9913],[111.9564,-7.9905],[111.9559,-7.9908],[111.9555,-7.9909],[111.9557,-7.9904],[111.9556,-7.9899],[111.9557,-7.9894],[111.9552,-7.9891],[111.9544,-7.9884],[111.9537,-7.9881],[111.9535,-7.9874],[111.9534,-7.9869],[111.9530,-7.9858],[111.9529,-7.9855],[111.9530,-7.9851],[111.9529,-7.9847],[111.9528,-7.9839],[111.9530,-7.9827],[111.9530,-7.9825],[111.9538,-7.9823],[111.9569,-7.9831],[111.9601,-7.9840],[111.9619,-7.9844],[111.9646,-7.9851],[111.96526970000008,-7.985198]]]],"type":"MultiPolygon"}},{"properties":{"district":"Ringinrejo","district_code":"id3506050","regency":"Kediri"},"type":"Feature","geometry":{"coordinates":[[[[112.1076796000001,-7.961328],[112.1076,-7.9626],[112.1076,-7.9635],[112.1094,-7.9631],[112.1106,-7.9630],[112.1118,-7.9680],[112.1102,-7.9696],[112.1079,-7.9693],[112.1058,-7.9694],[112.1038,-7.9695],[112.1016,-7.9696],[112.0997,-7.9697],[112.0973,-7.9698],[112.0962,-7.9703],[112.0966,-7.9714],[112.0969,-7.9727],[112.0977,-7.9754],[112.0982,-7.9766],[112.0983,-7.9768],[112.0981,-7.9779],[112.0980,-7.9789],[112.0977,-7.9805],[112.0972,-7.9809],[112.0956,-7.9808],[112.0935,-7.9808],[112.0894,-7.9812],[112.0878,-7.9815],[112.0839,-7.9817],[112.0838,-7.9791],[112.0838,-7.9771],[112.0840,-7.9750],[112.0841,-7.9738],[112.0850,-7.9726],[112.0852,-7.9711],[112.0854,-7.9702],[112.0855,-7.9693],[112.0859,-7.9680],[112.0865,-7.9669],[112.0867,-7.9659],[112.0867,-7.9653],[112.0868,-7.9643],[112.0874,-7.9586],[112.0879,-7.9574],[112.0903,-7.9573],[112.0929,-7.9565],[112.0963,-7.9577],[112.0979,-7.9583],[112.0993,-7.9587],[112.1020,-7.9594],[112.1034,-7.9599],[112.1052,-7.9599],[112.1076796000001,-7.961328]]],[[[112.08037900000011,-7.956068799999969],[112.0815,-7.9572],[112.0820,-7.9576],[112.0835,-7.9574],[112.0848,-7.9576],[112.0867,-7.9576],[112.0874,-7.9586],[112.0870,-7.9622],[112.0868,-7.9646],[112.0867,-7.9657],[112.0865,-7.9665],[112.0862,-7.9678],[112.0856,-7.9686],[112.0854,-7.9701],[112.0852,-7.9711],[112.0851,-7.9718],[112.0844,-7.9736],[112.0839,-7.9740],[112.0838,-7.9767],[112.0837,-7.9787],[112.0839,-7.9810],[112.0826,-7.9817],[112.0801,-7.9810],[112.0789,-7.9810],[112.0771,-7.9816],[112.0761,-7.9820],[112.0750,-7.9821],[112.0738,-7.9819],[112.0729,-7.9811],[112.0718,-7.9803],[112.0700,-7.9790],[112.0682,-7.9776],[112.0683,-7.9771],[112.0675,-7.9749],[112.0690,-7.9679],[112.0687,-7.9662],[112.0713,-7.9663],[112.0714,-7.9637],[112.0715,-7.9613],[112.0714,-7.9593],[112.0714,-7.9574],[112.0715,-7.9532],[112.0715,-7.9523],[112.0735,-7.9538],[112.0754,-7.9544],[112.0784,-7.9552],[112.0795,-7.9555],[112.08037900000011,-7.956068799999969]]],[[[112.0672406000001,-7.977045499999974],[112.0684,-7.9772],[112.0681,-7.9786],[112.0714,-7.9798],[112.0723,-7.9808],[112.0732,-7.9814],[112.0748,-7.9821],[112.0757,-7.9820],[112.0763,-7.9818],[112.0780,-7.9813],[112.0798,-7.9810],[112.0819,-7.9815],[112.0839,-7.9818],[112.0866,-7.9816],[112.0886,-7.9814],[112.0926,-7.9811],[112.0942,-7.9808],[112.0971,-7.9808],[112.0976,-7.9809],[112.0975,-7.9817],[112.0973,-7.9834],[112.0966,-7.9869],[112.0963,-7.9886],[112.0963,-7.9889],[112.0943,-7.9903],[112.0938,-7.9905],[112.0927,-7.9910],[112.0912,-7.9913],[112.0900,-7.9915],[112.0886,-7.9915],[112.0879,-7.9916],[112.0870,-7.9916],[112.0859,-7.9914],[112.0857,-7.9911],[112.0844,-7.9909],[112.0834,-7.9907],[112.0832,-7.9914],[112.0826,-7.9913],[112.0821,-7.9915],[112.0817,-7.9914],[112.0801,-7.9911],[112.0781,-7.9911],[112.0764,-7.9907],[112.0758,-7.9905],[112.0745,-7.9902],[112.0731,-7.9903],[112.0720,-7.9907],[112.0713,-7.9906],[112.0690,-7.9905],[112.0666,-7.9904],[112.0562,-7.9906],[112.0537,-7.9886],[112.0544,-7.9851],[112.0558,-7.9787],[112.0569,-7.9772],[112.0599,-7.9770],[112.0634,-7.9788],[112.0667,-7.9771],[112.0672406000001,-7.977045499999974]]],[[[111.99250970000008,-7.984008],[111.9938,-7.9841],[111.9951,-7.9845],[111.9959,-7.9853],[111.9971,-7.9861],[111.9983,-7.9862],[112.0000,-7.9860],[112.0055,-7.9879],[112.0060,-7.9889],[112.0085,-7.9892],[112.0108,-7.9894],[112.0128,-7.9897],[112.0166,-7.9901],[112.0186,-7.9917],[112.0198,-7.9925],[112.0225,-7.9919],[112.0236,-7.9919],[112.0251,-7.9919],[112.0258,-7.9915],[112.0270,-7.9915],[112.0290,-7.9915],[112.0302,-7.9911],[112.0317,-7.9907],[112.0333,-7.9904],[112.0346,-7.9904],[112.0367,-7.9904],[112.0370,-7.9921],[112.0368,-7.9930],[112.0368,-7.9932],[112.0366,-7.9947],[112.0335,-7.9956],[112.0298,-7.9965],[112.0281,-7.9970],[112.0253,-7.9978],[112.0212,-7.9989],[112.0186,-7.9996],[112.0154,-7.9994],[112.0124,-7.9992],[112.0113,-7.9991],[112.0100,-7.9990],[112.0063,-7.9986],[112.0015,-7.9980],[111.9976,-7.9976],[111.9932,-7.9972],[111.9889,-7.9966],[111.9863,-7.9964],[111.9866,-7.9944],[111.9868,-7.9927],[111.9869,-7.9912],[111.9872,-7.9886],[111.9875,-7.9862],[111.9876,-7.9845],[111.9878,-7.9831],[111.9880,-7.9825],[111.9891,-7.9830],[111.9902,-7.9831],[111.9913,-7.9837],[111.99250970000008,-7.984008]]],[[[112.0209397000001,-7.937158],[112.0207,-7.9387],[112.0202,-7.9414],[112.0201,-7.9427],[112.0200,-7.9441],[112.0198,-7.9450],[112.0192,-7.9472],[112.0190,-7.9485],[112.0188,-7.9505],[112.0186,-7.9515],[112.0194,-7.9526],[112.0207,-7.9556],[112.0215,-7.9578],[112.0235,-7.9589],[112.0240,-7.9610],[112.0232,-7.9620],[112.0213,-7.9622],[112.0180,-7.9614],[112.0136,-7.9591],[112.0123,-7.9613],[112.0103,-7.9596],[112.0087,-7.9585],[112.0080,-7.9570],[112.0067,-7.9552],[112.0052,-7.9545],[112.0053,-7.9528],[112.0062,-7.9501],[112.0084,-7.9477],[112.0100,-7.9472],[112.0110,-7.9450],[112.0115,-7.9424],[112.0118,-7.9397],[112.0130,-7.9366],[112.0132,-7.9376],[112.0143,-7.9382],[112.0162,-7.9383],[112.0168,-7.9377],[112.0173,-7.9370],[112.0181,-7.9373],[112.0185,-7.9378],[112.0200,-7.9376],[112.0209,-7.9371],[112.0209397000001,-7.937158]]],[[[112.0684149000001,-7.949897],[112.0698,-7.9514],[112.0715,-7.9523],[112.0715,-7.9532],[112.0714,-7.9574],[112.0714,-7.9593],[112.0715,-7.9613],[112.0714,-7.9637],[112.0713,-7.9663],[112.0687,-7.9662],[112.0690,-7.9679],[112.0675,-7.9749],[112.0667,-7.9771],[112.0634,-7.9788],[112.0599,-7.9770],[112.0569,-7.9772],[112.0532,-7.9763],[112.0522,-7.9744],[112.0524,-7.9730],[112.0529,-7.9720],[112.0536,-7.9720],[112.0556,-7.9723],[112.0570,-7.9713],[112.0560,-7.9704],[112.0545,-7.9704],[112.0536,-7.9697],[112.0520,-7.9694],[112.0524,-7.9680],[112.0539,-7.9676],[112.0499,-7.9651],[112.0509,-7.9612],[112.0521,-7.9558],[112.0534,-7.9550],[112.0541,-7.9548],[112.0558,-7.9549],[112.0571,-7.9555],[112.0578,-7.9546],[112.0590,-7.9538],[112.0606,-7.9531],[112.0632,-7.9527],[112.0658,-7.9521],[112.0684149000001,-7.949897]]],[[[112.0557387,-7.978746],[112.0540,-7.9871],[112.0537,-7.9889],[112.0527,-7.9917],[112.0510,-7.9929],[112.0506,-7.9930],[112.0495,-7.9933],[112.0423,-7.9934],[112.0378,-7.9933],[112.0370,-7.9923],[112.0372,-7.9906],[112.0371,-7.9897],[112.0364,-7.9882],[112.0359,-7.9873],[112.0353,-7.9861],[112.0347,-7.9846],[112.0346,-7.9826],[112.0344,-7.9816],[112.0336,-7.9798],[112.0346,-7.9793],[112.0362,-7.9790],[112.0382,-7.9782],[112.0383,-7.9786],[112.0383,-7.9790],[112.0385,-7.9795],[112.0394,-7.9803],[112.0407,-7.9803],[112.0419,-7.9801],[112.0442,-7.9802],[112.0455,-7.9795],[112.0467,-7.9792],[112.0486,-7.9792],[112.0524,-7.9790],[112.0557387,-7.978746]]],[[[112.0334031000001,-7.979531699999939],[112.0343,-7.9812],[112.0346,-7.9823],[112.0347,-7.9841],[112.0351,-7.9858],[112.0358,-7.9872],[112.0363,-7.9880],[112.0370,-7.9895],[112.0372,-7.9904],[112.0358,-7.9903],[112.0339,-7.9903],[112.0327,-7.9905],[112.0308,-7.9911],[112.0295,-7.9914],[112.0277,-7.9917],[112.0266,-7.9913],[112.0254,-7.9917],[112.0241,-7.9921],[112.0231,-7.9918],[112.0216,-7.9922],[112.0190,-7.9921],[112.0181,-7.9912],[112.0170,-7.9891],[112.0172,-7.9869],[112.0172,-7.9854],[112.0173,-7.9846],[112.0175,-7.9829],[112.0197,-7.9785],[112.0221,-7.9783],[112.0245,-7.9786],[112.0259,-7.9786],[112.0276,-7.9779],[112.0290,-7.9777],[112.0316,-7.9772],[112.0331,-7.9790],[112.0333,-7.9794],[112.0334031000001,-7.979531699999939]]],[[[112.05688210000005,-7.977151399999968],[112.0557,-7.9787],[112.0525,-7.9790],[112.0500,-7.9791],[112.0473,-7.9792],[112.0457,-7.9786],[112.0449,-7.9802],[112.0431,-7.9802],[112.0407,-7.9804],[112.0397,-7.9803],[112.0386,-7.9798],[112.0383,-7.9792],[112.0383,-7.9786],[112.0382,-7.9782],[112.0363,-7.9783],[112.0346,-7.9796],[112.0334,-7.9795],[112.0333,-7.9793],[112.0325,-7.9783],[112.0309,-7.9763],[112.0303,-7.9753],[112.0288,-7.9731],[112.0284,-7.9720],[112.0277,-7.9703],[112.0275,-7.9694],[112.0272,-7.9686],[112.0268,-7.9657],[112.0270,-7.9652],[112.0297,-7.9655],[112.0309,-7.9656],[112.0316,-7.9649],[112.0346,-7.9649],[112.0357,-7.9650],[112.0389,-7.9627],[112.0396,-7.9625],[112.0409,-7.9633],[112.0423,-7.9630],[112.0428,-7.9622],[112.0429,-7.9614],[112.0441,-7.9606],[112.0443,-7.9594],[112.0456,-7.9573],[112.0462,-7.9569],[112.0478,-7.9566],[112.0494,-7.9564],[112.0515,-7.9556],[112.0510,-7.9605],[112.0507,-7.9622],[112.0542,-7.9655],[112.0531,-7.9681],[112.0518,-7.9679],[112.0533,-7.9699],[112.0536,-7.9700],[112.0552,-7.9702],[112.0564,-7.9708],[112.0565,-7.9723],[112.0547,-7.9723],[112.0536,-7.9721],[112.0529,-7.9722],[112.0522,-7.9742],[112.0519,-7.9760],[112.0570,-7.9766],[112.05688210000005,-7.977151399999968]]],[[[112.02074720000007,-7.978319399999975],[112.0190,-7.9806],[112.0174,-7.9838],[112.0173,-7.9851],[112.0172,-7.9855],[112.0170,-7.9870],[112.0169,-7.9891],[112.0163,-7.9901],[112.0127,-7.9897],[112.0102,-7.9894],[112.0082,-7.9891],[112.0054,-7.9889],[112.0055,-7.9874],[111.9999,-7.9860],[111.9975,-7.9862],[111.9969,-7.9860],[111.9956,-7.9850],[111.9950,-7.9845],[111.9936,-7.9841],[111.9926,-7.9839],[111.9930,-7.9816],[111.9934,-7.9802],[111.9982,-7.9803],[112.0019,-7.9804],[112.0041,-7.9799],[112.0063,-7.9780],[112.0086,-7.9773],[112.0109,-7.9765],[112.0120,-7.9755],[112.0137,-7.9754],[112.0154,-7.9717],[112.0164,-7.9722],[112.0164,-7.9732],[112.0171,-7.9734],[112.0178,-7.9729],[112.0189,-7.9733],[112.0195,-7.9736],[112.0206,-7.9738],[112.0213,-7.9751],[112.0209,-7.9777],[112.02074720000007,-7.978319399999975]]],[[[112.02272790000006,-7.963313699999958],[112.0250,-7.9641],[112.0254,-7.9643],[112.0262,-7.9647],[112.0268,-7.9654],[112.0269,-7.9666],[112.0273,-7.9689],[112.0276,-7.9699],[112.0282,-7.9717],[112.0284,-7.9721],[112.0295,-7.9742],[112.0305,-7.9757],[112.0317,-7.9771],[112.0298,-7.9777],[112.0275,-7.9778],[112.0262,-7.9785],[112.0248,-7.9786],[112.0233,-7.9785],[112.0210,-7.9764],[112.0214,-7.9742],[112.0204,-7.9738],[112.0194,-7.9736],[112.0185,-7.9731],[112.0177,-7.9731],[112.0165,-7.9734],[112.0164,-7.9729],[112.0161,-7.9722],[112.0152,-7.9719],[112.0131,-7.9712],[112.0118,-7.9687],[112.0117,-7.9667],[112.0106,-7.9628],[112.0099,-7.9606],[112.0121,-7.9611],[112.0132,-7.9607],[112.0150,-7.9610],[112.0193,-7.9619],[112.02272790000006,-7.963313699999958]]]],"type":"MultiPolygon"}},{"properties":{"district":"Kandat","district_code":"id3506060","regency":"Kediri"},"type":"Feature","geometry":{"coordinates":[[[[112.03785960000005,-7.870994499999938],[112.0376,-7.8722],[112.0388,-7.8733],[112.0377,-7.8760],[112.0373,-7.8784],[112.0412,-7.8811],[112.0403,-7.8837],[112.0398,-7.8856],[112.0367,-7.8883],[112.0312,-7.8872],[112.0302,-7.8872],[112.0259,-7.8866],[112.0248,-7.8860],[112.0193,-7.8846],[112.0149,-7.8834],[112.0166,-7.8786],[112.0172,-7.8757],[112.0179,-7.8748],[112.0183,-7.8722],[112.0210,-7.8711],[112.0218,-7.8703],[112.0219,-7.8691],[112.0291,-7.8694],[112.03785960000005,-7.870994499999938]]],[[[112.02019970000003,-7.920548],[112.0213,-7.9213],[112.0221,-7.9219],[112.0227,-7.9227],[112.0239,-7.9234],[112.0239,-7.9242],[112.0236,-7.9257],[112.0278,-7.9284],[112.0278,-7.9301],[112.0292,-7.9306],[112.0299,-7.9312],[112.0309,-7.9315],[112.0309,-7.9326],[112.0268,-7.9348],[112.0256,-7.9356],[112.0260,-7.9372],[112.0257,-7.9380],[112.0226,-7.9380],[112.0231,-7.9388],[112.0235,-7.9393],[112.0250,-7.9398],[112.0256,-7.9394],[112.0264,-7.9393],[112.0259,-7.9404],[112.0254,-7.9409],[112.0245,-7.9413],[112.0232,-7.9411],[112.0232,-7.9402],[112.0225,-7.9398],[112.0218,-7.9387],[112.0218,-7.9378],[112.0209,-7.9371],[112.0200,-7.9376],[112.0185,-7.9378],[112.0181,-7.9373],[112.0173,-7.9370],[112.0168,-7.9377],[112.0162,-7.9383],[112.0143,-7.9382],[112.0132,-7.9376],[112.0130,-7.9366],[112.0120,-7.9368],[112.0113,-7.9372],[112.0097,-7.9363],[112.0082,-7.9360],[112.0078,-7.9365],[112.0067,-7.9363],[112.0060,-7.9353],[112.0057,-7.9345],[112.0057,-7.9338],[112.0050,-7.9333],[112.0040,-7.9330],[112.0031,-7.9324],[112.0014,-7.9315],[112.0003,-7.9315],[111.9997,-7.9313],[111.9992,-7.9304],[111.9985,-7.9301],[111.9972,-7.9299],[111.9960,-7.9302],[111.9954,-7.9297],[111.9944,-7.9292],[111.9932,-7.9283],[111.9963,-7.9238],[111.9994,-7.9247],[112.0044,-7.9258],[112.0086,-7.9256],[112.0088,-7.9250],[112.0093,-7.9231],[112.0096,-7.9215],[112.0110,-7.9186],[112.0135,-7.9200],[112.0201,-7.9207],[112.02019970000003,-7.920548]]],[[[112.02788970000006,-7.917808],[112.0312,-7.9186],[112.0334,-7.9199],[112.0364,-7.9207],[112.0377,-7.9209],[112.0388,-7.9212],[112.0406,-7.9208],[112.0455,-7.9216],[112.0468,-7.9239],[112.0506,-7.9246],[112.0541,-7.9238],[112.0554,-7.9219],[112.0584,-7.9224],[112.0600,-7.9217],[112.0596,-7.9260],[112.0570,-7.9291],[112.0554,-7.9286],[112.0547,-7.9318],[112.0553,-7.9344],[112.0552,-7.9352],[112.0548,-7.9362],[112.0537,-7.9356],[112.0509,-7.9348],[112.0494,-7.9343],[112.0473,-7.9344],[112.0458,-7.9342],[112.0453,-7.9342],[112.0446,-7.9382],[112.0423,-7.9416],[112.0403,-7.9436],[112.0392,-7.9440],[112.0377,-7.9453],[112.0374,-7.9463],[112.0372,-7.9465],[112.0365,-7.9453],[112.0352,-7.9444],[112.0336,-7.9423],[112.0321,-7.9413],[112.0316,-7.9408],[112.0301,-7.9406],[112.0293,-7.9403],[112.0291,-7.9399],[112.0285,-7.9393],[112.0279,-7.9391],[112.0276,-7.9390],[112.0270,-7.9389],[112.0264,-7.9393],[112.0260,-7.9394],[112.0250,-7.9398],[112.0236,-7.9394],[112.0232,-7.9390],[112.0228,-7.9382],[112.0223,-7.9372],[112.0260,-7.9374],[112.0266,-7.9358],[112.0267,-7.9348],[112.0309,-7.9345],[112.0309,-7.9315],[112.0300,-7.9313],[112.0294,-7.9308],[112.0283,-7.9302],[112.0283,-7.9285],[112.0278,-7.9267],[112.0238,-7.9245],[112.0240,-7.9235],[112.0230,-7.9229],[112.0222,-7.9219],[112.0215,-7.9216],[112.0210,-7.9207],[112.0205,-7.9195],[112.0268,-7.9190],[112.02788970000006,-7.917808]]],[[[112.055082,-7.936490399999968],[112.0569,-7.9376],[112.0586,-7.9378],[112.0609,-7.9385],[112.0614,-7.9395],[112.0625,-7.9407],[112.0635,-7.9418],[112.0640,-7.9410],[112.0653,-7.9412],[112.0669,-7.9422],[112.0681,-7.9422],[112.0690,-7.9421],[112.0698,-7.9422],[112.0698,-7.9426],[112.0692,-7.9446],[112.0692,-7.9460],[112.0689,-7.9478],[112.0687,-7.9489],[112.0684,-7.9499],[112.0654,-7.9521],[112.0625,-7.9529],[112.0604,-7.9532],[112.0588,-7.9538],[112.0576,-7.9550],[112.0569,-7.9555],[112.0554,-7.9548],[112.0540,-7.9548],[112.0524,-7.9553],[112.0508,-7.9560],[112.0488,-7.9563],[112.0478,-7.9566],[112.0461,-7.9569],[112.0457,-7.9565],[112.0450,-7.9562],[112.0452,-7.9543],[112.0432,-7.9531],[112.0413,-7.9508],[112.0412,-7.9498],[112.0397,-7.9492],[112.0373,-7.9466],[112.0375,-7.9460],[112.0379,-7.9451],[112.0396,-7.9439],[112.0418,-7.9439],[112.0423,-7.9416],[112.0446,-7.9374],[112.0454,-7.9342],[112.0464,-7.9342],[112.0479,-7.9344],[112.0497,-7.9344],[112.0514,-7.9349],[112.0541,-7.9356],[112.0548,-7.9364],[112.055082,-7.936490399999968]]],[[[112.07315060000008,-7.908669199999963],[112.0749,-7.9137],[112.0744,-7.9156],[112.0733,-7.9215],[112.0739,-7.9232],[112.0733,-7.9240],[112.0728,-7.9274],[112.0715,-7.9290],[112.0685,-7.9283],[112.0596,-7.9259],[112.0588,-7.9215],[112.0584,-7.9224],[112.0551,-7.9218],[112.0521,-7.9234],[112.0524,-7.9215],[112.0530,-7.9168],[112.0537,-7.9151],[112.0559,-7.9136],[112.0562,-7.9127],[112.0565,-7.9118],[112.0570,-7.9098],[112.0587,-7.9080],[112.0594,-7.9053],[112.0647,-7.9062],[112.0655,-7.9062],[112.0664,-7.9066],[112.0676,-7.9068],[112.0685,-7.9072],[112.0703,-7.9080],[112.0720,-7.9085],[112.07315060000008,-7.908669199999963]]],[[[112.0557371000001,-7.871457599999928],[112.0559,-7.8726],[112.0552,-7.8754],[112.0538,-7.8778],[112.0532,-7.8789],[112.0525,-7.8820],[112.0521,-7.8828],[112.0502,-7.8887],[112.0470,-7.8877],[112.0458,-7.8872],[112.0440,-7.8857],[112.0415,-7.8846],[112.0406,-7.8831],[112.0389,-7.8801],[112.0374,-7.8769],[112.0385,-7.8740],[112.0375,-7.8728],[112.0377,-7.8719],[112.0424,-7.8717],[112.0476,-7.8678],[112.0516,-7.8689],[112.0557371000001,-7.871457599999928]]],[[[112.05020330000002,-7.888692599999956],[112.0518,-7.8894],[112.0498,-7.8937],[112.0519,-7.8947],[112.0523,-7.8980],[112.0517,-7.8986],[112.0510,-7.9010],[112.0490,-7.9019],[112.0477,-7.9038],[112.0469,-7.9052],[112.0461,-7.9057],[112.0445,-7.9054],[112.0410,-7.9033],[112.0407,-7.9033],[112.0387,-7.9042],[112.0381,-7.9044],[112.0363,-7.9051],[112.0349,-7.9052],[112.0347,-7.9038],[112.0342,-7.9007],[112.0327,-7.8999],[112.0305,-7.8995],[112.0283,-7.8989],[112.0290,-7.8959],[112.0295,-7.8935],[112.0312,-7.8912],[112.0322,-7.8892],[112.0345,-7.8878],[112.0392,-7.8874],[112.0403,-7.8839],[112.0440,-7.8858],[112.0447,-7.8870],[112.0470,-7.8877],[112.0501,-7.8887],[112.05020330000002,-7.888692599999956]]],[[[112.06805970000005,-7.900128],[112.0707,-7.9007],[112.0758,-7.9024],[112.0750,-7.9082],[112.0732,-7.9087],[112.0717,-7.9085],[112.0690,-7.9076],[112.0680,-7.9069],[112.0666,-7.9065],[112.0660,-7.9065],[112.0651,-7.9063],[112.0594,-7.9040],[112.0587,-7.9079],[112.0579,-7.9101],[112.0566,-7.9113],[112.0563,-7.9122],[112.0559,-7.9135],[112.0549,-7.9134],[112.0547,-7.9113],[112.0532,-7.9109],[112.0523,-7.9102],[112.0515,-7.9094],[112.0498,-7.9077],[112.0468,-7.9059],[112.0472,-7.9048],[112.0479,-7.9037],[112.0497,-7.9025],[112.0514,-7.8997],[112.0518,-7.8986],[112.0524,-7.8975],[112.0546,-7.8956],[112.0552,-7.8962],[112.0565,-7.8966],[112.0608,-7.8993],[112.0642,-7.9003],[112.0667,-7.9000],[112.0680,-7.9001],[112.06805970000005,-7.900128]]],[[[112.03492970000002,-7.905158],[112.0347,-7.9064],[112.0344,-7.9074],[112.0342,-7.9084],[112.0339,-7.9097],[112.0336,-7.9113],[112.0335,-7.9126],[112.0335,-7.9140],[112.0328,-7.9143],[112.0315,-7.9146],[112.0283,-7.9141],[112.0279,-7.9178],[112.0208,-7.9167],[112.0208,-7.9152],[112.0194,-7.9150],[112.0195,-7.9142],[112.0199,-7.9128],[112.0202,-7.9117],[112.0204,-7.9104],[112.0204,-7.9088],[112.0203,-7.9053],[112.0223,-7.9044],[112.0238,-7.9029],[112.0261,-7.9008],[112.0277,-7.8988],[112.0301,-7.8994],[112.0326,-7.8999],[112.0341,-7.9001],[112.0347,-7.9036],[112.0349,-7.9048],[112.03492970000002,-7.905158]]],[[[112.07276630000001,-7.927438499999937],[112.0772,-7.9301],[112.0801,-7.9324],[112.0796,-7.9345],[112.0794,-7.9369],[112.0794,-7.9393],[112.0792,-7.9425],[112.0794,-7.9444],[112.0787,-7.9479],[112.0783,-7.9484],[112.0775,-7.9493],[112.0807,-7.9512],[112.0804,-7.9561],[112.0790,-7.9551],[112.0771,-7.9548],[112.0741,-7.9542],[112.0717,-7.9524],[112.0711,-7.9521],[112.0684,-7.9515],[112.0685,-7.9499],[112.0688,-7.9485],[112.0692,-7.9464],[112.0694,-7.9454],[112.0697,-7.9434],[112.0699,-7.9423],[112.0695,-7.9421],[112.0686,-7.9422],[112.0674,-7.9423],[112.0662,-7.9418],[112.0647,-7.9411],[112.0638,-7.9416],[112.0632,-7.9416],[112.0623,-7.9403],[112.0609,-7.9386],[112.0593,-7.9379],[112.0574,-7.9376],[112.0553,-7.9372],[112.0552,-7.9352],[112.0553,-7.9344],[112.0547,-7.9318],[112.0554,-7.9286],[112.0570,-7.9291],[112.0596,-7.9260],[112.0603,-7.9269],[112.0715,-7.9290],[112.0716,-7.9273],[112.07276630000001,-7.927438499999937]]],[[[112.02637590000006,-7.939322799999957],[112.0269,-7.9389],[112.0275,-7.9390],[112.0278,-7.9391],[112.0283,-7.9391],[112.0289,-7.9398],[112.0293,-7.9403],[112.0298,-7.9406],[112.0307,-7.9407],[112.0320,-7.9412],[112.0337,-7.9417],[112.0337,-7.9441],[112.0364,-7.9454],[112.0372,-7.9461],[112.0376,-7.9476],[112.0403,-7.9494],[112.0410,-7.9504],[112.0411,-7.9525],[112.0440,-7.9540],[112.0450,-7.9560],[112.0454,-7.9564],[112.0459,-7.9566],[112.0453,-7.9576],[112.0442,-7.9596],[112.0440,-7.9609],[112.0428,-7.9615],[112.0426,-7.9625],[112.0421,-7.9633],[112.0408,-7.9631],[112.0393,-7.9625],[112.0375,-7.9637],[112.0356,-7.9650],[112.0340,-7.9649],[112.0315,-7.9650],[112.0306,-7.9656],[112.0288,-7.9656],[112.0268,-7.9653],[112.0260,-7.9645],[112.0253,-7.9643],[112.0249,-7.9639],[112.0229,-7.9620],[112.0239,-7.9616],[112.0236,-7.9590],[112.0215,-7.9578],[112.0207,-7.9563],[112.0190,-7.9530],[112.0191,-7.9515],[112.0185,-7.9511],[112.0188,-7.9499],[112.0192,-7.9473],[112.0197,-7.9453],[112.0199,-7.9443],[112.0200,-7.9433],[112.0202,-7.9415],[112.0205,-7.9390],[112.0209,-7.9376],[112.0218,-7.9378],[112.0218,-7.9387],[112.0225,-7.9398],[112.0232,-7.9402],[112.0232,-7.9411],[112.0245,-7.9413],[112.0254,-7.9409],[112.0259,-7.9404],[112.02637590000006,-7.939322799999957]]],[[[112.04677970000012,-7.905888],[112.0498,-7.9077],[112.0515,-7.9094],[112.0523,-7.9102],[112.0532,-7.9109],[112.0547,-7.9113],[112.0549,-7.9134],[112.0531,-7.9166],[112.0526,-7.9194],[112.0524,-7.9215],[112.0519,-7.9249],[112.0495,-7.9244],[112.0451,-7.9237],[112.0407,-7.9204],[112.0399,-7.9215],[112.0378,-7.9200],[112.0365,-7.9205],[112.0333,-7.9205],[112.0326,-7.9188],[112.0283,-7.9179],[112.0277,-7.9139],[112.0313,-7.9153],[112.0325,-7.9142],[112.0335,-7.9144],[112.0335,-7.9128],[112.0336,-7.9117],[112.0338,-7.9104],[112.0342,-7.9087],[112.0344,-7.9075],[112.0347,-7.9064],[112.0349,-7.9052],[112.0360,-7.9051],[112.0374,-7.9047],[112.0384,-7.9043],[112.0400,-7.9037],[112.0410,-7.9032],[112.0441,-7.9052],[112.0456,-7.9056],[112.04677970000012,-7.905888]]]],"type":"MultiPolygon"}},{"properties":{"district":"Wates","district_code":"id3506070","regency":"Kediri"},"type":"Feature","geometry":{"coordinates":[[[[112.09650060000001,-7.933902799999942],[112.0977,-7.9352],[112.0992,-7.9356],[112.1018,-7.9362],[112.1015,-7.9381],[112.1014,-7.9389],[112.1024,-7.9392],[112.1046,-7.9391],[112.1062,-7.9392],[112.1098,-7.9378],[112.1143,-7.9385],[112.1138,-7.9400],[112.1133,-7.9412],[112.1125,-7.9423],[112.1116,-7.9430],[112.1109,-7.9451],[112.1102,-7.9471],[112.1092,-7.9507],[112.1084,-7.9535],[112.1080,-7.9550],[112.1078,-7.9560],[112.1075,-7.9578],[112.1074,-7.9590],[112.1078,-7.9600],[112.1062,-7.9608],[112.1047,-7.9598],[112.1030,-7.9598],[112.1006,-7.9590],[112.0984,-7.9584],[112.0975,-7.9581],[112.0949,-7.9571],[112.0924,-7.9566],[112.0886,-7.9573],[112.0870,-7.9576],[112.0853,-7.9575],[112.0839,-7.9575],[112.0825,-7.9574],[112.0816,-7.9574],[112.0804,-7.9561],[112.0806,-7.9520],[112.0777,-7.9495],[112.0780,-7.9489],[112.0786,-7.9480],[112.0791,-7.9459],[112.0792,-7.9428],[112.0794,-7.9402],[112.0796,-7.9369],[112.0796,-7.9345],[112.0800,-7.9326],[112.0815,-7.9316],[112.0850,-7.9319],[112.0892,-7.9329],[112.0938,-7.9337],[112.09650060000001,-7.933902799999942]]],[[[112.10834780000005,-7.908503899999971],[112.1104,-7.9095],[112.1109,-7.9105],[112.1111,-7.9111],[112.1129,-7.9120],[112.1139,-7.9128],[112.1147,-7.9132],[112.1157,-7.9140],[112.1165,-7.9147],[112.1187,-7.9151],[112.1200,-7.9156],[112.1211,-7.9160],[112.1213,-7.9157],[112.1219,-7.9160],[112.1212,-7.9176],[112.1210,-7.9180],[112.1208,-7.9183],[112.1199,-7.9191],[112.1186,-7.9204],[112.1185,-7.9213],[112.1175,-7.9227],[112.1164,-7.9229],[112.1151,-7.9228],[112.1135,-7.9226],[112.1124,-7.9229],[112.1112,-7.9235],[112.1095,-7.9241],[112.1079,-7.9242],[112.1072,-7.9244],[112.1069,-7.9233],[112.1060,-7.9235],[112.1053,-7.9237],[112.1041,-7.9238],[112.1037,-7.9242],[112.1025,-7.9244],[112.1012,-7.9245],[112.0999,-7.9241],[112.0981,-7.9225],[112.0935,-7.9206],[112.0950,-7.9153],[112.0962,-7.9112],[112.0988,-7.9120],[112.1014,-7.9130],[112.1018,-7.9124],[112.1024,-7.9107],[112.1030,-7.9093],[112.1026,-7.9085],[112.1043,-7.9051],[112.1055,-7.9052],[112.1062,-7.9058],[112.1069,-7.9069],[112.1072,-7.9077],[112.10834780000005,-7.908503899999971]]],[[[112.12567950000005,-7.900039],[112.1267,-7.9013],[112.1262,-7.9022],[112.1269,-7.9028],[112.1266,-7.9037],[112.1269,-7.9047],[112.1267,-7.9062],[112.1273,-7.9068],[112.1290,-7.9074],[112.1316,-7.9085],[112.1338,-7.9088],[112.1355,-7.9099],[112.1352,-7.9109],[112.1346,-7.9127],[112.1337,-7.9132],[112.1301,-7.9130],[112.1285,-7.9120],[112.1271,-7.9114],[112.1263,-7.9109],[112.1256,-7.9107],[112.1255,-7.9112],[112.1255,-7.9117],[112.1251,-7.9118],[112.1243,-7.9116],[112.1218,-7.9102],[112.1213,-7.9092],[112.1202,-7.9088],[112.1189,-7.9081],[112.1151,-7.9044],[112.1143,-7.9023],[112.1143,-7.9018],[112.1146,-7.9005],[112.1135,-7.9004],[112.1132,-7.8998],[112.1134,-7.8992],[112.1137,-7.8989],[112.1139,-7.8984],[112.1147,-7.8986],[112.1158,-7.8991],[112.1171,-7.8997],[112.1172,-7.8987],[112.1173,-7.8983],[112.1183,-7.8977],[112.1197,-7.8981],[112.1213,-7.8986],[112.1221,-7.8987],[112.1226,-7.8992],[112.1238,-7.8996],[112.1250,-7.8999],[112.12567950000005,-7.900039]]],[[[112.080984,-7.84412279999998],[112.0823,-7.8450],[112.0829,-7.8465],[112.0831,-7.8489],[112.0830,-7.8511],[112.0830,-7.8520],[112.0825,-7.8540],[112.0820,-7.8539],[112.0805,-7.8575],[112.0759,-7.8573],[112.0748,-7.8580],[112.0751,-7.8589],[112.0740,-7.8619],[112.0737,-7.8628],[112.0750,-7.8644],[112.0748,-7.8658],[112.0742,-7.8671],[112.0749,-7.8680],[112.0754,-7.8690],[112.0752,-7.8706],[112.0733,-7.8700],[112.0736,-7.8686],[112.0725,-7.8669],[112.0711,-7.8654],[112.0697,-7.8637],[112.0673,-7.8615],[112.0660,-7.8585],[112.0666,-7.8558],[112.0664,-7.8547],[112.0664,-7.8539],[112.0656,-7.8527],[112.0683,-7.8524],[112.0691,-7.8508],[112.0671,-7.8501],[112.0654,-7.8488],[112.0661,-7.8485],[112.0680,-7.8486],[112.0685,-7.8473],[112.0695,-7.8452],[112.0722,-7.8462],[112.0728,-7.8470],[112.0759,-7.8485],[112.0775,-7.8492],[112.0781,-7.8481],[112.0785,-7.8471],[112.0802,-7.8463],[112.0808,-7.8441],[112.080984,-7.84412279999998]]],[[[112.06872,-7.88059979999997],[112.0691,-7.8806],[112.0705,-7.8818],[112.0698,-7.8841],[112.0690,-7.8873],[112.0698,-7.8884],[112.0700,-7.8923],[112.0699,-7.8945],[112.0700,-7.8973],[112.0693,-7.8990],[112.0680,-7.9001],[112.0667,-7.9000],[112.0642,-7.9003],[112.0608,-7.8993],[112.0565,-7.8966],[112.0552,-7.8962],[112.0546,-7.8956],[112.0515,-7.8945],[112.0497,-7.8937],[112.0517,-7.8894],[112.0509,-7.8868],[112.0522,-7.8828],[112.0525,-7.8820],[112.0535,-7.8783],[112.0547,-7.8786],[112.0554,-7.8798],[112.0559,-7.8799],[112.0569,-7.8780],[112.0575,-7.8770],[112.0586,-7.8775],[112.0593,-7.8779],[112.0606,-7.8763],[112.0618,-7.8787],[112.0634,-7.8788],[112.0638,-7.8792],[112.0645,-7.8797],[112.0651,-7.8800],[112.0659,-7.8804],[112.0663,-7.8801],[112.0668,-7.8800],[112.0669,-7.8797],[112.0677,-7.8800],[112.0683,-7.8807],[112.06872,-7.88059979999997]]],[[[112.10672430000011,-7.876838599999928],[112.1091,-7.8799],[112.1098,-7.8803],[112.1107,-7.8814],[112.1123,-7.8831],[112.1131,-7.8843],[112.1133,-7.8857],[112.1139,-7.8867],[112.1134,-7.8869],[112.1120,-7.8868],[112.1104,-7.8882],[112.1100,-7.8890],[112.1079,-7.8883],[112.1068,-7.8865],[112.1058,-7.8861],[112.1052,-7.8849],[112.1042,-7.8846],[112.1036,-7.8844],[112.1031,-7.8834],[112.1013,-7.8829],[112.1005,-7.8835],[112.0989,-7.8837],[112.0979,-7.8841],[112.0971,-7.8843],[112.0966,-7.8847],[112.0955,-7.8842],[112.0951,-7.8838],[112.0950,-7.8825],[112.0942,-7.8819],[112.0938,-7.8805],[112.0937,-7.8798],[112.0936,-7.8786],[112.0927,-7.8779],[112.0929,-7.8770],[112.0930,-7.8765],[112.0932,-7.8760],[112.0941,-7.8757],[112.0951,-7.8770],[112.0950,-7.8762],[112.0947,-7.8757],[112.0944,-7.8752],[112.0947,-7.8746],[112.0949,-7.8743],[112.0971,-7.8761],[112.0983,-7.8769],[112.0985,-7.8775],[112.1029,-7.8790],[112.1044,-7.8783],[112.1048,-7.8780],[112.1055,-7.8775],[112.1061,-7.8772],[112.1067,-7.8769],[112.10672430000011,-7.876838599999928]]],[[[112.0724126,-7.872693399999946],[112.0732,-7.8730],[112.0753,-7.8744],[112.0775,-7.8748],[112.0794,-7.8765],[112.0801,-7.8781],[112.0806,-7.8793],[112.0811,-7.8805],[112.0817,-7.8824],[112.0824,-7.8835],[112.0828,-7.8852],[112.0840,-7.8868],[112.0845,-7.8875],[112.0848,-7.8883],[112.0860,-7.8893],[112.0862,-7.8900],[112.0878,-7.8916],[112.0869,-7.8954],[112.0868,-7.8958],[112.0855,-7.9034],[112.0853,-7.9078],[112.0836,-7.9096],[112.0824,-7.9097],[112.0808,-7.9097],[112.0794,-7.9094],[112.0775,-7.9090],[112.0760,-7.9042],[112.0728,-7.9013],[112.0706,-7.9007],[112.0682,-7.8994],[112.0698,-7.8984],[112.0698,-7.8961],[112.0699,-7.8939],[112.0699,-7.8900],[112.0690,-7.8879],[112.0693,-7.8859],[112.0699,-7.8835],[112.0699,-7.8808],[112.0689,-7.8805],[112.0690,-7.8783],[112.0692,-7.8759],[112.0693,-7.8750],[112.0700,-7.8729],[112.0710,-7.8729],[112.0724,-7.8728],[112.0724126,-7.872693399999946]]],[[[112.13207960000011,-7.884338],[112.1328,-7.8853],[112.1338,-7.8862],[112.1326,-7.8884],[112.1321,-7.8895],[112.1320,-7.8896],[112.1303,-7.8928],[112.1295,-7.8943],[112.1289,-7.8949],[112.1280,-7.8970],[112.1268,-7.8967],[112.1261,-7.8985],[112.1257,-7.9001],[112.1241,-7.8996],[112.1226,-7.8994],[112.1225,-7.8989],[112.1215,-7.8987],[112.1200,-7.8983],[112.1185,-7.8976],[112.1176,-7.8974],[112.1173,-7.8985],[112.1171,-7.8993],[112.1162,-7.8994],[112.1151,-7.8988],[112.1139,-7.8983],[112.1138,-7.8988],[112.1134,-7.8991],[112.1132,-7.8990],[112.1124,-7.8982],[112.1108,-7.8972],[112.1100,-7.8970],[112.1107,-7.8961],[112.1112,-7.8946],[112.1110,-7.8935],[112.1096,-7.8921],[112.1095,-7.8915],[112.1094,-7.8906],[112.1092,-7.8898],[112.1103,-7.8882],[112.1106,-7.8877],[112.1131,-7.8875],[112.1139,-7.8871],[112.1144,-7.8880],[112.1150,-7.8880],[112.1196,-7.8903],[112.1199,-7.8894],[112.1199,-7.8886],[112.1208,-7.8861],[112.1209,-7.8849],[112.1211,-7.8838],[112.1215,-7.8824],[112.1258,-7.8816],[112.1296,-7.8832],[112.1317,-7.8842],[112.13207960000011,-7.884338]]],[[[112.07503070000007,-7.908191699999975],[112.0783,-7.9090],[112.0797,-7.9094],[112.0812,-7.9098],[112.0826,-7.9097],[112.0842,-7.9097],[112.0857,-7.9099],[112.0876,-7.9096],[112.0889,-7.9101],[112.0904,-7.9100],[112.0913,-7.9101],[112.0920,-7.9109],[112.0934,-7.9106],[112.0950,-7.9109],[112.0952,-7.9146],[112.0940,-7.9188],[112.0974,-7.9222],[112.1002,-7.9235],[112.0979,-7.9286],[112.0969,-7.9314],[112.0953,-7.9339],[112.0897,-7.9330],[112.0871,-7.9326],[112.0835,-7.9317],[112.0804,-7.9309],[112.0750,-7.9278],[112.0732,-7.9240],[112.0739,-7.9235],[112.0732,-7.9218],[112.0743,-7.9156],[112.0745,-7.9149],[112.0731,-7.9089],[112.0737,-7.9079],[112.07503070000007,-7.908191699999975]]],[[[112.11637850000011,-7.922921599999938],[112.1159,-7.9255],[112.1159,-7.9267],[112.1161,-7.9273],[112.1158,-7.9287],[112.1152,-7.9318],[112.1149,-7.9349],[112.1148,-7.9370],[112.1098,-7.9378],[112.1062,-7.9392],[112.1046,-7.9391],[112.1024,-7.9392],[112.1014,-7.9389],[112.1015,-7.9381],[112.1018,-7.9362],[112.0992,-7.9356],[112.0977,-7.9352],[112.0965,-7.9339],[112.0971,-7.9299],[112.0994,-7.9253],[112.1008,-7.9244],[112.1023,-7.9244],[112.1035,-7.9241],[112.1040,-7.9239],[112.1048,-7.9240],[112.1059,-7.9236],[112.1067,-7.9233],[112.1071,-7.9242],[112.1077,-7.9242],[112.1092,-7.9241],[112.1112,-7.9235],[112.1123,-7.9229],[112.1130,-7.9227],[112.1148,-7.9228],[112.1161,-7.9229],[112.11637850000011,-7.922921599999938]]],[[[112.09511970000005,-7.852548],[112.0968,-7.8531],[112.0992,-7.8539],[112.1008,-7.8545],[112.1007,-7.8548],[112.1005,-7.8555],[112.1000,-7.8565],[112.0990,-7.8603],[112.0968,-7.8643],[112.0965,-7.8648],[112.0960,-7.8651],[112.0960,-7.8671],[112.0952,-7.8683],[112.0943,-7.8689],[112.0931,-7.8717],[112.0919,-7.8707],[112.0919,-7.8700],[112.0918,-7.8690],[112.0911,-7.8682],[112.0904,-7.8684],[112.0887,-7.8665],[112.0878,-7.8662],[112.0850,-7.8657],[112.0838,-7.8658],[112.0838,-7.867],[112.0844,-7.8684],[112.0834,-7.8687],[112.0801,-7.8686],[112.0790,-7.8686],[112.0779,-7.8725],[112.0756,-7.8715],[112.0753,-7.8703],[112.0755,-7.8689],[112.0743,-7.8680],[112.0746,-7.8665],[112.0750,-7.8655],[112.0748,-7.8640],[112.0735,-7.8624],[112.0747,-7.8607],[112.0751,-7.8589],[112.0753,-7.8568],[112.0771,-7.8580],[112.0813,-7.8574],[112.0820,-7.8539],[112.0829,-7.8542],[112.0830,-7.8520],[112.0830,-7.8506],[112.0852,-7.8496],[112.0887,-7.8506],[112.0910,-7.8513],[112.09511970000005,-7.852548]]],[[[112.06928060000007,-7.874990899999943],[112.0692,-7.8759],[112.0688,-7.8800],[112.0683,-7.8807],[112.0677,-7.8800],[112.0669,-7.8797],[112.0668,-7.8800],[112.0663,-7.8801],[112.0659,-7.8804],[112.0651,-7.8800],[112.0645,-7.8797],[112.0638,-7.8792],[112.0634,-7.8788],[112.0618,-7.8787],[112.0606,-7.8763],[112.0593,-7.8779],[112.0586,-7.8775],[112.0575,-7.8770],[112.0569,-7.8780],[112.0559,-7.8799],[112.0554,-7.8798],[112.0547,-7.8786],[112.0537,-7.8778],[112.0561,-7.8742],[112.0559,-7.8724],[112.0557,-7.8711],[112.0557,-7.8695],[112.0567,-7.8669],[112.0566,-7.8656],[112.0580,-7.8651],[112.0601,-7.8655],[112.0622,-7.8664],[112.0635,-7.8669],[112.0660,-7.8683],[112.0685,-7.8729],[112.06928060000007,-7.874990899999943]]],[[[112.09323340000003,-7.871719299999938],[112.0944,-7.8723],[112.0945,-7.8725],[112.0944,-7.8733],[112.0948,-7.8742],[112.0947,-7.8747],[112.0944,-7.8753],[112.0949,-7.8759],[112.0950,-7.8764],[112.0947,-7.8766],[112.0938,-7.8757],[112.0931,-7.8763],[112.0930,-7.8766],[112.0928,-7.8774],[112.0927,-7.8781],[112.0937,-7.8790],[112.0935,-7.8801],[112.0939,-7.8807],[112.0943,-7.8821],[112.0951,-7.8828],[112.0951,-7.8838],[112.0957,-7.8843],[112.0966,-7.8847],[112.0976,-7.8845],[112.0982,-7.8842],[112.0997,-7.8840],[112.1005,-7.8834],[112.1017,-7.8830],[112.1034,-7.8837],[112.1036,-7.8844],[112.1048,-7.8846],[112.1052,-7.8853],[112.1060,-7.8863],[112.1069,-7.8867],[112.1089,-7.8894],[112.1093,-7.8904],[112.1095,-7.8914],[112.1094,-7.8920],[112.1106,-7.8931],[112.1110,-7.8944],[112.1116,-7.8953],[112.1100,-7.8960],[112.1076,-7.8955],[112.1067,-7.8950],[112.1049,-7.8937],[112.1042,-7.8925],[112.1042,-7.8920],[112.1038,-7.8915],[112.1029,-7.8906],[112.1016,-7.8893],[112.1016,-7.8889],[112.0995,-7.8882],[112.0982,-7.8918],[112.0959,-7.8904],[112.0937,-7.8904],[112.0921,-7.8908],[112.0881,-7.8903],[112.0862,-7.8900],[112.0860,-7.8893],[112.0848,-7.8883],[112.0845,-7.8875],[112.0840,-7.8868],[112.0828,-7.8852],[112.0824,-7.8835],[112.0817,-7.8824],[112.0811,-7.8805],[112.0806,-7.8793],[112.0801,-7.8781],[112.0794,-7.8765],[112.0775,-7.8748],[112.0753,-7.8744],[112.0732,-7.8730],[112.0724,-7.8727],[112.0733,-7.8701],[112.0756,-7.8715],[112.0779,-7.8725],[112.0790,-7.8686],[112.0801,-7.8686],[112.0834,-7.8687],[112.0844,-7.8684],[112.0838,-7.867],[112.0838,-7.8658],[112.0850,-7.8657],[112.0878,-7.8662],[112.0887,-7.8665],[112.0904,-7.8684],[112.0911,-7.8682],[112.0918,-7.8690],[112.0919,-7.8700],[112.0919,-7.8707],[112.0931,-7.8717],[112.09323340000003,-7.871719299999938]]],[[[112.13438460000009,-7.913486399999954],[112.1348,-7.9142],[112.1346,-7.9157],[112.1351,-7.9166],[112.1366,-7.9182],[112.1377,-7.9189],[112.1377,-7.9203],[112.1373,-7.9218],[112.1391,-7.9225],[112.1389,-7.9234],[112.1384,-7.9250],[112.1390,-7.9261],[112.1418,-7.9263],[112.1405,-7.9279],[112.1384,-7.9277],[112.1339,-7.9261],[112.1318,-7.9259],[112.1304,-7.9262],[112.1284,-7.9258],[112.1275,-7.9259],[112.1272,-7.9270],[112.1270,-7.9290],[112.1272,-7.9331],[112.1278,-7.9351],[112.1278,-7.9364],[112.1275,-7.9374],[112.1272,-7.9395],[112.1273,-7.9428],[112.1273,-7.9453],[112.1252,-7.9454],[112.1249,-7.9452],[112.1237,-7.9450],[112.1224,-7.9442],[112.1193,-7.9430],[112.1159,-7.9412],[112.1144,-7.9403],[112.1143,-7.9391],[112.1149,-7.9363],[112.1151,-7.9335],[112.1154,-7.9309],[112.1159,-7.9278],[112.1161,-7.9272],[112.1159,-7.9266],[112.1159,-7.9255],[112.1164,-7.9226],[112.1177,-7.9218],[112.1182,-7.9210],[112.1193,-7.9195],[112.1201,-7.9190],[112.1209,-7.9183],[112.1210,-7.9179],[112.1213,-7.9173],[112.1220,-7.9160],[112.1236,-7.9166],[112.1250,-7.9170],[112.1256,-7.9175],[112.1267,-7.9181],[112.1273,-7.9183],[112.1277,-7.9181],[112.1285,-7.9182],[112.1289,-7.9166],[112.1293,-7.9154],[112.1302,-7.9128],[112.13438460000009,-7.913486399999954]]],[[[112.13816960000008,-7.884888],[112.1392,-7.8850],[112.1401,-7.8846],[112.1420,-7.8861],[112.1430,-7.8877],[112.1440,-7.8877],[112.1456,-7.8884],[112.1471,-7.8888],[112.1490,-7.8896],[112.1489,-7.8906],[112.1504,-7.8920],[112.1509,-7.8924],[112.1521,-7.8932],[112.1534,-7.8941],[112.1551,-7.8951],[112.1558,-7.8952],[112.1571,-7.8977],[112.1567,-7.9002],[112.1563,-7.9030],[112.1561,-7.9045],[112.1555,-7.9083],[112.1544,-7.9102],[112.1540,-7.9109],[112.1528,-7.9116],[112.1514,-7.9115],[112.1500,-7.9103],[112.1495,-7.9098],[112.1490,-7.9096],[112.1488,-7.9088],[112.1475,-7.9082],[112.1467,-7.9081],[112.1454,-7.9077],[112.1446,-7.9070],[112.1436,-7.9067],[112.1429,-7.9063],[112.1423,-7.9055],[112.1422,-7.9051],[112.1430,-7.9045],[112.1426,-7.9038],[112.1421,-7.9031],[112.1419,-7.9013],[112.1412,-7.9003],[112.1398,-7.8995],[112.1391,-7.8986],[112.1394,-7.8971],[112.1399,-7.8952],[112.1388,-7.8948],[112.1383,-7.8944],[112.1376,-7.8939],[112.1371,-7.8930],[112.1348,-7.8918],[112.1338,-7.8912],[112.1332,-7.8905],[112.1321,-7.8895],[112.1324,-7.8888],[112.1332,-7.8873],[112.1331,-7.8856],[112.1321,-7.8846],[112.1347,-7.8851],[112.1368,-7.8855],[112.1372,-7.8851],[112.1379,-7.8847],[112.13816960000008,-7.884888]]],[[[112.14882510000007,-7.909642899999938],[112.1464,-7.9091],[112.1458,-7.9096],[112.1447,-7.9118],[112.1445,-7.9124],[112.1442,-7.9131],[112.1439,-7.9143],[112.1436,-7.9146],[112.1435,-7.9151],[112.1430,-7.9163],[112.1421,-7.9171],[112.1406,-7.9185],[112.1396,-7.9211],[112.1388,-7.9223],[112.1372,-7.9218],[112.1378,-7.9198],[112.1372,-7.9188],[112.1363,-7.9179],[112.1350,-7.9162],[112.1347,-7.9153],[112.1350,-7.9138],[112.1344,-7.9132],[112.1351,-7.9111],[112.1354,-7.9100],[112.1348,-7.9093],[112.1317,-7.9080],[112.1297,-7.9077],[112.1279,-7.9071],[112.1268,-7.9064],[112.1269,-7.9052],[112.1267,-7.9039],[112.1267,-7.9031],[112.1261,-7.9024],[112.1266,-7.9016],[112.1267,-7.9005],[112.1261,-7.8985],[112.1268,-7.8967],[112.1280,-7.8970],[112.1289,-7.8949],[112.1295,-7.8943],[112.1303,-7.8928],[112.1320,-7.8896],[112.1324,-7.8896],[112.1332,-7.8907],[112.1341,-7.8914],[112.1351,-7.8918],[112.1375,-7.8932],[112.1376,-7.8940],[112.1383,-7.8944],[112.1392,-7.8950],[112.1396,-7.8958],[112.1393,-7.8975],[112.1391,-7.8988],[112.1401,-7.8998],[112.1415,-7.9005],[112.1419,-7.9016],[112.1421,-7.9031],[112.1426,-7.9038],[112.1428,-7.9047],[112.1422,-7.9052],[112.1425,-7.9057],[112.1431,-7.9065],[112.1436,-7.9067],[112.1448,-7.9071],[112.1458,-7.9079],[112.1467,-7.9081],[112.1477,-7.9084],[112.1488,-7.9089],[112.14882510000007,-7.909642899999938]]],[[[112.13010050000003,-7.912991299999931],[112.1291,-7.9159],[112.1287,-7.9174],[112.1281,-7.9180],[112.1275,-7.9184],[112.1272,-7.9183],[112.1262,-7.9178],[112.1254,-7.9172],[112.1242,-7.9170],[112.1232,-7.9164],[112.1219,-7.9160],[112.1211,-7.9156],[112.1210,-7.9161],[112.1197,-7.9154],[112.1183,-7.9149],[112.1163,-7.9146],[112.1153,-7.9134],[112.1145,-7.9131],[112.1135,-7.9124],[112.1125,-7.9119],[112.1111,-7.9111],[112.1108,-7.9102],[112.1100,-7.9093],[112.1089,-7.9077],[112.1081,-7.9067],[112.1093,-7.9055],[112.1132,-7.8998],[112.1135,-7.9004],[112.1146,-7.9005],[112.1143,-7.9018],[112.1143,-7.9023],[112.1151,-7.9044],[112.1189,-7.9081],[112.1202,-7.9088],[112.1213,-7.9092],[112.1218,-7.9102],[112.1243,-7.9116],[112.1251,-7.9118],[112.1255,-7.9117],[112.1255,-7.9112],[112.1256,-7.9107],[112.1263,-7.9109],[112.1271,-7.9114],[112.1285,-7.9120],[112.13010050000003,-7.912991299999931]]],[[[112.11026960000004,-7.896288],[112.1100,-7.8971],[112.1111,-7.8976],[112.1127,-7.8985],[112.1132,-7.8992],[112.1132,-7.8998],[112.1093,-7.9055],[112.1081,-7.9067],[112.1089,-7.9077],[112.1074,-7.9079],[112.1070,-7.9072],[112.1063,-7.9061],[112.1056,-7.9050],[112.1049,-7.9050],[112.1026,-7.9084],[112.1032,-7.9090],[112.1029,-7.9096],[112.1019,-7.9119],[112.1015,-7.9128],[112.0996,-7.9123],[112.0970,-7.9114],[112.0950,-7.9109],[112.0934,-7.9106],[112.0920,-7.9109],[112.0913,-7.9101],[112.0904,-7.9100],[112.0889,-7.9101],[112.0876,-7.9096],[112.0857,-7.9099],[112.0855,-7.9069],[112.0858,-7.9024],[112.0868,-7.8957],[112.0872,-7.8943],[112.0881,-7.8903],[112.0907,-7.8905],[112.0927,-7.8909],[112.0950,-7.8898],[112.0973,-7.8912],[112.0992,-7.8893],[112.1016,-7.8887],[112.1016,-7.8893],[112.1027,-7.8905],[112.1037,-7.8913],[112.1040,-7.8919],[112.1042,-7.8924],[112.1044,-7.8935],[112.1061,-7.8945],[112.1069,-7.8953],[112.1098,-7.8959],[112.11026960000004,-7.896288]]]],"type":"MultiPolygon"}},{"properties":{"district":"Ngancar","district_code":"id3506080","regency":"Kediri"},"type":"Feature","geometry":{"coordinates":[[[[112.19433960000003,-7.904428],[112.1968,-7.9048],[112.2012,-7.9049],[112.2022,-7.9049],[112.2031,-7.9054],[112.2035,-7.9058],[112.2039,-7.9062],[112.2046,-7.9066],[112.2058,-7.9075],[112.2064,-7.9081],[112.2076,-7.9098],[112.2089,-7.9103],[112.2097,-7.9106],[112.2102,-7.9112],[112.2112,-7.9117],[112.2122,-7.9116],[112.2135,-7.9120],[112.2136,-7.9122],[112.2149,-7.9130],[112.2154,-7.9132],[112.2159,-7.9136],[112.2165,-7.9151],[112.2178,-7.9164],[112.2181,-7.9171],[112.2192,-7.9184],[112.2201,-7.9208],[112.2214,-7.9240],[112.2225,-7.9268],[112.2196,-7.9259],[112.2171,-7.9251],[112.2150,-7.9246],[112.2140,-7.9242],[112.2133,-7.9245],[112.2102,-7.9255],[112.2076,-7.9262],[112.2031,-7.9275],[112.2003,-7.9279],[112.1974,-7.9281],[112.1940,-7.9279],[112.1904,-7.9282],[112.1865,-7.9286],[112.1839,-7.9288],[112.1794,-7.9286],[112.1750,-7.9281],[112.1739,-7.9282],[112.1714,-7.9277],[112.1712,-7.9250],[112.1708,-7.9199],[112.1705,-7.9150],[112.1701,-7.9127],[112.1673,-7.9122],[112.1631,-7.9121],[112.1593,-7.9120],[112.1572,-7.9119],[112.1546,-7.9119],[112.1529,-7.9121],[112.1532,-7.9114],[112.1540,-7.9108],[112.1550,-7.9094],[112.1559,-7.9061],[112.1563,-7.9034],[112.1564,-7.9024],[112.1568,-7.9001],[112.1572,-7.8973],[112.1583,-7.8955],[112.1599,-7.8960],[112.1632,-7.8977],[112.1667,-7.8988],[112.1700,-7.8993],[112.1737,-7.9001],[112.1756,-7.9003],[112.1777,-7.9005],[112.1794,-7.9007],[112.1820,-7.9013],[112.1847,-7.9017],[112.1871,-7.9019],[112.1888,-7.9026],[112.1926,-7.9037],[112.19433960000003,-7.904428]]],[[[112.14958750000005,-7.963815099999977],[112.1494,-7.9652],[112.1493,-7.9674],[112.1493,-7.9681],[112.1505,-7.9737],[112.1500,-7.9756],[112.1501,-7.9768],[112.1459,-7.9771],[112.1446,-7.9772],[112.1431,-7.9773],[112.1413,-7.9774],[112.1392,-7.9773],[112.1377,-7.9774],[112.1360,-7.9775],[112.1344,-7.9772],[112.1338,-7.9774],[112.1325,-7.9773],[112.1293,-7.9772],[112.1271,-7.9775],[112.1256,-7.9776],[112.1244,-7.9774],[112.1232,-7.9772],[112.1213,-7.9770],[112.1189,-7.9769],[112.1167,-7.9770],[112.1148,-7.9774],[112.1138,-7.9765],[112.1135,-7.9757],[112.1131,-7.9736],[112.1135,-7.9707],[112.1118,-7.9700],[112.1117,-7.9672],[112.1102,-7.9632],[112.1079,-7.9635],[112.1076,-7.9631],[112.1076,-7.9620],[112.1078,-7.9603],[112.1073,-7.9590],[112.1075,-7.9580],[112.1078,-7.9560],[112.1080,-7.9551],[112.1091,-7.9555],[112.1120,-7.9565],[112.1142,-7.9565],[112.1153,-7.9567],[112.1160,-7.9571],[112.1177,-7.9578],[112.1189,-7.9580],[112.1216,-7.9579],[112.1240,-7.9579],[112.1249,-7.9581],[112.1267,-7.9582],[112.1285,-7.9585],[112.1291,-7.9585],[112.1312,-7.9583],[112.1337,-7.9582],[112.1358,-7.9583],[112.1373,-7.9586],[112.1387,-7.9592],[112.1396,-7.9598],[112.1407,-7.9605],[112.1420,-7.9612],[112.1444,-7.9618],[112.1491,-7.9635],[112.14958750000005,-7.963815099999977]]],[[[112.14882510000007,-7.909642899999938],[112.1494,-7.9095],[112.1496,-7.9099],[112.1501,-7.9108],[112.1523,-7.9118],[112.1541,-7.9122],[112.1567,-7.9119],[112.1590,-7.9120],[112.1627,-7.9121],[112.1655,-7.9122],[112.1698,-7.9123],[112.1705,-7.9142],[112.1708,-7.9181],[112.1711,-7.9238],[112.1714,-7.9277],[112.1705,-7.9276],[112.1680,-7.9268],[112.1660,-7.9261],[112.1601,-7.9256],[112.1584,-7.9258],[112.1565,-7.9259],[112.1538,-7.9257],[112.1496,-7.9251],[112.1478,-7.9256],[112.1474,-7.9271],[112.1470,-7.9273],[112.1452,-7.9270],[112.1445,-7.9270],[112.1434,-7.9266],[112.1423,-7.9264],[112.1405,-7.9261],[112.1384,-7.9260],[112.1386,-7.9243],[112.1392,-7.9226],[112.1399,-7.9203],[112.1408,-7.9182],[112.1426,-7.9167],[112.1432,-7.9160],[112.1435,-7.9151],[112.1437,-7.9146],[112.1439,-7.9142],[112.1444,-7.9126],[112.1446,-7.9123],[112.1451,-7.9110],[112.1460,-7.9094],[112.1467,-7.9092],[112.14882510000007,-7.909642899999938]]],[[[112.14179960000001,-7.926318],[112.1425,-7.9288],[112.1422,-7.9317],[112.1437,-7.9322],[112.1431,-7.9342],[112.1447,-7.9353],[112.1460,-7.9361],[112.1469,-7.9368],[112.1479,-7.9374],[112.1493,-7.9380],[112.1511,-7.9386],[112.1520,-7.9386],[112.1520,-7.9411],[112.1521,-7.9440],[112.1520,-7.9473],[112.1521,-7.9504],[112.1520,-7.9523],[112.1520,-7.9534],[112.1519,-7.9553],[112.1517,-7.9564],[112.1513,-7.9578],[112.1509,-7.9595],[112.1499,-7.9612],[112.1498,-7.9627],[112.1496,-7.9638],[112.1467,-7.9629],[112.1437,-7.9615],[112.1412,-7.9608],[112.1406,-7.9604],[112.1389,-7.9592],[112.1381,-7.9588],[112.1364,-7.9583],[112.1345,-7.9582],[112.1317,-7.9583],[112.1309,-7.9584],[112.1288,-7.9585],[112.1271,-7.9583],[112.1251,-7.9581],[112.1245,-7.9581],[112.1228,-7.9579],[112.1194,-7.9579],[112.1181,-7.9580],[112.1166,-7.9574],[112.1157,-7.9569],[112.1150,-7.9564],[112.1134,-7.9566],[112.1099,-7.9557],[112.1081,-7.9550],[112.1082,-7.9542],[112.1089,-7.9516],[112.1100,-7.9481],[112.1107,-7.9456],[112.1115,-7.9431],[112.1122,-7.9427],[112.1131,-7.9414],[112.1144,-7.9403],[112.1159,-7.9412],[112.1193,-7.9430],[112.1224,-7.9442],[112.1237,-7.9450],[112.1249,-7.9452],[112.1252,-7.9454],[112.1273,-7.9453],[112.1273,-7.9428],[112.1272,-7.9395],[112.1275,-7.9374],[112.1278,-7.9364],[112.1278,-7.9351],[112.1272,-7.9331],[112.1270,-7.9290],[112.1272,-7.9270],[112.1275,-7.9259],[112.1284,-7.9258],[112.1304,-7.9262],[112.1318,-7.9259],[112.1339,-7.9261],[112.1384,-7.9277],[112.1405,-7.9279],[112.14179960000001,-7.926318]]],[[[112.20789990000003,-7.962718399999972],[112.2056,-7.9630],[112.2048,-7.9636],[112.2031,-7.9641],[112.2017,-7.9641],[112.2010,-7.9642],[112.1996,-7.9649],[112.1983,-7.9664],[112.1976,-7.9675],[112.1945,-7.9689],[112.1918,-7.9701],[112.1911,-7.9702],[112.1882,-7.9709],[112.1857,-7.9716],[112.1837,-7.9726],[112.1808,-7.9732],[112.1800,-7.9717],[112.1811,-7.9697],[112.1817,-7.9677],[112.1825,-7.9656],[112.1830,-7.9644],[112.1836,-7.9629],[112.1839,-7.9620],[112.1843,-7.9610],[112.1832,-7.9608],[112.1813,-7.9602],[112.1799,-7.9599],[112.1757,-7.9598],[112.1724,-7.9590],[112.1705,-7.9587],[112.1682,-7.9584],[112.1670,-7.9582],[112.1669,-7.9572],[112.1670,-7.9555],[112.1669,-7.9550],[112.1666,-7.9536],[112.1665,-7.9514],[112.1662,-7.9496],[112.1662,-7.9482],[112.1658,-7.9462],[112.1668,-7.9457],[112.1682,-7.9457],[112.1709,-7.9457],[112.1729,-7.9459],[112.1747,-7.9458],[112.1768,-7.9455],[112.1796,-7.9457],[112.1823,-7.9465],[112.1855,-7.9468],[112.1883,-7.9473],[112.1891,-7.9473],[112.1931,-7.9474],[112.1943,-7.9469],[112.1951,-7.9467],[112.1968,-7.9466],[112.1979,-7.9463],[112.1990,-7.9462],[112.2009,-7.9462],[112.2016,-7.9459],[112.2035,-7.9461],[112.2049,-7.9455],[112.2066,-7.9447],[112.2079,-7.9444],[112.2080,-7.9458],[112.2080,-7.9481],[112.2079,-7.9507],[112.2077,-7.9533],[112.2075,-7.9569],[112.2074,-7.9580],[112.2075,-7.9594],[112.2078,-7.9617],[112.20789990000003,-7.962718399999972]]],[[[112.16561960000001,-7.945638],[112.1659,-7.9468],[112.1662,-7.9489],[112.1663,-7.9501],[112.1666,-7.9531],[112.1666,-7.9547],[112.1671,-7.9553],[112.1670,-7.9564],[112.1669,-7.9577],[112.1670,-7.9583],[112.1691,-7.9585],[112.1713,-7.9588],[112.1751,-7.9597],[112.1763,-7.9599],[112.1806,-7.9600],[112.1821,-7.9606],[112.1843,-7.9609],[112.1841,-7.9616],[112.1839,-7.9622],[112.1834,-7.9634],[112.1825,-7.9655],[112.1822,-7.9664],[112.1814,-7.9689],[112.1810,-7.9701],[112.1803,-7.9724],[112.1800,-7.9734],[112.1771,-7.9738],[112.1750,-7.9738],[112.1744,-7.9741],[112.1711,-7.9746],[112.1698,-7.9747],[112.1683,-7.9751],[112.1668,-7.9749],[112.1646,-7.9750],[112.1604,-7.9751],[112.1593,-7.9756],[112.1579,-7.9760],[112.1554,-7.9765],[112.1526,-7.9768],[112.1502,-7.9768],[112.1500,-7.9758],[112.1499,-7.9747],[112.1497,-7.9695],[112.1493,-7.9678],[112.1493,-7.9668],[112.1494,-7.9644],[112.1496,-7.9635],[112.1499,-7.9618],[112.1500,-7.9601],[112.1511,-7.9584],[112.1514,-7.9574],[112.1518,-7.9558],[112.1519,-7.9546],[112.1520,-7.9528],[112.1521,-7.9511],[112.1520,-7.9489],[112.1520,-7.9457],[112.1520,-7.9425],[112.1521,-7.9397],[112.1522,-7.9386],[112.1542,-7.9392],[112.1555,-7.9397],[112.1571,-7.9404],[112.1594,-7.9411],[112.1631,-7.9433],[112.1651,-7.9448],[112.16561960000001,-7.945638]]],[[[112.21503960000007,-7.924568],[112.2148,-7.9268],[112.2147,-7.9279],[112.2147,-7.9293],[112.2147,-7.9305],[112.2148,-7.9317],[112.2145,-7.9333],[112.2143,-7.9343],[112.2142,-7.9354],[112.2140,-7.9367],[112.2143,-7.9379],[112.2151,-7.9385],[112.2149,-7.9391],[112.2134,-7.9397],[112.2122,-7.9411],[112.2109,-7.9414],[112.2100,-7.9427],[112.2081,-7.9443],[112.2069,-7.9447],[112.2053,-7.9453],[112.2037,-7.9461],[112.2021,-7.9458],[112.2011,-7.9462],[112.1993,-7.9462],[112.1981,-7.9462],[112.1970,-7.9465],[112.1955,-7.9467],[112.1947,-7.9469],[112.1935,-7.9473],[112.1903,-7.9475],[112.1888,-7.9473],[112.1886,-7.9459],[112.1881,-7.9448],[112.1883,-7.9435],[112.1884,-7.9425],[112.1886,-7.9405],[112.1892,-7.9388],[112.1887,-7.9383],[112.1872,-7.9378],[112.1854,-7.9375],[112.1833,-7.9369],[112.1793,-7.9355],[112.1778,-7.9351],[112.1769,-7.9349],[112.1746,-7.9342],[112.1717,-7.9335],[112.1708,-7.9318],[112.1724,-7.9297],[112.1736,-7.9286],[112.1746,-7.9284],[112.1776,-7.9285],[112.1816,-7.9287],[112.1854,-7.9288],[112.1884,-7.9284],[112.1924,-7.9279],[112.1956,-7.9281],[112.1988,-7.9280],[112.2013,-7.9278],[112.2049,-7.9270],[112.2082,-7.9260],[112.2120,-7.9249],[112.2137,-7.9243],[112.2147,-7.9245],[112.21503960000007,-7.924568]]],[[[112.17138780000005,-7.927743499999963],[112.1739,-7.9282],[112.1736,-7.9286],[112.1724,-7.9297],[112.1708,-7.9318],[112.1717,-7.9335],[112.1746,-7.9342],[112.1769,-7.9349],[112.1778,-7.9351],[112.1793,-7.9355],[112.1833,-7.9369],[112.1854,-7.9375],[112.1872,-7.9378],[112.1887,-7.9383],[112.1892,-7.9388],[112.1886,-7.9405],[112.1884,-7.9425],[112.1883,-7.9435],[112.1881,-7.9448],[112.1886,-7.9459],[112.1888,-7.9473],[112.1878,-7.9472],[112.1849,-7.9468],[112.1816,-7.9463],[112.1786,-7.9456],[112.1765,-7.9455],[112.1746,-7.9458],[112.1729,-7.9459],[112.1708,-7.9457],[112.1680,-7.9457],[112.1661,-7.9457],[112.1651,-7.9448],[112.1631,-7.9433],[112.1594,-7.9411],[112.1571,-7.9404],[112.1555,-7.9397],[112.1542,-7.9392],[112.1522,-7.9386],[112.1515,-7.9386],[112.1502,-7.9382],[112.1485,-7.9377],[112.1475,-7.9371],[112.1464,-7.9362],[112.1454,-7.9357],[112.1431,-7.9347],[112.1432,-7.9337],[112.1431,-7.9320],[112.1423,-7.9293],[112.1423,-7.9264],[112.1434,-7.9266],[112.1445,-7.9270],[112.1452,-7.9270],[112.1470,-7.9273],[112.1474,-7.9271],[112.1478,-7.9256],[112.1496,-7.9251],[112.1538,-7.9257],[112.1565,-7.9259],[112.1584,-7.9258],[112.1601,-7.9256],[112.1660,-7.9261],[112.1680,-7.9268],[112.1705,-7.9276],[112.17138780000005,-7.927743499999963]]],[[[112.2631196000001,-7.944437899999969],[112.2609,-7.9460],[112.2578,-7.9483],[112.2567,-7.9482],[112.2560,-7.9483],[112.2557,-7.9492],[112.2551,-7.9501],[112.2549,-7.9516],[112.2524,-7.9526],[112.2509,-7.9527],[112.2500,-7.9531],[112.2489,-7.9531],[112.2483,-7.9532],[112.2476,-7.9527],[112.2465,-7.9528],[112.2456,-7.9520],[112.2448,-7.9516],[112.2433,-7.9518],[112.2426,-7.9522],[112.2416,-7.9531],[112.2414,-7.9546],[112.2412,-7.9552],[112.2403,-7.9552],[112.2395,-7.9554],[112.2389,-7.9552],[112.2390,-7.9541],[112.2385,-7.9538],[112.2374,-7.9539],[112.2361,-7.9542],[112.2342,-7.9545],[112.2335,-7.9553],[112.2318,-7.9554],[112.2294,-7.9549],[112.2284,-7.9559],[112.2274,-7.9570],[112.2263,-7.9583],[112.2255,-7.9590],[112.2252,-7.9591],[112.2220,-7.9599],[112.2198,-7.9607],[112.2182,-7.9614],[112.2174,-7.9620],[112.2141,-7.9631],[112.2113,-7.9637],[112.2097,-7.9632],[112.2087,-7.9627],[112.2079,-7.9627],[112.2077,-7.9610],[112.2075,-7.9593],[112.2074,-7.9578],[112.2076,-7.9562],[112.2078,-7.9531],[112.2079,-7.9507],[112.2080,-7.9473],[112.2081,-7.9454],[112.2081,-7.9443],[112.2100,-7.9427],[112.2109,-7.9414],[112.2122,-7.9411],[112.2134,-7.9397],[112.2149,-7.9391],[112.2166,-7.9385],[112.2182,-7.9388],[112.2197,-7.9384],[112.2203,-7.9385],[112.2210,-7.9394],[112.2219,-7.9385],[112.2223,-7.9382],[112.2240,-7.9384],[112.2253,-7.9375],[112.2266,-7.9370],[112.2288,-7.9373],[112.2307,-7.9377],[112.2327,-7.9390],[112.2352,-7.9397],[112.2365,-7.9391],[112.2375,-7.9389],[112.2385,-7.9397],[112.2403,-7.9393],[112.2411,-7.9391],[112.2442,-7.9392],[112.2458,-7.9386],[112.2466,-7.9387],[112.2471,-7.9380],[112.2475,-7.9386],[112.2480,-7.9390],[112.2486,-7.9395],[112.2495,-7.9388],[112.2504,-7.9387],[112.2511,-7.9396],[112.2517,-7.9394],[112.2531,-7.9398],[112.2557,-7.9402],[112.2572,-7.9399],[112.2585,-7.9403],[112.2599,-7.9405],[112.2614,-7.9417],[112.2626,-7.9432],[112.2631196000001,-7.944437899999969]]],[[[112.28093960000001,-7.924118],[112.2819,-7.9250],[112.2836,-7.9239],[112.2861,-7.9246],[112.2884,-7.9257],[112.2892,-7.9254],[112.2903,-7.9260],[112.2910,-7.9268],[112.2926,-7.9281],[112.2938,-7.9291],[112.2955,-7.9301],[112.2970,-7.9306],[112.2978,-7.9309],[112.2988,-7.9309],[112.2998,-7.9314],[112.3001,-7.9315],[112.3004,-7.9319],[112.3010,-7.9323],[112.3014,-7.9326],[112.3020,-7.9330],[112.3028,-7.9333],[112.3021,-7.9338],[112.2995,-7.9362],[112.2979,-7.9376],[112.2942,-7.9372],[112.2902,-7.9384],[112.2860,-7.9397],[112.2847,-7.9396],[112.2833,-7.9390],[112.2818,-7.9392],[112.2807,-7.9400],[112.2796,-7.9399],[112.2784,-7.9412],[112.2783,-7.9422],[112.2781,-7.9426],[112.2772,-7.9440],[112.2749,-7.9453],[112.2694,-7.9450],[112.2642,-7.9443],[112.2628,-7.9439],[112.2616,-7.9419],[112.2604,-7.9409],[112.2589,-7.9404],[112.2574,-7.9399],[112.2561,-7.9402],[112.2538,-7.9398],[112.2521,-7.9396],[112.2512,-7.9396],[112.2505,-7.9391],[112.2500,-7.9386],[112.2488,-7.9394],[112.2480,-7.9395],[112.2477,-7.9387],[112.2472,-7.9381],[112.2467,-7.9385],[112.2461,-7.9386],[112.2447,-7.9391],[112.2414,-7.9391],[112.2404,-7.9393],[112.2388,-7.9398],[112.2377,-7.9391],[112.2368,-7.9389],[112.2356,-7.9395],[112.2332,-7.9392],[112.2309,-7.9379],[112.2297,-7.9377],[112.2268,-7.9370],[112.2256,-7.9372],[112.2243,-7.9383],[112.2225,-7.9382],[112.2221,-7.9384],[112.2212,-7.9393],[112.2205,-7.9387],[112.2198,-7.9383],[112.2184,-7.9388],[112.2170,-7.9385],[112.2150,-7.9390],[112.2149,-7.9385],[112.2143,-7.9375],[112.2140,-7.9364],[112.2141,-7.9349],[112.2143,-7.9342],[112.2147,-7.9327],[112.2148,-7.9314],[112.2147,-7.9302],[112.2147,-7.9290],[112.2147,-7.9277],[112.2148,-7.9265],[112.2151,-7.9246],[112.2173,-7.9252],[112.2199,-7.9260],[112.2220,-7.9256],[112.2214,-7.9238],[112.2199,-7.9202],[112.2190,-7.9181],[112.2179,-7.9170],[112.2177,-7.9162],[112.2171,-7.9153],[112.2196,-7.9157],[112.2225,-7.9164],[112.2241,-7.9166],[112.2265,-7.9175],[112.2297,-7.9188],[112.2307,-7.9188],[112.2317,-7.9181],[112.2330,-7.9187],[112.2346,-7.9189],[112.2363,-7.9189],[112.2382,-7.9189],[112.2394,-7.9195],[112.2398,-7.9211],[112.2413,-7.9225],[112.2422,-7.9237],[112.2439,-7.9247],[112.2458,-7.9240],[112.2478,-7.9242],[112.2492,-7.9246],[112.2508,-7.9245],[112.2520,-7.9253],[112.2525,-7.9263],[112.2540,-7.9260],[112.2550,-7.9256],[112.2555,-7.9260],[112.2565,-7.9274],[112.2586,-7.9280],[112.2615,-7.9282],[112.2622,-7.9296],[112.2641,-7.9302],[112.2656,-7.9314],[112.2663,-7.9314],[112.2675,-7.9315],[112.2685,-7.9325],[112.2693,-7.9330],[112.2697,-7.9327],[112.2713,-7.9329],[112.2725,-7.9329],[112.2752,-7.9317],[112.2781,-7.9289],[112.2801,-7.9253],[112.28093960000001,-7.924118]]]],"type":"MultiPolygon"}},{"properties":{"district":"Plosoklaten","district_code":"id3506090","regency":"Kediri"},"type":"Feature","geometry":{"coordinates":[[[[112.1339296000001,-7.841618],[112.1352,-7.8426],[112.1376,-7.8443],[112.1412,-7.8457],[112.1420,-7.8458],[112.1425,-7.8456],[112.1428,-7.8453],[112.1435,-7.8459],[112.1456,-7.8469],[112.1467,-7.8475],[112.1477,-7.8474],[112.1481,-7.8488],[112.1474,-7.8497],[112.1465,-7.8493],[112.1456,-7.8504],[112.1444,-7.8510],[112.1443,-7.8512],[112.1439,-7.8523],[112.1430,-7.8528],[112.1417,-7.8535],[112.1411,-7.8550],[112.1381,-7.8539],[112.1373,-7.8541],[112.1366,-7.8546],[112.1360,-7.8546],[112.1349,-7.8548],[112.1341,-7.8572],[112.1328,-7.8594],[112.1312,-7.8593],[112.1300,-7.8591],[112.1293,-7.8587],[112.1277,-7.8581],[112.1263,-7.8577],[112.1259,-7.8581],[112.1253,-7.8576],[112.1244,-7.8571],[112.1234,-7.8561],[112.1231,-7.8548],[112.1226,-7.8546],[112.1202,-7.8526],[112.1186,-7.8516],[112.1178,-7.8512],[112.1164,-7.8509],[112.1153,-7.8511],[112.1150,-7.8516],[112.1145,-7.8520],[112.1139,-7.8516],[112.1148,-7.8497],[112.1155,-7.8483],[112.1150,-7.8464],[112.1154,-7.8454],[112.1156,-7.8450],[112.1163,-7.8436],[112.1173,-7.8428],[112.1178,-7.8415],[112.1197,-7.8435],[112.1242,-7.8448],[112.1264,-7.8451],[112.1293,-7.8455],[112.1318,-7.8462],[112.1322,-7.8451],[112.1331,-7.8432],[112.1339296000001,-7.841618]]],[[[112.11714720000009,-7.835491299999944],[112.1219,-7.8375],[112.1250,-7.8391],[112.1283,-7.8407],[112.1290,-7.8404],[112.1307,-7.8407],[112.1331,-7.8431],[112.1324,-7.8446],[112.1319,-7.8461],[112.1301,-7.8457],[112.1273,-7.8452],[112.1248,-7.8449],[112.1207,-7.8439],[112.1186,-7.8417],[112.1177,-7.8412],[112.1174,-7.8403],[112.1169,-7.8395],[112.1157,-7.8384],[112.1142,-7.8377],[112.1125,-7.8370],[112.1122,-7.8364],[112.1127,-7.8357],[112.1128,-7.8351],[112.1133,-7.8345],[112.1158,-7.8351],[112.11714720000009,-7.835491299999944]]],[[[112.11883460000001,-7.868132599999967],[112.1211,-7.8687],[112.1228,-7.8691],[112.1231,-7.8704],[112.1228,-7.8716],[112.1223,-7.8729],[112.1216,-7.8743],[112.1214,-7.8750],[112.1201,-7.8772],[112.1203,-7.8778],[112.1212,-7.8776],[112.1219,-7.8779],[112.1224,-7.8788],[112.1227,-7.8797],[112.1227,-7.8803],[112.1230,-7.8807],[112.1240,-7.8812],[112.1215,-7.8824],[112.1211,-7.8838],[112.1209,-7.8849],[112.1208,-7.8861],[112.1199,-7.8886],[112.1199,-7.8894],[112.1196,-7.8903],[112.1150,-7.8880],[112.1144,-7.8880],[112.1139,-7.8871],[112.1136,-7.8862],[112.1131,-7.8853],[112.1130,-7.8839],[112.1119,-7.8826],[112.1101,-7.8809],[112.1094,-7.8799],[112.1089,-7.8783],[112.1091,-7.8761],[112.1098,-7.8754],[112.1099,-7.8742],[112.1104,-7.8730],[112.1110,-7.8719],[112.1115,-7.8709],[112.1117,-7.8698],[112.1126,-7.8694],[112.1143,-7.8693],[112.1156,-7.8688],[112.1167,-7.8683],[112.1179,-7.8686],[112.1187,-7.8681],[112.11883460000001,-7.868132599999967]]],[[[112.13252960000011,-7.859848],[112.1359,-7.8615],[112.1385,-7.8630],[112.1393,-7.8634],[112.1402,-7.8637],[112.1414,-7.8646],[112.1425,-7.8654],[112.1431,-7.8663],[112.1439,-7.8668],[112.1452,-7.8675],[112.1461,-7.8684],[112.1477,-7.8701],[112.1485,-7.8714],[112.1488,-7.8726],[112.1499,-7.8735],[112.1509,-7.8746],[112.1517,-7.8750],[112.1537,-7.8762],[112.1547,-7.8769],[112.1576,-7.8775],[112.1591,-7.8782],[112.1611,-7.8788],[112.1622,-7.8793],[112.1633,-7.8802],[112.1643,-7.8802],[112.1651,-7.8805],[112.1660,-7.8816],[112.1674,-7.8822],[112.1688,-7.8829],[112.1702,-7.8836],[112.1712,-7.8852],[112.1726,-7.8866],[112.1741,-7.8879],[112.1753,-7.8885],[112.1762,-7.8883],[112.1775,-7.8890],[112.1800,-7.8902],[112.1820,-7.8911],[112.1834,-7.8916],[112.1847,-7.8922],[112.1852,-7.8930],[112.1879,-7.8935],[112.1896,-7.8948],[112.1908,-7.8945],[112.1914,-7.8950],[112.1923,-7.8954],[112.1935,-7.8960],[112.1942,-7.8966],[112.1955,-7.8970],[112.1946,-7.8985],[112.1926,-7.9018],[112.1927,-7.9020],[112.1950,-7.9029],[112.1939,-7.9043],[112.1917,-7.9033],[112.1882,-7.9023],[112.1865,-7.9018],[112.1840,-7.9016],[112.1811,-7.9011],[112.1786,-7.9006],[112.1775,-7.9004],[112.1747,-7.9003],[112.1728,-7.8999],[112.1688,-7.8991],[112.1656,-7.8986],[112.1627,-7.8974],[112.1592,-7.8957],[112.1578,-7.8955],[112.1558,-7.8952],[112.1551,-7.8951],[112.1534,-7.8941],[112.1521,-7.8932],[112.1509,-7.8924],[112.1504,-7.8920],[112.1489,-7.8906],[112.1490,-7.8896],[112.1471,-7.8888],[112.1456,-7.8884],[112.1440,-7.8877],[112.1430,-7.8877],[112.1420,-7.8861],[112.1401,-7.8846],[112.1392,-7.8850],[112.1382,-7.8849],[112.1388,-7.8825],[112.1380,-7.8813],[112.1361,-7.8805],[112.1338,-7.8791],[112.1335,-7.8786],[112.1333,-7.8778],[112.1339,-7.8768],[112.1349,-7.8758],[112.1350,-7.8750],[112.1356,-7.8728],[112.1350,-7.8718],[112.1336,-7.8720],[112.1329,-7.8720],[112.1315,-7.8711],[112.1311,-7.8710],[112.1302,-7.8704],[112.1294,-7.8698],[112.1278,-7.8685],[112.1275,-7.8677],[112.1270,-7.8662],[112.1259,-7.8659],[112.1255,-7.8656],[112.1243,-7.8644],[112.1232,-7.8635],[112.1232,-7.8619],[112.1233,-7.8591],[112.1236,-7.8574],[112.1250,-7.8575],[112.1258,-7.8580],[112.1262,-7.8581],[112.1267,-7.8577],[112.1288,-7.8584],[112.1296,-7.8589],[112.1304,-7.8590],[112.1320,-7.8596],[112.13252960000011,-7.859848]]],[[[112.12375960000008,-7.814188],[112.1246,-7.8142],[112.1250,-7.8144],[112.1259,-7.8153],[112.1277,-7.8172],[112.1281,-7.8178],[112.1288,-7.8183],[112.1294,-7.8197],[112.1303,-7.8202],[112.1317,-7.8206],[112.1328,-7.8223],[112.1310,-7.8234],[112.1291,-7.8254],[112.1301,-7.8253],[112.1313,-7.8253],[112.1321,-7.8259],[112.1331,-7.8259],[112.1343,-7.8262],[112.1350,-7.8263],[112.1356,-7.8263],[112.1356,-7.8269],[112.1362,-7.8275],[112.1372,-7.8276],[112.1381,-7.8276],[112.1385,-7.8280],[112.1385,-7.8301],[112.1391,-7.8321],[112.1388,-7.8326],[112.1382,-7.8316],[112.1376,-7.8306],[112.1366,-7.8299],[112.1352,-7.8298],[112.1342,-7.8308],[112.1330,-7.8303],[112.1326,-7.8292],[112.1316,-7.8293],[112.1306,-7.8306],[112.1291,-7.8309],[112.1283,-7.8322],[112.1271,-7.8328],[112.1252,-7.8334],[112.1250,-7.8341],[112.1241,-7.8365],[112.1238,-7.8380],[112.1184,-7.8356],[112.1177,-7.8342],[112.1162,-7.8321],[112.1154,-7.8309],[112.1163,-7.8300],[112.1163,-7.8294],[112.1165,-7.8286],[112.1165,-7.8276],[112.1165,-7.8268],[112.1172,-7.8264],[112.1179,-7.8252],[112.1183,-7.8236],[112.1189,-7.8207],[112.1194,-7.8195],[112.1211,-7.8156],[112.1212,-7.8130],[112.1227,-7.8134],[112.12375960000008,-7.814188]]],[[[112.13816960000008,-7.884888],[112.1374,-7.8848],[112.1369,-7.8857],[112.1358,-7.8852],[112.1321,-7.8843],[112.1297,-7.8832],[112.1269,-7.8821],[112.1240,-7.8814],[112.1238,-7.8808],[112.1226,-7.8806],[112.1227,-7.8798],[112.1225,-7.8790],[112.1221,-7.8782],[112.1214,-7.8775],[112.1203,-7.8778],[112.1201,-7.8772],[112.1213,-7.8753],[112.1216,-7.8747],[112.1220,-7.8736],[112.1227,-7.8718],[112.1229,-7.8711],[112.1232,-7.8695],[112.1212,-7.8687],[112.1191,-7.8683],[112.1205,-7.8645],[112.1232,-7.8642],[112.1250,-7.8650],[112.1256,-7.8657],[112.1268,-7.8660],[112.1273,-7.8673],[112.1278,-7.8679],[112.1282,-7.8689],[112.1297,-7.8701],[112.1309,-7.8708],[112.1314,-7.8711],[112.1319,-7.8716],[112.1331,-7.8720],[112.1344,-7.8719],[112.1358,-7.8720],[112.1351,-7.8741],[112.1349,-7.8754],[112.1345,-7.8765],[112.1333,-7.8772],[112.1335,-7.8782],[112.1335,-7.8788],[112.1351,-7.8798],[112.1367,-7.8809],[112.1386,-7.8818],[112.1386,-7.8837],[112.13816960000008,-7.884888]]],[[[112.13881960000003,-7.832728],[112.1383,-7.8336],[112.1374,-7.8350],[112.1365,-7.8367],[112.1358,-7.8382],[112.1350,-7.8396],[112.1340,-7.8415],[112.1297,-7.8404],[112.1288,-7.8407],[112.1276,-7.8405],[112.1244,-7.8388],[112.1239,-7.8375],[112.1242,-7.8362],[112.1250,-7.8341],[112.1259,-7.8336],[112.1276,-7.8320],[112.1290,-7.8310],[112.1291,-7.8309],[112.1307,-7.8305],[112.1319,-7.8291],[112.1328,-7.8294],[112.1336,-7.8307],[112.1343,-7.8306],[112.1353,-7.8299],[112.1367,-7.8300],[112.1378,-7.8307],[112.1383,-7.8318],[112.13881960000003,-7.832728]]],[[[112.12380960000007,-7.856678],[112.1233,-7.8590],[112.1232,-7.8617],[112.1233,-7.8632],[112.1237,-7.8641],[112.1208,-7.8645],[112.1205,-7.8637],[112.1192,-7.8629],[112.1173,-7.8641],[112.1148,-7.8621],[112.1143,-7.8600],[112.1144,-7.8594],[112.1152,-7.8577],[112.1154,-7.8568],[112.1155,-7.8562],[112.1158,-7.8557],[112.1159,-7.8551],[112.1162,-7.8540],[112.1166,-7.8533],[112.1169,-7.8525],[112.1165,-7.8518],[112.1154,-7.8516],[112.1155,-7.8510],[112.1167,-7.8508],[112.1183,-7.8512],[112.1186,-7.8518],[112.1204,-7.8527],[112.1226,-7.8546],[112.1233,-7.8550],[112.1234,-7.8564],[112.12380960000007,-7.856678]]],[[[112.14109960000008,-7.855018],[112.1442,-7.8562],[112.1450,-7.8566],[112.1470,-7.8579],[112.1490,-7.8593],[112.1505,-7.8602],[112.1522,-7.8615],[112.1543,-7.8645],[112.1561,-7.8650],[112.1606,-7.8648],[112.1661,-7.8649],[112.1702,-7.8650],[112.1751,-7.8653],[112.1768,-7.8655],[112.1774,-7.8664],[112.1775,-7.8675],[112.1780,-7.8688],[112.1785,-7.8704],[112.1784,-7.8712],[112.1788,-7.8717],[112.1787,-7.8723],[112.1795,-7.8727],[112.1797,-7.8734],[112.1796,-7.8740],[112.1799,-7.8748],[112.1806,-7.8750],[112.1809,-7.8765],[112.1817,-7.8769],[112.1816,-7.8779],[112.1817,-7.8790],[112.1827,-7.8801],[112.1832,-7.8807],[112.1836,-7.8823],[112.1845,-7.8830],[112.1850,-7.8838],[112.1859,-7.8848],[112.1872,-7.8869],[112.1882,-7.8878],[112.1892,-7.8883],[112.1900,-7.8886],[112.1909,-7.8895],[112.1915,-7.8903],[112.1921,-7.8908],[112.1930,-7.8914],[112.1940,-7.8923],[112.1955,-7.8938],[112.1970,-7.8945],[112.1963,-7.8959],[112.1955,-7.8970],[112.1942,-7.8966],[112.1935,-7.8960],[112.1923,-7.8954],[112.1914,-7.8950],[112.1908,-7.8945],[112.1896,-7.8948],[112.1879,-7.8935],[112.1852,-7.8930],[112.1847,-7.8922],[112.1834,-7.8916],[112.1820,-7.8911],[112.1800,-7.8902],[112.1775,-7.8890],[112.1762,-7.8883],[112.1753,-7.8885],[112.1741,-7.8879],[112.1726,-7.8866],[112.1712,-7.8852],[112.1702,-7.8836],[112.1688,-7.8829],[112.1674,-7.8822],[112.1660,-7.8816],[112.1651,-7.8805],[112.1643,-7.8802],[112.1633,-7.8802],[112.1622,-7.8793],[112.1611,-7.8788],[112.1591,-7.8782],[112.1576,-7.8775],[112.1547,-7.8769],[112.1537,-7.8762],[112.1517,-7.8750],[112.1509,-7.8746],[112.1499,-7.8735],[112.1488,-7.8726],[112.1485,-7.8714],[112.1477,-7.8701],[112.1461,-7.8684],[112.1452,-7.8675],[112.1439,-7.8668],[112.1431,-7.8663],[112.1425,-7.8654],[112.1414,-7.8646],[112.1402,-7.8637],[112.1393,-7.8634],[112.1385,-7.8630],[112.1359,-7.8615],[112.1325,-7.8598],[112.1338,-7.8577],[112.1348,-7.8553],[112.1356,-7.8544],[112.1364,-7.8547],[112.1371,-7.8542],[112.1378,-7.8537],[112.1402,-7.8546],[112.14109960000008,-7.855018]]],[[[112.15881960000002,-7.855388],[112.1598,-7.8561],[112.1615,-7.8572],[112.1634,-7.8587],[112.1659,-7.8605],[112.1687,-7.8624],[112.1702,-7.8635],[112.1702,-7.8650],[112.1661,-7.8649],[112.1606,-7.8648],[112.1561,-7.8650],[112.1543,-7.8645],[112.1522,-7.8615],[112.1505,-7.8602],[112.1490,-7.8593],[112.1470,-7.8579],[112.1450,-7.8566],[112.1442,-7.8562],[112.1411,-7.8550],[112.1417,-7.8535],[112.1430,-7.8528],[112.1439,-7.8523],[112.1443,-7.8512],[112.1444,-7.8510],[112.1456,-7.8504],[112.1465,-7.8493],[112.1474,-7.8497],[112.1481,-7.8488],[112.1495,-7.8485],[112.1507,-7.8494],[112.1513,-7.8501],[112.1521,-7.8507],[112.1529,-7.8513],[112.1537,-7.8517],[112.1539,-7.8525],[112.1550,-7.8534],[112.1568,-7.8540],[112.1583,-7.8552],[112.15881960000002,-7.855388]]],[[[112.19673960000011,-7.853318],[112.1949,-7.8561],[112.1923,-7.8589],[112.1873,-7.8630],[112.1856,-7.8617],[112.1829,-7.8601],[112.1818,-7.8606],[112.1784,-7.8642],[112.1761,-7.8653],[112.1724,-7.8652],[112.1703,-7.8642],[112.1695,-7.8630],[112.1666,-7.8611],[112.1641,-7.8592],[112.1623,-7.8578],[112.1611,-7.8570],[112.1593,-7.8558],[112.1586,-7.8551],[112.1591,-7.8543],[112.1594,-7.8538],[112.1604,-7.8524],[112.1621,-7.8501],[112.1637,-7.8482],[112.1645,-7.8470],[112.1653,-7.8461],[112.1677,-7.8450],[112.1701,-7.8439],[112.1716,-7.8434],[112.1740,-7.8447],[112.1750,-7.8451],[112.1752,-7.8448],[112.1756,-7.8429],[112.1769,-7.8432],[112.1830,-7.8476],[112.1847,-7.8475],[112.1859,-7.8478],[112.1870,-7.8481],[112.1871,-7.8486],[112.1877,-7.8488],[112.1891,-7.8494],[112.1910,-7.8506],[112.1916,-7.8508],[112.1928,-7.8511],[112.1937,-7.8512],[112.1946,-7.8519],[112.1955,-7.8524],[112.1962,-7.8531],[112.19673960000011,-7.853318]]],[[[112.15426020000007,-7.831592],[112.1557,-7.8317],[112.1575,-7.8323],[112.1578,-7.8334],[112.1590,-7.8345],[112.1598,-7.8345],[112.1610,-7.8343],[112.1622,-7.8350],[112.1628,-7.8361],[112.1642,-7.8366],[112.1650,-7.8371],[112.1666,-7.8384],[112.1686,-7.8390],[112.1709,-7.8403],[112.1721,-7.8410],[112.1712,-7.8432],[112.1697,-7.8441],[112.1669,-7.8454],[112.1651,-7.8462],[112.1643,-7.8473],[112.1636,-7.8484],[112.1617,-7.8507],[112.1603,-7.8526],[112.1594,-7.8538],[112.1590,-7.8543],[112.1587,-7.8552],[112.1577,-7.8547],[112.1565,-7.8539],[112.1542,-7.8528],[112.1539,-7.8523],[112.1534,-7.8515],[112.1524,-7.8509],[112.1519,-7.8506],[112.1512,-7.8500],[112.1503,-7.8491],[112.1486,-7.8480],[112.1470,-7.8471],[112.1462,-7.8472],[112.1440,-7.8463],[112.1433,-7.8456],[112.1426,-7.8455],[112.1423,-7.8458],[112.1418,-7.8459],[112.1389,-7.8448],[112.1362,-7.8432],[112.1344,-7.8422],[112.1343,-7.8410],[112.1351,-7.8395],[112.1359,-7.8379],[112.1367,-7.8362],[112.1377,-7.8346],[112.1385,-7.8333],[112.1390,-7.8324],[112.1390,-7.8316],[112.1388,-7.8284],[112.1393,-7.8285],[112.1407,-7.8292],[112.1442,-7.8312],[112.1449,-7.8300],[112.1462,-7.8300],[112.1496,-7.8316],[112.1511,-7.8301],[112.15426020000007,-7.831592]]],[[[112.28093960000001,-7.924118],[112.2784,-7.9283],[112.2758,-7.9315],[112.2730,-7.9327],[112.2714,-7.9329],[112.2698,-7.9326],[112.2694,-7.9329],[112.2687,-7.9328],[112.2680,-7.9319],[112.2666,-7.9312],[112.2657,-7.9315],[112.2647,-7.9304],[112.2624,-7.9297],[112.2616,-7.9288],[112.2595,-7.9282],[112.2574,-7.9274],[112.2559,-7.9270],[112.2551,-7.9256],[112.2543,-7.9260],[112.2527,-7.9262],[112.2521,-7.9257],[112.2513,-7.9246],[112.2496,-7.9246],[112.2485,-7.9244],[112.2460,-7.9239],[112.2443,-7.9248],[112.2425,-7.9241],[112.2416,-7.9227],[112.2402,-7.9215],[112.2395,-7.9200],[112.2386,-7.9189],[112.2368,-7.9189],[112.2351,-7.9189],[112.2335,-7.9188],[112.2319,-7.9182],[112.2308,-7.9186],[112.2300,-7.9189],[112.2271,-7.9179],[112.2248,-7.9167],[112.2228,-7.9166],[112.2203,-7.9156],[112.2179,-7.9155],[112.2162,-7.9148],[112.2157,-7.9133],[112.2152,-7.9131],[112.2139,-7.9127],[112.2136,-7.9120],[112.2131,-7.9119],[112.2118,-7.9114],[112.2110,-7.9116],[112.2100,-7.9109],[112.2095,-7.9106],[112.2085,-7.9102],[112.2068,-7.9090],[112.2063,-7.9078],[112.2052,-7.9070],[112.2043,-7.9063],[112.2037,-7.9060],[112.2031,-7.9056],[112.2025,-7.9049],[112.2014,-7.9051],[112.1983,-7.9048],[112.1961,-7.9048],[112.1949,-7.9031],[112.1939,-7.9025],[112.1926,-7.9018],[112.1936,-7.8998],[112.1955,-7.8971],[112.1960,-7.8964],[112.1970,-7.8946],[112.1979,-7.8926],[112.1991,-7.8904],[112.2008,-7.8876],[112.2020,-7.8860],[112.2029,-7.8853],[112.2037,-7.8851],[112.2042,-7.8824],[112.2058,-7.8826],[112.2076,-7.8806],[112.2083,-7.8805],[112.2102,-7.8825],[112.2107,-7.8822],[112.2114,-7.8818],[112.2124,-7.8814],[112.2134,-7.8803],[112.2153,-7.8778],[112.2179,-7.8755],[112.2194,-7.8745],[112.2216,-7.8723],[112.2236,-7.8710],[112.2239,-7.8722],[112.2254,-7.8733],[112.2270,-7.8741],[112.2286,-7.8753],[112.2297,-7.8772],[112.2303,-7.8793],[112.2302,-7.8811],[112.2303,-7.8829],[112.2312,-7.8859],[112.2324,-7.8872],[112.2340,-7.8889],[112.2365,-7.8897],[112.2393,-7.8906],[112.2412,-7.8924],[112.2452,-7.8937],[112.2465,-7.8947],[112.2472,-7.8961],[112.2487,-7.8964],[112.2506,-7.8978],[112.2533,-7.9004],[112.2566,-7.9023],[112.2589,-7.9043],[112.2608,-7.9049],[112.2615,-7.9068],[112.2625,-7.9084],[112.2658,-7.9097],[112.2670,-7.9120],[112.2667,-7.9129],[112.2677,-7.9132],[112.2682,-7.9161],[112.2684,-7.9178],[112.2698,-7.9194],[112.2733,-7.9204],[112.2756,-7.9202],[112.2774,-7.9212],[112.2780,-7.9229],[112.2802,-7.9237],[112.28093960000001,-7.924118]]],[[[112.1514194,-7.825767499999927],[112.1534,-7.8256],[112.1571,-7.8250],[112.1606,-7.8247],[112.1669,-7.8238],[112.1680,-7.8234],[112.1684,-7.8236],[112.1716,-7.8244],[112.1725,-7.8246],[112.1734,-7.8252],[112.1748,-7.8254],[112.1763,-7.8257],[112.1785,-7.8266],[112.1791,-7.8242],[112.1802,-7.8258],[112.1823,-7.8279],[112.1830,-7.8290],[112.1837,-7.8296],[112.1849,-7.8313],[112.1859,-7.8324],[112.1867,-7.8333],[112.1881,-7.8342],[112.1898,-7.8326],[112.1915,-7.8304],[112.1914,-7.8299],[112.1901,-7.8288],[112.1905,-7.8279],[112.1916,-7.8268],[112.1924,-7.8259],[112.1931,-7.8270],[112.1941,-7.8272],[112.1954,-7.8278],[112.1968,-7.8285],[112.1978,-7.8294],[112.1991,-7.8302],[112.2013,-7.8307],[112.2025,-7.8298],[112.2032,-7.8285],[112.2044,-7.8286],[112.2084,-7.8300],[112.2103,-7.8313],[112.2090,-7.8365],[112.2145,-7.8388],[112.2147,-7.8408],[112.2149,-7.8443],[112.2151,-7.8488],[112.2155,-7.8523],[112.2172,-7.8525],[112.2181,-7.8525],[112.2166,-7.8547],[112.2151,-7.8574],[112.2137,-7.8600],[112.2119,-7.8629],[112.2108,-7.8619],[112.2102,-7.8615],[112.2094,-7.8613],[112.2088,-7.8608],[112.2081,-7.8605],[112.2074,-7.8602],[112.2067,-7.8596],[112.2059,-7.8588],[112.2049,-7.8587],[112.2039,-7.8584],[112.2039,-7.8579],[112.2038,-7.8574],[112.2029,-7.8567],[112.2023,-7.8561],[112.2012,-7.8556],[112.2004,-7.8555],[112.1998,-7.8549],[112.1987,-7.8550],[112.1976,-7.8546],[112.1974,-7.8541],[112.1970,-7.8536],[112.1967,-7.8533],[112.1956,-7.8527],[112.1953,-7.8522],[112.1941,-7.8515],[112.1932,-7.8511],[112.1923,-7.8511],[112.1913,-7.8509],[112.1906,-7.8503],[112.1884,-7.8491],[112.1872,-7.8488],[112.1872,-7.8483],[112.1866,-7.8481],[112.1853,-7.8475],[112.1840,-7.8483],[112.1793,-7.8450],[112.1757,-7.8424],[112.1753,-7.8444],[112.1751,-7.8450],[112.1746,-7.8450],[112.1728,-7.8441],[112.1714,-7.8425],[112.1720,-7.8405],[112.1705,-7.8401],[112.1680,-7.8388],[112.1665,-7.8382],[112.1646,-7.8368],[112.1636,-7.8370],[112.1628,-7.8358],[112.1618,-7.8349],[112.1608,-7.8343],[112.1595,-7.8347],[112.1589,-7.8343],[112.1573,-7.8329],[112.1572,-7.8323],[112.1549,-7.8315],[112.1537,-7.8305],[112.1528,-7.8289],[112.1513,-7.8278],[112.1497,-7.8274],[112.1487,-7.8265],[112.1474,-7.8255],[112.1469,-7.8246],[112.1479,-7.8228],[112.1487,-7.8233],[112.1493,-7.8240],[112.1500,-7.8254],[112.1514194,-7.825767499999927]]],[[[112.2120996000001,-7.863048],[112.2143,-7.8645],[112.2161,-7.8662],[112.2182,-7.8676],[112.2189,-7.8688],[112.2204,-7.8692],[112.2217,-7.8706],[112.2231,-7.8706],[112.2216,-7.8723],[112.2194,-7.8745],[112.2179,-7.8755],[112.2153,-7.8778],[112.2134,-7.8803],[112.2124,-7.8814],[112.2114,-7.8818],[112.2107,-7.8822],[112.2102,-7.8825],[112.2083,-7.8805],[112.2076,-7.8806],[112.2058,-7.8826],[112.2042,-7.8824],[112.2037,-7.8851],[112.2029,-7.8853],[112.2020,-7.8860],[112.2008,-7.8876],[112.1991,-7.8904],[112.1979,-7.8926],[112.1970,-7.8946],[112.1962,-7.8941],[112.1945,-7.8929],[112.1930,-7.8915],[112.1924,-7.8909],[112.1916,-7.8904],[112.1912,-7.8896],[112.1901,-7.8888],[112.1895,-7.8883],[112.1883,-7.8879],[112.1877,-7.8871],[112.1862,-7.8856],[112.1853,-7.8841],[112.1846,-7.8833],[112.1837,-7.8825],[112.1834,-7.8814],[112.1828,-7.8802],[112.1819,-7.8793],[112.1816,-7.8783],[112.1818,-7.8771],[112.1811,-7.8767],[112.1807,-7.8751],[112.1801,-7.8750],[112.1795,-7.8741],[112.1798,-7.8736],[112.1796,-7.8728],[112.1788,-7.8725],[112.1789,-7.8718],[112.1784,-7.8713],[112.1785,-7.8706],[112.1784,-7.8693],[112.1775,-7.8677],[112.1774,-7.8667],[112.1771,-7.8658],[112.1800,-7.8631],[112.1826,-7.8601],[112.1833,-7.8603],[112.1861,-7.8622],[112.1895,-7.8611],[112.1936,-7.8581],[112.1951,-7.8559],[112.1968,-7.8534],[112.1974,-7.8538],[112.1974,-7.8544],[112.1983,-7.8550],[112.1993,-7.8549],[112.2001,-7.8550],[112.2007,-7.8557],[112.2016,-7.8556],[112.2026,-7.8565],[112.2034,-7.8569],[112.2039,-7.8577],[112.2037,-7.8582],[112.2044,-7.8586],[112.2055,-7.8587],[112.2063,-7.8592],[112.2072,-7.8600],[112.2078,-7.8604],[112.2085,-7.8606],[112.2092,-7.8612],[112.2099,-7.8614],[112.2104,-7.8615],[112.2114,-7.8625],[112.2120996000001,-7.863048]]]],"type":"MultiPolygon"}},{"properties":{"district":"Gurah","district_code":"id3506100","regency":"Kediri"},"type":"Feature","geometry":{"coordinates":[[[[112.1248773000001,-7.768214],[112.1252,-7.7696],[112.1261,-7.7717],[112.1266,-7.7731],[112.1285,-7.7737],[112.1293,-7.7740],[112.1307,-7.7756],[112.1304,-7.7769],[112.1296,-7.7795],[112.1307,-7.7802],[112.1315,-7.7806],[112.1331,-7.7813],[112.1343,-7.7816],[112.1362,-7.7826],[112.1383,-7.7839],[112.1392,-7.7855],[112.1398,-7.7870],[112.1432,-7.7881],[112.1439,-7.7876],[112.1441,-7.7875],[112.1443,-7.7866],[112.1452,-7.7870],[112.1463,-7.7883],[112.1467,-7.7888],[112.1476,-7.7893],[112.1483,-7.7895],[112.1498,-7.7890],[112.1510,-7.7895],[112.1507,-7.7917],[112.1503,-7.7932],[112.1504,-7.7940],[112.1497,-7.7953],[112.1498,-7.7962],[112.1506,-7.7973],[112.1504,-7.7979],[112.1436,-7.7925],[112.1436,-7.7920],[112.1441,-7.7904],[112.1423,-7.7894],[112.1403,-7.7885],[112.1372,-7.7867],[112.1354,-7.7872],[112.1346,-7.7874],[112.1343,-7.7869],[112.1336,-7.7863],[112.1325,-7.7861],[112.1297,-7.7852],[112.1280,-7.7843],[112.1279,-7.7834],[112.1266,-7.7834],[112.1248,-7.7827],[112.1233,-7.7814],[112.1222,-7.7809],[112.1194,-7.7826],[112.1175,-7.7793],[112.1155,-7.7777],[112.1134,-7.7775],[112.1102,-7.7775],[112.1088,-7.7773],[112.1072,-7.7775],[112.1068,-7.7783],[112.1068,-7.7778],[112.1071,-7.7771],[112.1070,-7.7768],[112.1073,-7.7756],[112.1079,-7.7744],[112.1080,-7.7732],[112.1085,-7.7721],[112.1087,-7.7711],[112.1081,-7.7701],[112.1079,-7.7692],[112.1082,-7.7688],[112.1086,-7.7690],[112.1128,-7.7698],[112.1152,-7.7701],[112.1172,-7.7683],[112.1178,-7.7659],[112.1207,-7.7663],[112.1231,-7.7668],[112.1248773000001,-7.768214]]],[[[112.11649590000002,-7.826816299999962],[112.1165,-7.8276],[112.1165,-7.8286],[112.1163,-7.8294],[112.1163,-7.8300],[112.1154,-7.8309],[112.1162,-7.8321],[112.1177,-7.8342],[112.1158,-7.8351],[112.1133,-7.8345],[112.1128,-7.8351],[112.1127,-7.8357],[112.1122,-7.8364],[112.1125,-7.8370],[112.1142,-7.8377],[112.1157,-7.8384],[112.1169,-7.8395],[112.1174,-7.8403],[112.1177,-7.8412],[112.1178,-7.8416],[112.1174,-7.8428],[112.1160,-7.8443],[112.1156,-7.8451],[112.1152,-7.8459],[112.1144,-7.8478],[112.1149,-7.8498],[112.1138,-7.8494],[112.1141,-7.8515],[112.1140,-7.8532],[112.1106,-7.8514],[112.1095,-7.8529],[112.1081,-7.8517],[112.1071,-7.8517],[112.1068,-7.8519],[112.1040,-7.8511],[112.1026,-7.8543],[112.1021,-7.8542],[112.1009,-7.8541],[112.1008,-7.8545],[112.0987,-7.8537],[112.0967,-7.8530],[112.0957,-7.8513],[112.0956,-7.8493],[112.0962,-7.8474],[112.0968,-7.8461],[112.0980,-7.8448],[112.0992,-7.8436],[112.0992,-7.8430],[112.1001,-7.8424],[112.1008,-7.8411],[112.1015,-7.8387],[112.1003,-7.8375],[112.1007,-7.8360],[112.1014,-7.8364],[112.1035,-7.8359],[112.1055,-7.8347],[112.1074,-7.8330],[112.1082,-7.8294],[112.1095,-7.8269],[112.1103,-7.8272],[112.1121,-7.8282],[112.1133,-7.8279],[112.1149,-7.8282],[112.1161,-7.8271],[112.11649590000002,-7.826816299999962]]],[[[112.0918597000001,-7.816988],[112.0942,-7.8178],[112.0948,-7.8180],[112.0952,-7.8181],[112.0989,-7.8193],[112.0996,-7.8195],[112.0992,-7.8202],[112.0999,-7.8209],[112.0999,-7.8216],[112.1008,-7.8222],[112.1000,-7.8246],[112.0979,-7.8281],[112.0969,-7.8306],[112.0954,-7.8298],[112.0916,-7.8285],[112.0890,-7.8275],[112.0873,-7.8268],[112.0863,-7.8255],[112.0865,-7.8248],[112.0868,-7.8242],[112.0881,-7.8199],[112.0879,-7.8178],[112.0889,-7.8162],[112.0918597000001,-7.816988]]],[[[112.11889560000009,-7.820712899999933],[112.1183,-7.8236],[112.1179,-7.8252],[112.1172,-7.8264],[112.1165,-7.8268],[112.1152,-7.8269],[112.1145,-7.8282],[112.1130,-7.8281],[112.1116,-7.8280],[112.1100,-7.8271],[112.1087,-7.8282],[112.1077,-7.8315],[112.1066,-7.8348],[112.1045,-7.8343],[112.1027,-7.8362],[112.1014,-7.8364],[112.0997,-7.8353],[112.0974,-7.8338],[112.0961,-7.8332],[112.0971,-7.8301],[112.0984,-7.8280],[112.1001,-7.8244],[112.1017,-7.8226],[112.1030,-7.8205],[112.1027,-7.8202],[112.1036,-7.8172],[112.1041,-7.8162],[112.1055,-7.8167],[112.1075,-7.8175],[112.1080,-7.8176],[112.1096,-7.8174],[112.1128,-7.8184],[112.1161,-7.8196],[112.1179,-7.8203],[112.11889560000009,-7.820712899999933]]],[[[112.10104330000001,-7.856961799999965],[112.1049,-7.8584],[112.1051,-7.8605],[112.1050,-7.8607],[112.1085,-7.8615],[112.1091,-7.8610],[112.1097,-7.8607],[112.1101,-7.8598],[112.1107,-7.8604],[112.1122,-7.8614],[112.1129,-7.8618],[112.1137,-7.8625],[112.1147,-7.8621],[112.1165,-7.8639],[112.1190,-7.8628],[112.1203,-7.8636],[112.1205,-7.8645],[112.1187,-7.8681],[112.1179,-7.8686],[112.1167,-7.8683],[112.1156,-7.8688],[112.1143,-7.8693],[112.1126,-7.8694],[112.1117,-7.8698],[112.1115,-7.8709],[112.1110,-7.8719],[112.1104,-7.8730],[112.1099,-7.8742],[112.1098,-7.8754],[112.1091,-7.8761],[112.1067,-7.8768],[112.1074,-7.8731],[112.1064,-7.8726],[112.1058,-7.8719],[112.1049,-7.8716],[112.1042,-7.8717],[112.1043,-7.8711],[112.1043,-7.8696],[112.1035,-7.8691],[112.1024,-7.8687],[112.1015,-7.8681],[112.1014,-7.8674],[112.1008,-7.8668],[112.1008,-7.8658],[112.0994,-7.8656],[112.0973,-7.8649],[112.0980,-7.8625],[112.0989,-7.8595],[112.10104330000001,-7.856961799999965]]],[[[112.10074770000006,-7.836001],[112.1003,-7.8375],[112.1015,-7.8387],[112.1008,-7.8411],[112.1001,-7.8424],[112.0992,-7.8430],[112.0992,-7.8436],[112.0980,-7.8448],[112.0968,-7.8461],[112.0962,-7.8474],[112.0956,-7.8493],[112.0957,-7.8513],[112.0917,-7.8515],[112.0894,-7.8508],[112.0870,-7.8500],[112.0831,-7.8489],[112.0829,-7.8465],[112.0823,-7.8450],[112.0820,-7.8441],[112.0825,-7.8433],[112.0842,-7.8419],[112.0858,-7.8412],[112.0857,-7.8398],[112.0869,-7.8398],[112.0877,-7.8405],[112.0878,-7.8396],[112.0882,-7.8384],[112.0886,-7.8378],[112.0903,-7.8386],[112.0915,-7.8389],[112.0920,-7.8397],[112.0931,-7.8396],[112.0944,-7.8381],[112.0964,-7.8333],[112.0982,-7.8343],[112.1004,-7.8358],[112.10074770000006,-7.836001]]],[[[112.08829810000009,-7.81640109999995],[112.0875,-7.8186],[112.0872,-7.8230],[112.0867,-7.8244],[112.0863,-7.8253],[112.0860,-7.8262],[112.0856,-7.8279],[112.0852,-7.8284],[112.0843,-7.8303],[112.0827,-7.8335],[112.0811,-7.8341],[112.0796,-7.8335],[112.0788,-7.8329],[112.0793,-7.8305],[112.0796,-7.8299],[112.0807,-7.8276],[112.0806,-7.8272],[112.0809,-7.8266],[112.0813,-7.8254],[112.0817,-7.8247],[112.0819,-7.8240],[112.0823,-7.8230],[112.0825,-7.8226],[112.0832,-7.8205],[112.0844,-7.8167],[112.0876,-7.8157],[112.08829810000009,-7.81640109999995]]],[[[112.14321370000005,-7.793366799999944],[112.1406,-7.7918],[112.1364,-7.7917],[112.1358,-7.7918],[112.1327,-7.7955],[112.1320,-7.7952],[112.1303,-7.7946],[112.1281,-7.7940],[112.1253,-7.7939],[112.1245,-7.7939],[112.1238,-7.7943],[112.1223,-7.7939],[112.1220,-7.7940],[112.1214,-7.7938],[112.1180,-7.7925],[112.1169,-7.7918],[112.1151,-7.7937],[112.1141,-7.7931],[112.1111,-7.7943],[112.1105,-7.7947],[112.1098,-7.7949],[112.1090,-7.7938],[112.1081,-7.7924],[112.1075,-7.7918],[112.1072,-7.7912],[112.1076,-7.7899],[112.1078,-7.7895],[112.1080,-7.7889],[112.1086,-7.7870],[112.1086,-7.7862],[112.1080,-7.7854],[112.1072,-7.7840],[112.1064,-7.7818],[112.1068,-7.7789],[112.1067,-7.7786],[112.1067,-7.7783],[112.1073,-7.7775],[112.1077,-7.7770],[112.1102,-7.7775],[112.1129,-7.7774],[112.1149,-7.7778],[112.1178,-7.7785],[112.1204,-7.7809],[112.1201,-7.7830],[112.1232,-7.7814],[112.1241,-7.7825],[112.1263,-7.7833],[112.1276,-7.7839],[112.1280,-7.7843],[112.1280,-7.7847],[112.1325,-7.7862],[112.1336,-7.7862],[112.1336,-7.7866],[112.1346,-7.7873],[112.1352,-7.7877],[112.1356,-7.7863],[112.1402,-7.7879],[112.1419,-7.7896],[112.1439,-7.7903],[112.1438,-7.7915],[112.1435,-7.7923],[112.14321370000005,-7.793366799999944]]],[[[112.10992080000005,-7.795226299999968],[112.1111,-7.7969],[112.1113,-7.7976],[112.1121,-7.7983],[112.1131,-7.7987],[112.1124,-7.8005],[112.1117,-7.8024],[112.1117,-7.8033],[112.1118,-7.8036],[112.1123,-7.8040],[112.1134,-7.8047],[112.1139,-7.8053],[112.1149,-7.8059],[112.1193,-7.8075],[112.1200,-7.8064],[112.1244,-7.8076],[112.1257,-7.8081],[112.1261,-7.8097],[112.1254,-7.8110],[112.1250,-7.8119],[112.1238,-7.8142],[112.1220,-7.8129],[112.1212,-7.8128],[112.1203,-7.8116],[112.1186,-7.8106],[112.1161,-7.8102],[112.1141,-7.8092],[112.1116,-7.8091],[112.1103,-7.8094],[112.1086,-7.8063],[112.1043,-7.8051],[112.1029,-7.8051],[112.1010,-7.8044],[112.0981,-7.8024],[112.0972,-7.8018],[112.0968,-7.8011],[112.0964,-7.7997],[112.0978,-7.7991],[112.0995,-7.7968],[112.1020,-7.7964],[112.1033,-7.7968],[112.1041,-7.7971],[112.1062,-7.7957],[112.1081,-7.7944],[112.1090,-7.7938],[112.1098,-7.7949],[112.10992080000005,-7.795226299999968]]],[[[112.08856970000011,-7.805878],[112.0898,-7.8067],[112.0913,-7.8079],[112.0920,-7.8089],[112.0927,-7.8098],[112.0934,-7.8108],[112.0940,-7.8113],[112.0940,-7.8119],[112.0938,-7.8121],[112.0911,-7.8133],[112.0906,-7.8131],[112.0903,-7.8130],[112.0898,-7.8127],[112.0897,-7.8132],[112.0886,-7.8143],[112.0875,-7.8139],[112.0839,-7.8134],[112.0798,-7.8120],[112.0791,-7.8117],[112.0795,-7.8114],[112.0803,-7.8100],[112.0824,-7.8059],[112.0831,-7.8043],[112.0848,-7.8049],[112.0861,-7.8049],[112.0873,-7.8057],[112.08856970000011,-7.805878]]],[[[112.09629970000003,-7.798578],[112.0960,-7.8007],[112.0974,-7.8015],[112.0974,-7.8020],[112.1002,-7.8033],[112.0986,-7.8071],[112.0980,-7.8070],[112.0973,-7.8067],[112.0973,-7.8061],[112.0954,-7.8052],[112.0945,-7.8053],[112.0929,-7.8046],[112.0925,-7.8045],[112.0921,-7.8042],[112.0923,-7.8038],[112.0919,-7.8033],[112.0914,-7.8030],[112.0907,-7.8028],[112.0907,-7.8020],[112.0903,-7.8011],[112.0905,-7.8004],[112.0911,-7.7992],[112.0906,-7.7990],[112.0904,-7.7987],[112.0899,-7.7983],[112.0905,-7.7971],[112.0911,-7.7963],[112.0932,-7.7966],[112.0950,-7.7966],[112.0970,-7.7957],[112.09629970000003,-7.798578]]],[[[112.07065200000011,-7.824635399999977],[112.0697,-7.8242],[112.0679,-7.8232],[112.0675,-7.8227],[112.0655,-7.8211],[112.0653,-7.8228],[112.0633,-7.8219],[112.0618,-7.8213],[112.0615,-7.8211],[112.0651,-7.8171],[112.0671,-7.8163],[112.0676,-7.8168],[112.0684,-7.8170],[112.0694,-7.8173],[112.0700,-7.8179],[112.0702,-7.8183],[112.0700,-7.8187],[112.0693,-7.8204],[112.0718,-7.8215],[112.07065200000011,-7.824635399999977]]],[[[112.11453480000011,-7.851981699999953],[112.1150,-7.8516],[112.1158,-7.8517],[112.1166,-7.8518],[112.1168,-7.8527],[112.1165,-7.8535],[112.1161,-7.8542],[112.1159,-7.8552],[112.1157,-7.8559],[112.1154,-7.8565],[112.1153,-7.8570],[112.1152,-7.8577],[112.1142,-7.8599],[112.1145,-7.8602],[112.1147,-7.8621],[112.1137,-7.8625],[112.1129,-7.8618],[112.1122,-7.8614],[112.1107,-7.8604],[112.1101,-7.8598],[112.1097,-7.8607],[112.1091,-7.8610],[112.1085,-7.8615],[112.1050,-7.8607],[112.1051,-7.8605],[112.1049,-7.8584],[112.1010,-7.8570],[112.1004,-7.8554],[112.1008,-7.8546],[112.1008,-7.8543],[112.1010,-7.8539],[112.1026,-7.8545],[112.1036,-7.8520],[112.1049,-7.8507],[112.1069,-7.8517],[112.1075,-7.8516],[112.1091,-7.8526],[112.1101,-7.8524],[112.1113,-7.8517],[112.11453480000011,-7.851981699999953]]],[[[112.0967736,-7.864422399999967],[112.0992,-7.8656],[112.1005,-7.8657],[112.1010,-7.8667],[112.1011,-7.8673],[112.1014,-7.8681],[112.1021,-7.8685],[112.1033,-7.8690],[112.1039,-7.8694],[112.1043,-7.8711],[112.1042,-7.8716],[112.1047,-7.8720],[112.1056,-7.8718],[112.1063,-7.8724],[112.1072,-7.8730],[112.1067,-7.8768],[112.1069,-7.8772],[112.1056,-7.8773],[112.1051,-7.8776],[112.1048,-7.8782],[112.1041,-7.8786],[112.1014,-7.8784],[112.0985,-7.8769],[112.0977,-7.8768],[112.0958,-7.8755],[112.0948,-7.8742],[112.0947,-7.8737],[112.0943,-7.8728],[112.0946,-7.8723],[112.0934,-7.8718],[112.0943,-7.8689],[112.0952,-7.8683],[112.0960,-7.8671],[112.0960,-7.8651],[112.0965,-7.8648],[112.0967736,-7.864422399999967]]],[[[112.10717520000003,-7.79158659999996],[112.1080,-7.7924],[112.1087,-7.7934],[112.1081,-7.7944],[112.1062,-7.7957],[112.1041,-7.7971],[112.1033,-7.7968],[112.1020,-7.7964],[112.0995,-7.7968],[112.0978,-7.7991],[112.0955,-7.7950],[112.0948,-7.7971],[112.0919,-7.7960],[112.0909,-7.7966],[112.0898,-7.7979],[112.0902,-7.7986],[112.0906,-7.7988],[112.0907,-7.7990],[112.0908,-7.7997],[112.0903,-7.8009],[112.0903,-7.8014],[112.0907,-7.8026],[112.0911,-7.8029],[112.0917,-7.8032],[112.0921,-7.8037],[112.0923,-7.8040],[112.0923,-7.8043],[112.0927,-7.8046],[112.0940,-7.8052],[112.0948,-7.8053],[112.0971,-7.8057],[112.0971,-7.8064],[112.0976,-7.8068],[112.0982,-7.8069],[112.1006,-7.8042],[112.1027,-7.8051],[112.1041,-7.8056],[112.1067,-7.8056],[112.1105,-7.8090],[112.1096,-7.8092],[112.1083,-7.8102],[112.1068,-7.8096],[112.1059,-7.8097],[112.1055,-7.8098],[112.1042,-7.8096],[112.1021,-7.8092],[112.1003,-7.8096],[112.0983,-7.8088],[112.0952,-7.8086],[112.0943,-7.8092],[112.0927,-7.8098],[112.0919,-7.8086],[112.0910,-7.8077],[112.0896,-7.8064],[112.0887,-7.8058],[112.0895,-7.8041],[112.0897,-7.8031],[112.0900,-7.8011],[112.0897,-7.8005],[112.0900,-7.7994],[112.0896,-7.7988],[112.0894,-7.7979],[112.0898,-7.7962],[112.0906,-7.7959],[112.0912,-7.7945],[112.0911,-7.7919],[112.0908,-7.7914],[112.0914,-7.7907],[112.0923,-7.7915],[112.0939,-7.7923],[112.0959,-7.7930],[112.0968,-7.7933],[112.0972,-7.7935],[112.0979,-7.7939],[112.0991,-7.7940],[112.1008,-7.7924],[112.1020,-7.7899],[112.1050,-7.7906],[112.1066,-7.7914],[112.10717520000003,-7.79158659999996]]],[[[112.11033960000009,-7.809378],[112.1116,-7.8091],[112.1141,-7.8092],[112.1161,-7.8102],[112.1186,-7.8106],[112.1203,-7.8116],[112.1212,-7.8128],[112.1213,-7.8135],[112.1206,-7.8168],[112.1189,-7.8207],[112.1179,-7.8203],[112.1161,-7.8196],[112.1128,-7.8184],[112.1096,-7.8174],[112.1080,-7.8176],[112.1075,-7.8175],[112.1055,-7.8167],[112.1041,-7.8162],[112.1036,-7.8172],[112.1027,-7.8202],[112.1030,-7.8205],[112.1017,-7.8226],[112.1001,-7.8219],[112.1000,-7.8210],[112.0991,-7.8204],[112.0997,-7.8195],[112.0992,-7.8194],[112.0959,-7.8183],[112.0950,-7.8181],[112.0944,-7.8178],[112.0922,-7.8171],[112.0930,-7.8142],[112.0938,-7.8121],[112.0940,-7.8119],[112.0940,-7.8113],[112.0934,-7.8108],[112.0927,-7.8098],[112.0935,-7.8087],[112.0952,-7.8086],[112.0977,-7.8087],[112.0992,-7.8091],[112.1017,-7.8092],[112.1032,-7.8088],[112.1053,-7.8099],[112.1055,-7.8096],[112.1066,-7.8100],[112.1078,-7.8099],[112.1089,-7.8089],[112.11033960000009,-7.809378]]],[[[112.12198710000007,-7.794117399999948],[112.1226,-7.7947],[112.1242,-7.7966],[112.1245,-7.7975],[112.1255,-7.8014],[112.1249,-7.8046],[112.1255,-7.8074],[112.1247,-7.8077],[112.1202,-7.8062],[112.1195,-7.8072],[112.1153,-7.8062],[112.1139,-7.8054],[112.1139,-7.8051],[112.1126,-7.8042],[112.1121,-7.8038],[112.1118,-7.8034],[112.1117,-7.8024],[112.1122,-7.8009],[112.1129,-7.7992],[112.1124,-7.7984],[112.1113,-7.7980],[112.1112,-7.7969],[112.1099,-7.7954],[112.1105,-7.7944],[112.1115,-7.7943],[112.1141,-7.7930],[112.1160,-7.7928],[112.1170,-7.7919],[112.1184,-7.7927],[112.1215,-7.7939],[112.12198710000007,-7.794117399999948]]],[[[112.14778960000001,-7.822928],[112.1467,-7.8249],[112.1477,-7.8258],[112.1490,-7.8268],[112.1499,-7.8275],[112.1516,-7.8280],[112.1533,-7.8294],[112.1543,-7.8316],[112.1511,-7.8301],[112.1496,-7.8316],[112.1462,-7.8300],[112.1449,-7.8300],[112.1442,-7.8312],[112.1407,-7.8292],[112.1393,-7.8285],[112.1385,-7.8280],[112.1381,-7.8276],[112.1372,-7.8276],[112.1362,-7.8275],[112.1356,-7.8269],[112.1356,-7.8263],[112.1350,-7.8263],[112.1343,-7.8262],[112.1331,-7.8259],[112.1321,-7.8259],[112.1313,-7.8253],[112.1301,-7.8253],[112.1291,-7.8254],[112.1310,-7.8234],[112.1328,-7.8223],[112.1317,-7.8206],[112.1303,-7.8202],[112.1294,-7.8197],[112.1288,-7.8183],[112.1281,-7.8178],[112.1277,-7.8172],[112.1259,-7.8153],[112.1250,-7.8144],[112.1246,-7.8142],[112.1238,-7.8142],[112.1250,-7.8119],[112.1254,-7.8110],[112.1261,-7.8097],[112.1257,-7.8081],[112.1258,-7.8068],[112.1257,-7.8027],[112.1263,-7.8017],[112.1277,-7.8030],[112.1288,-7.8043],[112.1294,-7.8049],[112.1300,-7.8063],[112.1299,-7.8069],[112.1302,-7.8080],[112.1309,-7.8091],[112.1314,-7.8109],[112.1329,-7.8116],[112.1338,-7.8134],[112.1342,-7.8151],[112.1353,-7.8161],[112.1365,-7.8166],[112.1373,-7.8168],[112.1384,-7.8172],[112.1395,-7.8174],[112.1404,-7.8181],[112.1415,-7.8186],[112.1443,-7.8204],[112.1457,-7.8211],[112.1470,-7.8219],[112.14778960000001,-7.822928]]],[[[112.14321370000005,-7.793366799999944],[112.1503,-7.7980],[112.1496,-7.8002],[112.1484,-7.8042],[112.1478,-7.8059],[112.1472,-7.8080],[112.1461,-7.8114],[112.1471,-7.8147],[112.1493,-7.8192],[112.1508,-7.8237],[112.1507,-7.8258],[112.1496,-7.8240],[112.1490,-7.8235],[112.1480,-7.8229],[112.1473,-7.8224],[112.1460,-7.8213],[112.1453,-7.8209],[112.1425,-7.8193],[112.1409,-7.8184],[112.1400,-7.8177],[112.1387,-7.8173],[112.1375,-7.8169],[112.1371,-7.8167],[112.1358,-7.8162],[112.1343,-7.8153],[112.1339,-7.8144],[112.1336,-7.8125],[112.1320,-7.8113],[112.1309,-7.8099],[112.1308,-7.8087],[112.1299,-7.8076],[112.1300,-7.8066],[112.1299,-7.8060],[112.1290,-7.8045],[112.1279,-7.8037],[112.1269,-7.8020],[112.1257,-7.8015],[112.1246,-7.7989],[112.1244,-7.7968],[112.1230,-7.7950],[112.1221,-7.7942],[112.1223,-7.7938],[112.1229,-7.7942],[112.1243,-7.7940],[112.1249,-7.7939],[112.1265,-7.7940],[112.1295,-7.7942],[112.1309,-7.7949],[112.1322,-7.7952],[112.1345,-7.7955],[112.1363,-7.7918],[112.1404,-7.7918],[112.1407,-7.7918],[112.14321370000005,-7.793366799999944]]],[[[112.09691810000004,-7.83056],[112.0960,-7.8333],[112.0933,-7.8400],[112.0927,-7.8397],[112.0920,-7.8394],[112.0911,-7.8388],[112.0897,-7.8384],[112.0881,-7.8376],[112.0868,-7.8373],[112.0851,-7.8365],[112.0848,-7.8358],[112.0833,-7.8352],[112.0827,-7.8335],[112.0843,-7.8303],[112.0852,-7.8284],[112.0856,-7.8279],[112.0873,-7.8268],[112.0890,-7.8275],[112.0916,-7.8285],[112.0954,-7.8298],[112.09691810000004,-7.83056]]],[[[112.07898160000002,-7.811733199999935],[112.0805,-7.8123],[112.0852,-7.8140],[112.0875,-7.8139],[112.0887,-7.8143],[112.0897,-7.8131],[112.0899,-7.8128],[112.0904,-7.8130],[112.0907,-7.8131],[112.0912,-7.8129],[112.0934,-7.8135],[112.0926,-7.8151],[112.0889,-7.8162],[112.0876,-7.8157],[112.0844,-7.8167],[112.0832,-7.8205],[112.0825,-7.8226],[112.0823,-7.8230],[112.0819,-7.8240],[112.0817,-7.8247],[112.0813,-7.8254],[112.0809,-7.8266],[112.0806,-7.8272],[112.0807,-7.8276],[112.0796,-7.8299],[112.0793,-7.8305],[112.0788,-7.8329],[112.0796,-7.8335],[112.0811,-7.8341],[112.0824,-7.8347],[112.0843,-7.8355],[112.0850,-7.8362],[112.0862,-7.8370],[112.0876,-7.8374],[112.0882,-7.8384],[112.0878,-7.8396],[112.0877,-7.8405],[112.0869,-7.8398],[112.0857,-7.8398],[112.0858,-7.8412],[112.0842,-7.8419],[112.0825,-7.8433],[112.0820,-7.8441],[112.0814,-7.8427],[112.0793,-7.8422],[112.0784,-7.8415],[112.0783,-7.8405],[112.0775,-7.8401],[112.0769,-7.8396],[112.0759,-7.8386],[112.0757,-7.8370],[112.0746,-7.8365],[112.0740,-7.8373],[112.0731,-7.8393],[112.0725,-7.8415],[112.0695,-7.8368],[112.0697,-7.8311],[112.0700,-7.8291],[112.0686,-7.8282],[112.0692,-7.8271],[112.0705,-7.8252],[112.0705,-7.8250],[112.0706,-7.8248],[112.0717,-7.8214],[112.0696,-7.8198],[112.0701,-7.8185],[112.0702,-7.8182],[112.0698,-7.8178],[112.0693,-7.8173],[112.0681,-7.8170],[112.0673,-7.8167],[112.0674,-7.8162],[112.0695,-7.8154],[112.0726,-7.8142],[112.0731,-7.8131],[112.0731,-7.8107],[112.0730,-7.8098],[112.0734,-7.8096],[112.0761,-7.8112],[112.0780,-7.8121],[112.07898160000002,-7.811733199999935]]]],"type":"MultiPolygon"}},{"properties":{"district":"Puncu","district_code":"id3506110","regency":"Kediri"},"type":"Feature","geometry":{"coordinates":[[[[112.28170960000011,-7.821748],[112.2801,-7.8220],[112.2775,-7.8244],[112.2767,-7.8276],[112.2761,-7.8302],[112.2762,-7.8320],[112.2755,-7.8322],[112.2757,-7.8338],[112.2761,-7.8353],[112.2762,-7.8365],[112.2768,-7.8392],[112.2771,-7.8407],[112.2723,-7.8402],[112.2684,-7.8405],[112.2663,-7.8408],[112.2656,-7.8409],[112.2656,-7.8415],[112.2658,-7.8425],[112.2657,-7.8433],[112.2658,-7.8444],[112.2660,-7.8455],[112.2659,-7.8469],[112.2660,-7.8478],[112.2661,-7.8488],[112.2669,-7.8502],[112.2673,-7.8509],[112.2675,-7.8521],[112.2673,-7.8535],[112.2673,-7.8539],[112.2675,-7.8543],[112.2679,-7.8557],[112.2684,-7.8562],[112.2686,-7.8564],[112.2689,-7.8577],[112.2677,-7.8587],[112.2653,-7.8594],[112.2640,-7.8581],[112.2625,-7.8585],[112.2607,-7.8591],[112.2580,-7.8594],[112.2562,-7.8601],[112.2545,-7.8608],[112.2537,-7.8615],[112.2521,-7.8608],[112.2496,-7.8598],[112.2475,-7.8589],[112.2481,-7.8571],[112.2478,-7.8558],[112.2453,-7.8545],[112.2434,-7.8537],[112.2411,-7.8525],[112.2388,-7.8514],[112.2372,-7.8504],[112.2362,-7.8488],[112.2349,-7.8460],[112.2336,-7.8447],[112.2341,-7.8432],[112.2374,-7.8415],[112.2400,-7.8400],[112.2405,-7.8390],[112.2413,-7.8372],[112.2431,-7.8342],[112.2437,-7.8322],[112.2426,-7.8311],[112.2446,-7.8296],[112.2470,-7.8275],[112.2491,-7.8251],[112.2500,-7.8239],[112.2511,-7.8234],[112.2529,-7.8229],[112.2536,-7.8223],[112.2540,-7.8223],[112.2555,-7.8219],[112.2560,-7.8214],[112.2570,-7.8212],[112.2600,-7.8205],[112.2620,-7.8201],[112.2617,-7.8219],[112.2619,-7.8228],[112.2628,-7.8225],[112.2667,-7.8209],[112.2680,-7.8205],[112.2706,-7.8194],[112.2731,-7.8185],[112.2731,-7.8219],[112.2764,-7.8211],[112.2773,-7.8210],[112.2786,-7.8206],[112.2803,-7.8202],[112.2818,-7.8204],[112.28170960000011,-7.821748]]],[[[112.21433960000002,-7.784938],[112.2148,-7.7855],[112.2149,-7.7866],[112.2158,-7.7877],[112.2165,-7.7886],[112.2179,-7.7892],[112.2188,-7.7899],[112.2209,-7.7912],[112.2222,-7.7925],[112.2222,-7.7929],[112.2216,-7.7950],[112.2212,-7.7964],[112.2210,-7.7974],[112.2209,-7.7986],[112.2217,-7.7993],[112.2233,-7.8002],[112.2240,-7.8009],[112.2241,-7.8021],[112.2260,-7.8032],[112.2280,-7.8035],[112.2303,-7.8036],[112.2334,-7.8046],[112.2344,-7.8108],[112.2326,-7.8105],[112.2296,-7.8090],[112.2252,-7.8080],[112.2231,-7.8076],[112.2219,-7.8077],[112.2198,-7.8076],[112.2176,-7.8072],[112.2166,-7.8088],[112.2147,-7.8115],[112.2135,-7.8131],[112.2119,-7.8131],[112.2105,-7.8146],[112.2101,-7.8193],[112.2119,-7.8221],[112.2126,-7.8243],[112.2118,-7.8268],[112.2107,-7.8300],[112.2084,-7.8300],[112.2044,-7.8286],[112.2032,-7.8285],[112.2025,-7.8298],[112.2013,-7.8307],[112.1991,-7.8302],[112.1978,-7.8294],[112.1968,-7.8285],[112.1971,-7.8261],[112.1967,-7.8232],[112.1966,-7.8214],[112.1956,-7.8179],[112.1947,-7.8162],[112.1931,-7.8157],[112.1895,-7.8148],[112.1862,-7.8141],[112.1866,-7.8141],[112.1888,-7.8127],[112.1908,-7.8096],[112.1910,-7.8054],[112.1928,-7.8017],[112.1933,-7.7989],[112.1920,-7.7971],[112.1897,-7.7943],[112.1910,-7.7925],[112.1929,-7.7893],[112.1937,-7.7883],[112.1959,-7.7891],[112.1975,-7.7896],[112.1988,-7.7902],[112.1992,-7.7884],[112.1992,-7.7869],[112.1992,-7.7853],[112.1992,-7.7842],[112.1993,-7.7827],[112.1995,-7.7817],[112.1997,-7.7810],[112.2012,-7.7807],[112.2024,-7.7813],[112.2039,-7.7818],[112.2057,-7.7823],[112.2090,-7.7833],[112.2106,-7.7839],[112.2128,-7.7845],[112.2141,-7.7849],[112.21433960000002,-7.784938]]],[[[112.22964950000005,-7.80899809999994],[112.2292,-7.8153],[112.2288,-7.8215],[112.2287,-7.8235],[112.2280,-7.8282],[112.2286,-7.8315],[112.2312,-7.8345],[112.2313,-7.8351],[112.2314,-7.8362],[112.2316,-7.8375],[112.2319,-7.8390],[112.2323,-7.8404],[112.2326,-7.8418],[112.2328,-7.8432],[112.2328,-7.8439],[112.2343,-7.8454],[112.2361,-7.8478],[112.2368,-7.8498],[112.2368,-7.8508],[112.2352,-7.8527],[112.2333,-7.8543],[112.2320,-7.8561],[112.2301,-7.8584],[112.2277,-7.8611],[112.2258,-7.8638],[112.2252,-7.8662],[112.2240,-7.8677],[112.2222,-7.8691],[112.2215,-7.8701],[112.2201,-7.8690],[112.2187,-7.8686],[112.2179,-7.8674],[112.2154,-7.8657],[112.2140,-7.8642],[112.2126,-7.8621],[112.2147,-7.8581],[112.2159,-7.8560],[112.2176,-7.8531],[112.2180,-7.8524],[112.2159,-7.8525],[112.2153,-7.8510],[112.2150,-7.8467],[112.2148,-7.8429],[112.2147,-7.8391],[112.2131,-7.8382],[112.2090,-7.8354],[112.2107,-7.8300],[112.2118,-7.8268],[112.2126,-7.8243],[112.2119,-7.8221],[112.2101,-7.8193],[112.2105,-7.8146],[112.2119,-7.8131],[112.2135,-7.8131],[112.2147,-7.8115],[112.2166,-7.8088],[112.2176,-7.8072],[112.2198,-7.8076],[112.2219,-7.8077],[112.2231,-7.8076],[112.2252,-7.8080],[112.22964950000005,-7.80899809999994]]],[[[112.27901960000008,-7.856748],[112.2795,-7.8581],[112.2801,-7.8586],[112.2799,-7.8595],[112.2794,-7.8605],[112.2795,-7.8612],[112.2791,-7.8622],[112.2790,-7.8634],[112.2795,-7.8639],[112.2790,-7.8645],[112.2795,-7.8650],[112.2798,-7.8660],[112.2800,-7.8673],[112.2799,-7.8680],[112.2799,-7.8690],[112.2799,-7.8703],[112.2801,-7.8709],[112.2805,-7.8713],[112.2814,-7.8715],[112.2816,-7.8724],[112.2828,-7.8721],[112.2834,-7.8726],[112.2832,-7.8742],[112.2829,-7.8752],[112.2829,-7.8759],[112.2835,-7.8777],[112.2841,-7.8783],[112.2852,-7.8794],[112.2866,-7.8818],[112.2878,-7.8822],[112.2891,-7.8823],[112.2898,-7.8829],[112.2896,-7.8839],[112.2893,-7.8843],[112.2891,-7.8847],[112.2897,-7.8853],[112.2895,-7.8872],[112.2896,-7.8884],[112.2913,-7.8896],[112.2923,-7.8901],[112.2929,-7.8916],[112.2939,-7.8921],[112.2942,-7.8930],[112.2944,-7.8935],[112.2951,-7.8939],[112.2953,-7.8948],[112.2960,-7.8960],[112.2971,-7.8968],[112.2968,-7.8975],[112.2967,-7.8986],[112.2972,-7.8992],[112.2979,-7.9007],[112.2982,-7.9027],[112.2980,-7.9069],[112.2982,-7.9098],[112.2988,-7.9139],[112.2988,-7.9169],[112.2976,-7.9188],[112.2951,-7.9198],[112.2882,-7.9168],[112.2840,-7.9154],[112.2803,-7.9130],[112.2796,-7.9124],[112.2788,-7.9115],[112.2781,-7.9105],[112.2775,-7.9098],[112.2747,-7.9074],[112.2727,-7.9056],[112.2720,-7.9048],[112.2717,-7.9037],[112.2710,-7.9031],[112.2700,-7.9020],[112.2689,-7.9009],[112.2680,-7.9004],[112.2669,-7.8996],[112.2666,-7.8985],[112.2657,-7.8964],[112.2647,-7.8951],[112.2632,-7.8936],[112.2627,-7.8926],[112.2618,-7.8905],[112.2612,-7.8880],[112.2612,-7.8866],[112.2615,-7.8853],[112.2614,-7.8840],[112.2607,-7.8829],[112.2606,-7.8800],[112.2587,-7.8757],[112.2568,-7.8717],[112.2544,-7.8624],[112.2551,-7.8605],[112.2564,-7.8600],[112.2588,-7.8591],[112.2612,-7.8590],[112.2628,-7.8584],[112.2647,-7.8579],[112.2663,-7.8591],[112.2680,-7.8586],[112.2707,-7.8576],[112.2712,-7.8569],[112.2718,-7.8566],[112.2767,-7.8567],[112.27901960000008,-7.856748]]],[[[112.2542896000001,-7.861938],[112.2564,-7.8707],[112.2583,-7.8750],[112.2603,-7.8793],[112.2606,-7.8822],[112.2613,-7.8838],[112.2615,-7.8850],[112.2613,-7.8865],[112.2612,-7.8875],[112.2614,-7.8896],[112.2624,-7.8923],[112.2631,-7.8934],[112.2646,-7.8950],[112.2656,-7.8963],[112.2665,-7.8984],[112.2668,-7.8994],[112.2678,-7.9004],[112.2686,-7.9007],[112.2699,-7.9018],[112.2708,-7.9030],[112.2716,-7.9035],[112.2719,-7.9046],[112.2725,-7.9054],[112.2743,-7.9070],[112.2774,-7.9097],[112.2780,-7.9104],[112.2786,-7.9113],[112.2795,-7.9124],[112.2802,-7.9129],[112.2831,-7.9149],[112.2874,-7.9165],[112.2937,-7.9188],[112.2962,-7.9211],[112.2962,-7.9245],[112.2986,-7.9266],[112.3020,-7.9273],[112.3041,-7.9292],[112.3056,-7.9296],[112.3045,-7.9297],[112.3028,-7.9333],[112.3022,-7.9331],[112.3015,-7.9327],[112.3011,-7.9324],[112.3005,-7.9319],[112.3001,-7.9316],[112.3000,-7.9313],[112.2990,-7.9310],[112.2978,-7.9309],[112.2973,-7.9307],[112.2959,-7.9302],[112.2941,-7.9294],[112.2927,-7.9282],[112.2915,-7.9269],[112.2903,-7.9262],[112.2896,-7.9255],[112.2886,-7.9257],[112.2867,-7.9249],[112.2839,-7.9238],[112.2822,-7.9250],[112.2813,-7.9246],[112.2785,-7.9232],[112.2780,-7.9225],[112.2762,-7.9204],[112.2744,-7.9205],[112.2721,-7.9199],[112.2688,-7.9189],[112.2683,-7.9174],[112.2680,-7.9143],[112.2670,-7.9131],[112.2670,-7.9125],[112.2664,-7.9106],[112.2644,-7.9088],[112.2620,-7.9080],[112.2611,-7.9058],[112.2600,-7.9046],[112.2579,-7.9034],[112.2552,-7.9014],[112.2522,-7.8997],[112.2497,-7.8971],[112.2479,-7.8962],[112.2467,-7.8954],[112.2462,-7.8941],[112.2432,-7.8931],[112.2401,-7.8913],[112.2380,-7.8899],[112.2351,-7.8894],[112.2328,-7.8876],[112.2322,-7.8870],[112.2306,-7.8845],[112.2302,-7.8818],[112.2303,-7.8803],[112.2301,-7.8782],[112.2294,-7.8765],[112.2276,-7.8747],[112.2260,-7.8735],[112.2244,-7.8727],[112.2239,-7.8716],[112.2231,-7.8706],[112.2217,-7.8706],[112.2218,-7.8696],[112.2231,-7.8688],[112.2253,-7.8668],[112.2246,-7.8633],[112.2269,-7.8622],[112.2295,-7.8591],[112.2317,-7.8565],[112.2332,-7.8546],[112.2348,-7.8531],[112.2364,-7.8514],[112.2373,-7.8504],[112.2397,-7.8518],[112.2415,-7.8527],[112.2440,-7.8539],[112.2456,-7.8547],[112.2482,-7.8560],[112.2479,-7.8575],[112.2479,-7.8590],[112.2500,-7.8599],[112.2525,-7.8610],[112.2540,-7.8617],[112.2542896000001,-7.861938]]],[[[112.18504440000004,-7.81348689999993],[112.1893,-7.8151],[112.1930,-7.8157],[112.1939,-7.8159],[112.1955,-7.8171],[112.1967,-7.8207],[112.1966,-7.8231],[112.1971,-7.8251],[112.1959,-7.8281],[112.1945,-7.8274],[112.1933,-7.8271],[112.1927,-7.8264],[112.1920,-7.8263],[112.1908,-7.8276],[112.1900,-7.8286],[112.1911,-7.8297],[112.1916,-7.8304],[112.1903,-7.8319],[112.1884,-7.8344],[112.1867,-7.8336],[112.1860,-7.8325],[112.1850,-7.8316],[112.1840,-7.8298],[112.1832,-7.8292],[112.1825,-7.8281],[112.1807,-7.8265],[112.1794,-7.8245],[112.1793,-7.8228],[112.1794,-7.8213],[112.1794,-7.8207],[112.1789,-7.8203],[112.1790,-7.8192],[112.1796,-7.8186],[112.1800,-7.8174],[112.1808,-7.8153],[112.1809,-7.8148],[112.1815,-7.8131],[112.1824,-7.8126],[112.1837,-7.8131],[112.18504440000004,-7.81348689999993]]],[[[112.18504440000004,-7.81348689999993],[112.1828,-7.8128],[112.1818,-7.8122],[112.1812,-7.8142],[112.1808,-7.8151],[112.1802,-7.8168],[112.1799,-7.8177],[112.1795,-7.8191],[112.1717,-7.8156],[112.1703,-7.8145],[112.1695,-7.8137],[112.1687,-7.8129],[112.1686,-7.8118],[112.1686,-7.8095],[112.1685,-7.8081],[112.1683,-7.8076],[112.1683,-7.8062],[112.1688,-7.8052],[112.1702,-7.8028],[112.1712,-7.8010],[112.1725,-7.8001],[112.1734,-7.8007],[112.1734,-7.8000],[112.1740,-7.7990],[112.1745,-7.7985],[112.1750,-7.7981],[112.1755,-7.7982],[112.1782,-7.8001],[112.1804,-7.8012],[112.1826,-7.8023],[112.1838,-7.8031],[112.1847,-7.8007],[112.1858,-7.7994],[112.1872,-7.7975],[112.1880,-7.7963],[112.1918,-7.7982],[112.1937,-7.7991],[112.1918,-7.8037],[112.1907,-7.8060],[112.1903,-7.8102],[112.1884,-7.8135],[112.1860,-7.8138],[112.18504440000004,-7.81348689999993]]],[[[112.24467960000004,-7.800708],[112.2471,-7.8007],[112.2486,-7.8017],[112.2490,-7.8027],[112.2490,-7.8037],[112.2493,-7.8056],[112.2493,-7.8067],[112.2487,-7.8088],[112.2492,-7.8093],[112.2488,-7.8105],[112.2487,-7.8113],[112.2493,-7.8117],[112.2503,-7.8119],[112.2539,-7.8127],[112.2551,-7.8141],[112.2548,-7.8164],[112.2543,-7.8188],[112.2540,-7.8210],[112.2536,-7.8223],[112.2529,-7.8229],[112.2511,-7.8234],[112.2500,-7.8239],[112.2491,-7.8251],[112.2470,-7.8275],[112.2446,-7.8296],[112.2426,-7.8311],[112.2437,-7.8322],[112.2431,-7.8342],[112.2413,-7.8372],[112.2405,-7.8390],[112.2400,-7.8400],[112.2374,-7.8415],[112.2341,-7.8432],[112.2328,-7.8437],[112.2327,-7.8425],[112.2324,-7.8411],[112.2321,-7.8397],[112.2318,-7.8383],[112.2315,-7.8370],[112.2314,-7.8356],[112.2313,-7.8349],[112.2307,-7.8323],[112.2277,-7.8306],[112.2289,-7.8256],[112.2297,-7.8228],[112.2291,-7.8177],[112.2293,-7.8139],[112.2305,-7.8094],[112.2344,-7.8115],[112.2347,-7.8053],[112.2354,-7.8037],[112.2360,-7.8021],[112.2366,-7.8020],[112.2384,-7.8021],[112.2401,-7.8022],[112.2401,-7.8011],[112.2407,-7.8005],[112.2437,-7.8007],[112.24467960000004,-7.800708]]]],"type":"MultiPolygon"}},{"properties":{"district":"Kepung","district_code":"id3506120","regency":"Kediri"},"type":"Feature","geometry":{"coordinates":[[[[112.30762460000005,-7.838742299999979],[112.3081,-7.8390],[112.3086,-7.8390],[112.3108,-7.8388],[112.3122,-7.8378],[112.3133,-7.8377],[112.3151,-7.8379],[112.3162,-7.8376],[112.3178,-7.8381],[112.3194,-7.8394],[112.3189,-7.8404],[112.3187,-7.8428],[112.3178,-7.8453],[112.3173,-7.8466],[112.3176,-7.8474],[112.3188,-7.8484],[112.3202,-7.8499],[112.3206,-7.8517],[112.3206,-7.8539],[112.3212,-7.8553],[112.3209,-7.8559],[112.3205,-7.8561],[112.3193,-7.8569],[112.3189,-7.8577],[112.3186,-7.8598],[112.3182,-7.8612],[112.3187,-7.8626],[112.3197,-7.8635],[112.3214,-7.8646],[112.3229,-7.8661],[112.3244,-7.8686],[112.3253,-7.8705],[112.3257,-7.8713],[112.3260,-7.8741],[112.3254,-7.8757],[112.3257,-7.8787],[112.3251,-7.8805],[112.3252,-7.8822],[112.3248,-7.8839],[112.3234,-7.8856],[112.3236,-7.8879],[112.3226,-7.8898],[112.3231,-7.8911],[112.3233,-7.8922],[112.3224,-7.8930],[112.3209,-7.8931],[112.3188,-7.8948],[112.3176,-7.8967],[112.3172,-7.8981],[112.3159,-7.8986],[112.3155,-7.8999],[112.3145,-7.9010],[112.3141,-7.9018],[112.3138,-7.9019],[112.3131,-7.9021],[112.3125,-7.9026],[112.3120,-7.9047],[112.3123,-7.9055],[112.3122,-7.9065],[112.3126,-7.9073],[112.3135,-7.9082],[112.3130,-7.9094],[112.3128,-7.9111],[112.3130,-7.9127],[112.3133,-7.9142],[112.3131,-7.9163],[112.3140,-7.9182],[112.3138,-7.9195],[112.3138,-7.9202],[112.3136,-7.9209],[112.3133,-7.9220],[112.3128,-7.9230],[112.3124,-7.9236],[112.3121,-7.9244],[112.3113,-7.9252],[112.3106,-7.9262],[112.3076,-7.9286],[112.3065,-7.9293],[112.3045,-7.9297],[112.3025,-7.9276],[112.2995,-7.9268],[112.2965,-7.9251],[112.2961,-7.9221],[112.2966,-7.9202],[112.2984,-7.9176],[112.2989,-7.9157],[112.2986,-7.9116],[112.2980,-7.9087],[112.2991,-7.9074],[112.3003,-7.9056],[112.3005,-7.9035],[112.3003,-7.9019],[112.3003,-7.9007],[112.3005,-7.8997],[112.3016,-7.8983],[112.3025,-7.8974],[112.3025,-7.8963],[112.3020,-7.8953],[112.3018,-7.8943],[112.3012,-7.8931],[112.3011,-7.8924],[112.3012,-7.8917],[112.3009,-7.8904],[112.3013,-7.8896],[112.3018,-7.8889],[112.3019,-7.8880],[112.3025,-7.8830],[112.3013,-7.8793],[112.3009,-7.8785],[112.2993,-7.8779],[112.2983,-7.8760],[112.2984,-7.8744],[112.2986,-7.8729],[112.2983,-7.8723],[112.2980,-7.8715],[112.2975,-7.8700],[112.2970,-7.8691],[112.2967,-7.8684],[112.2967,-7.8671],[112.2966,-7.8659],[112.2964,-7.8652],[112.2962,-7.8642],[112.2959,-7.8637],[112.2960,-7.8621],[112.2954,-7.8611],[112.2956,-7.8606],[112.2959,-7.8602],[112.2960,-7.8595],[112.2958,-7.8586],[112.2954,-7.8582],[112.2952,-7.8570],[112.2950,-7.8562],[112.2944,-7.8544],[112.2941,-7.8531],[112.2941,-7.8525],[112.2941,-7.8519],[112.2936,-7.8512],[112.2932,-7.8502],[112.2934,-7.8493],[112.2934,-7.8485],[112.2940,-7.8483],[112.2945,-7.8475],[112.2948,-7.8471],[112.2942,-7.8466],[112.2943,-7.8456],[112.2948,-7.8449],[112.2950,-7.8430],[112.2951,-7.8420],[112.2958,-7.8418],[112.2970,-7.8418],[112.2997,-7.8416],[112.3005,-7.8408],[112.3003,-7.8400],[112.3008,-7.8396],[112.3010,-7.8389],[112.3015,-7.8389],[112.3019,-7.8379],[112.3025,-7.8372],[112.3031,-7.8368],[112.3066,-7.8379],[112.30762460000005,-7.838742299999979]]],[[[112.29530680000005,-7.786508899999944],[112.2961,-7.7877],[112.2959,-7.7885],[112.2972,-7.7894],[112.2996,-7.7890],[112.3006,-7.7896],[112.3013,-7.7908],[112.3016,-7.7929],[112.3023,-7.7939],[112.3040,-7.7955],[112.3048,-7.7953],[112.3052,-7.7964],[112.3064,-7.7984],[112.3067,-7.7988],[112.3069,-7.7999],[112.3071,-7.8010],[112.3066,-7.8016],[112.3058,-7.8022],[112.3060,-7.8035],[112.3063,-7.8048],[112.3065,-7.8066],[112.3060,-7.8089],[112.3056,-7.8106],[112.3054,-7.8106],[112.2986,-7.8093],[112.2977,-7.8091],[112.2960,-7.8087],[112.2938,-7.8087],[112.2918,-7.8088],[112.2906,-7.8088],[112.2894,-7.8087],[112.2885,-7.8090],[112.2876,-7.8091],[112.2869,-7.8088],[112.2870,-7.8073],[112.2873,-7.8040],[112.2870,-7.8024],[112.2868,-7.8010],[112.2861,-7.7998],[112.2851,-7.7993],[112.2849,-7.7983],[112.2855,-7.7963],[112.2849,-7.7954],[112.2856,-7.7946],[112.2850,-7.7938],[112.2851,-7.7931],[112.2847,-7.7925],[112.2843,-7.7908],[112.2847,-7.7897],[112.2841,-7.7882],[112.2837,-7.7879],[112.2865,-7.7865],[112.2893,-7.7860],[112.2933,-7.7864],[112.29530680000005,-7.786508899999944]]],[[[112.287709,-7.770965899999965],[112.2874,-7.7717],[112.2877,-7.7728],[112.2878,-7.7740],[112.2889,-7.7758],[112.2880,-7.7771],[112.2882,-7.7781],[112.2880,-7.7791],[112.2886,-7.7798],[112.2895,-7.7805],[112.2915,-7.7807],[112.2924,-7.7810],[112.2929,-7.7816],[112.2931,-7.7832],[112.2936,-7.7846],[112.2948,-7.7857],[112.2953,-7.7865],[112.2923,-7.7861],[112.2885,-7.7862],[112.2850,-7.7871],[112.2837,-7.7879],[112.2830,-7.7881],[112.2829,-7.7876],[112.2829,-7.7865],[112.2825,-7.7849],[112.2799,-7.7842],[112.2763,-7.7840],[112.2709,-7.7840],[112.2673,-7.7830],[112.2650,-7.7804],[112.2648,-7.7782],[112.2645,-7.7773],[112.2650,-7.7761],[112.2647,-7.7749],[112.2641,-7.7734],[112.2640,-7.7723],[112.2636,-7.7707],[112.2632,-7.7692],[112.2635,-7.7681],[112.2635,-7.7673],[112.2636,-7.7660],[112.2633,-7.7648],[112.2634,-7.7640],[112.2666,-7.7619],[112.2686,-7.7601],[112.2700,-7.7600],[112.2722,-7.7600],[112.2729,-7.7587],[112.2722,-7.7571],[112.2725,-7.7563],[112.2735,-7.7558],[112.2741,-7.7556],[112.2748,-7.7564],[112.2761,-7.7577],[112.2775,-7.7586],[112.2783,-7.7596],[112.2787,-7.7604],[112.2800,-7.7613],[112.2819,-7.7627],[112.2834,-7.7642],[112.2857,-7.7663],[112.2864,-7.7679],[112.2871,-7.7692],[112.287709,-7.770965899999965]]],[[[112.28345680000007,-7.821890699999926],[112.2863,-7.8220],[112.2871,-7.8254],[112.2875,-7.8263],[112.2880,-7.8267],[112.2894,-7.8266],[112.2916,-7.8258],[112.2935,-7.8251],[112.2944,-7.8249],[112.2951,-7.8253],[112.2950,-7.8274],[112.2940,-7.8280],[112.2942,-7.8285],[112.2951,-7.8292],[112.2946,-7.8294],[112.2943,-7.8300],[112.2952,-7.8315],[112.2959,-7.8326],[112.2957,-7.8334],[112.2955,-7.8339],[112.2956,-7.8347],[112.2954,-7.8365],[112.2954,-7.8379],[112.2952,-7.8391],[112.2955,-7.8395],[112.2954,-7.8401],[112.2950,-7.8403],[112.2952,-7.8409],[112.2944,-7.8411],[112.2916,-7.8409],[112.2892,-7.8413],[112.2893,-7.8432],[112.2891,-7.8443],[112.2884,-7.8452],[112.2883,-7.8467],[112.2881,-7.8477],[112.2879,-7.8488],[112.2882,-7.8509],[112.2886,-7.8522],[112.2884,-7.8534],[112.2858,-7.8530],[112.2834,-7.8540],[112.2818,-7.8547],[112.2807,-7.8560],[112.2796,-7.8565],[112.2736,-7.8566],[112.2715,-7.8566],[112.2711,-7.8575],[112.2698,-7.8581],[112.2688,-7.8573],[112.2686,-7.8563],[112.2682,-7.8562],[112.2677,-7.8555],[112.2674,-7.8542],[112.2672,-7.8539],[112.2674,-7.8533],[112.2675,-7.8520],[112.2673,-7.8508],[112.2667,-7.8499],[112.2661,-7.8487],[112.2659,-7.8477],[112.2659,-7.8461],[112.2660,-7.8451],[112.2658,-7.8441],[112.2657,-7.8430],[112.2658,-7.8423],[112.2656,-7.8413],[112.2657,-7.8409],[112.2671,-7.8406],[112.2687,-7.8404],[112.2725,-7.8403],[112.2770,-7.8400],[112.2766,-7.8383],[112.2762,-7.8361],[112.2760,-7.8350],[112.2755,-7.8330],[112.2756,-7.8321],[112.2762,-7.8318],[112.2761,-7.8299],[112.2768,-7.8272],[112.2775,-7.8242],[112.2809,-7.8218],[112.2818,-7.8218],[112.28345680000007,-7.821890699999926]]],[[[112.29436770000007,-7.841155599999979],[112.2946,-7.8414],[112.2951,-7.8416],[112.2951,-7.8422],[112.2949,-7.8440],[112.2947,-7.8451],[112.2942,-7.8460],[112.2943,-7.8468],[112.2948,-7.8474],[112.2941,-7.8479],[112.2938,-7.8484],[112.2935,-7.8491],[112.2934,-7.8498],[112.2934,-7.8506],[112.2940,-7.8516],[112.2940,-7.8523],[112.2940,-7.8527],[112.2939,-7.8537],[112.2949,-7.8559],[112.2951,-7.8567],[112.2952,-7.8575],[112.2957,-7.8584],[112.2960,-7.8590],[112.2960,-7.8598],[112.2958,-7.8604],[112.2954,-7.8608],[112.2959,-7.8618],[112.2959,-7.8628],[112.2960,-7.8639],[112.2963,-7.8647],[112.2964,-7.8655],[112.2966,-7.8662],[112.2967,-7.8674],[112.2968,-7.8686],[112.2974,-7.8696],[112.2978,-7.8707],[112.2982,-7.8719],[112.2985,-7.8724],[112.2986,-7.8736],[112.2983,-7.8750],[112.2985,-7.8769],[112.2997,-7.8782],[112.3012,-7.8787],[112.3020,-7.8811],[112.3023,-7.8853],[112.3018,-7.8886],[112.3018,-7.8891],[112.3011,-7.8900],[112.3005,-7.8910],[112.3013,-7.8921],[112.3009,-7.8928],[112.3016,-7.8934],[112.3016,-7.8948],[112.3024,-7.8959],[112.3027,-7.8968],[112.3018,-7.8978],[112.3010,-7.8993],[112.3003,-7.9002],[112.3003,-7.9017],[112.3005,-7.9028],[112.3003,-7.9043],[112.2999,-7.9067],[112.2985,-7.9076],[112.2981,-7.9049],[112.2981,-7.9017],[112.2976,-7.9001],[112.2969,-7.8988],[112.2969,-7.8978],[112.2970,-7.8971],[112.2967,-7.8966],[112.2957,-7.8955],[112.2951,-7.8942],[112.2950,-7.8935],[112.2941,-7.8934],[112.2941,-7.8925],[112.2933,-7.8918],[112.2924,-7.8904],[112.2919,-7.8898],[112.2906,-7.8892],[112.2895,-7.8878],[112.2895,-7.8865],[112.2895,-7.8850],[112.2891,-7.8846],[112.2896,-7.8841],[112.2895,-7.8834],[112.2897,-7.8826],[112.2882,-7.8823],[112.2873,-7.8820],[112.2857,-7.8804],[112.2843,-7.8789],[112.2837,-7.8783],[112.2833,-7.8768],[112.2828,-7.8758],[112.2830,-7.8748],[112.2834,-7.8736],[112.2832,-7.8723],[112.2821,-7.8724],[112.2815,-7.8719],[112.2810,-7.8713],[112.2802,-7.8713],[112.2799,-7.8705],[112.2802,-7.8695],[112.2799,-7.8686],[112.2798,-7.8678],[112.2800,-7.8666],[112.2798,-7.8653],[112.2792,-7.8647],[112.2794,-7.8641],[112.2790,-7.8634],[112.2792,-7.8627],[112.2790,-7.8617],[112.2797,-7.8609],[112.2798,-7.8599],[112.2801,-7.8591],[112.2798,-7.8582],[112.2793,-7.8575],[112.2798,-7.8565],[112.2810,-7.8556],[112.2822,-7.8546],[112.2841,-7.8533],[112.2866,-7.8531],[112.2885,-7.8530],[112.2886,-7.8519],[112.2881,-7.8506],[112.2880,-7.8485],[112.2882,-7.8475],[112.2883,-7.8463],[112.2887,-7.8448],[112.2892,-7.8440],[112.2893,-7.8429],[112.2892,-7.8409],[112.2916,-7.8412],[112.29436770000007,-7.841155599999979]]],[[[112.2688796000001,-7.760028],[112.2674,-7.7610],[112.2645,-7.7635],[112.2631,-7.7646],[112.2635,-7.7655],[112.2635,-7.7669],[112.2635,-7.7678],[112.2631,-7.7689],[112.2635,-7.7706],[112.2640,-7.7719],[112.2641,-7.7731],[112.2647,-7.7745],[112.2650,-7.7760],[112.2646,-7.7772],[112.2646,-7.7779],[112.2650,-7.7801],[112.2662,-7.7823],[112.2685,-7.7854],[112.2680,-7.7900],[112.2668,-7.7907],[112.2666,-7.7934],[112.2660,-7.7940],[112.2660,-7.7934],[112.2645,-7.7929],[112.2634,-7.7931],[112.2611,-7.7924],[112.2590,-7.7913],[112.2585,-7.7909],[112.2583,-7.7889],[112.2572,-7.7877],[112.2561,-7.7870],[112.2519,-7.7855],[112.2509,-7.7851],[112.2496,-7.7844],[112.2478,-7.7838],[112.2453,-7.7836],[112.2435,-7.7832],[112.2433,-7.7818],[112.2418,-7.7809],[112.2410,-7.7804],[112.2409,-7.7787],[112.2406,-7.7772],[112.2403,-7.7756],[112.2398,-7.7740],[112.2396,-7.7722],[112.2399,-7.7706],[112.2406,-7.7673],[112.2414,-7.7677],[112.2428,-7.7681],[112.2435,-7.7682],[112.2449,-7.7688],[112.2456,-7.7687],[112.2464,-7.7689],[112.2471,-7.7687],[112.2474,-7.7677],[112.2475,-7.7652],[112.2477,-7.7636],[112.2491,-7.7633],[112.2502,-7.7631],[112.2531,-7.7630],[112.2552,-7.7638],[112.2575,-7.7646],[112.2608,-7.7638],[112.2619,-7.7624],[112.2623,-7.7591],[112.2629,-7.7590],[112.2645,-7.7579],[112.2649,-7.7577],[112.2662,-7.7578],[112.2677,-7.7579],[112.2684,-7.7581],[112.2689,-7.7599],[112.2688796000001,-7.760028]]],[[[112.23327960000006,-7.764568],[112.2338,-7.7646],[112.2357,-7.7650],[112.2372,-7.7655],[112.2381,-7.7658],[112.2388,-7.7663],[112.2392,-7.7667],[112.2399,-7.7670],[112.2399,-7.7706],[112.2396,-7.7722],[112.2398,-7.7740],[112.2403,-7.7756],[112.2406,-7.7772],[112.2409,-7.7787],[112.2410,-7.7804],[112.2411,-7.7819],[112.2411,-7.7851],[112.2408,-7.7870],[112.2402,-7.7873],[112.2392,-7.7874],[112.2386,-7.7876],[112.2379,-7.7876],[112.2372,-7.7876],[112.2368,-7.7870],[112.2359,-7.7867],[112.2350,-7.7868],[112.2343,-7.7866],[112.2324,-7.7867],[112.2318,-7.7869],[112.2311,-7.7870],[112.2296,-7.7868],[112.2287,-7.7868],[112.2284,-7.7865],[112.2284,-7.7854],[112.2280,-7.7847],[112.2267,-7.7816],[112.2260,-7.7801],[112.2264,-7.7724],[112.2230,-7.7720],[112.2233,-7.7699],[112.2236,-7.7685],[112.2238,-7.7668],[112.2240,-7.7657],[112.2261,-7.7658],[112.2264,-7.7653],[112.2264,-7.7630],[112.2265,-7.7618],[112.2282,-7.7622],[112.2289,-7.7626],[112.2297,-7.7626],[112.2303,-7.7633],[112.2315,-7.7639],[112.2323,-7.7645],[112.23327960000006,-7.764568]]],[[[112.28371220000008,-7.787902899999949],[112.2842,-7.7886],[112.2847,-7.7899],[112.2844,-7.7914],[112.2850,-7.7927],[112.2850,-7.7933],[112.2854,-7.7941],[112.2854,-7.7948],[112.2849,-7.7956],[112.2855,-7.7964],[112.2849,-7.7988],[112.2855,-7.7994],[112.2863,-7.8001],[112.2868,-7.8016],[112.2870,-7.8029],[112.2873,-7.8049],[112.2869,-7.8077],[112.2865,-7.8090],[112.2860,-7.8107],[112.2846,-7.8131],[112.2836,-7.8151],[112.2824,-7.8218],[112.2818,-7.8204],[112.2803,-7.8202],[112.2786,-7.8206],[112.2773,-7.8210],[112.2764,-7.8211],[112.2731,-7.8219],[112.2731,-7.8185],[112.2706,-7.8194],[112.2680,-7.8205],[112.2667,-7.8209],[112.2628,-7.8225],[112.2619,-7.8228],[112.2617,-7.8219],[112.2620,-7.8201],[112.2600,-7.8205],[112.2570,-7.8212],[112.2560,-7.8214],[112.2555,-7.8219],[112.2540,-7.8223],[112.2540,-7.8210],[112.2543,-7.8188],[112.2548,-7.8164],[112.2551,-7.8141],[112.2539,-7.8127],[112.2503,-7.8119],[112.2493,-7.8117],[112.2487,-7.8113],[112.2488,-7.8105],[112.2492,-7.8093],[112.2487,-7.8088],[112.2493,-7.8067],[112.2493,-7.8056],[112.2490,-7.8037],[112.2490,-7.8027],[112.2486,-7.8017],[112.2471,-7.8007],[112.2447,-7.8007],[112.2446,-7.7991],[112.2436,-7.7955],[112.2435,-7.7940],[112.2444,-7.7936],[112.2463,-7.7941],[112.2479,-7.7946],[112.2497,-7.7950],[112.2514,-7.7946],[112.2518,-7.7938],[112.2524,-7.7931],[112.2547,-7.7941],[112.2561,-7.7942],[112.2565,-7.7944],[112.2569,-7.7936],[112.2574,-7.7932],[112.2590,-7.7914],[112.2617,-7.7927],[112.2636,-7.7931],[112.2649,-7.7930],[112.2660,-7.7935],[112.2662,-7.7943],[112.2667,-7.7920],[112.2679,-7.7906],[112.2681,-7.7879],[112.2689,-7.7841],[112.2746,-7.7840],[112.2790,-7.7842],[112.2811,-7.7844],[112.2827,-7.7856],[112.2829,-7.7871],[112.2828,-7.7879],[112.2834,-7.7879],[112.28371220000008,-7.787902899999949]]],[[[112.2410896,-7.780518],[112.2427,-7.7814],[112.2433,-7.7819],[112.2444,-7.7834],[112.2454,-7.7836],[112.2484,-7.7839],[112.2500,-7.7845],[112.2510,-7.7852],[112.2528,-7.7856],[112.2563,-7.7873],[112.2578,-7.7879],[112.2584,-7.7893],[112.2588,-7.7911],[112.2590,-7.7914],[112.2574,-7.7932],[112.2569,-7.7936],[112.2565,-7.7944],[112.2561,-7.7942],[112.2547,-7.7941],[112.2524,-7.7931],[112.2518,-7.7938],[112.2514,-7.7946],[112.2497,-7.7950],[112.2479,-7.7946],[112.2463,-7.7941],[112.2444,-7.7936],[112.2435,-7.7940],[112.2436,-7.7955],[112.2446,-7.7991],[112.2447,-7.8007],[112.2414,-7.8005],[112.2401,-7.8008],[112.2403,-7.8022],[112.2388,-7.8022],[112.2370,-7.8020],[112.2361,-7.8021],[112.2355,-7.8032],[112.2349,-7.8049],[112.2336,-7.8048],[112.2312,-7.8038],[112.2291,-7.8035],[112.2262,-7.8033],[112.2240,-7.8025],[112.2241,-7.8012],[112.2235,-7.8004],[112.2222,-7.7996],[112.2210,-7.7987],[112.2209,-7.7978],[112.2211,-7.7969],[112.2216,-7.7952],[112.2221,-7.7932],[112.2223,-7.7926],[112.2213,-7.7915],[112.2194,-7.7903],[112.2181,-7.7893],[112.2168,-7.7888],[112.2161,-7.7881],[112.2150,-7.7869],[112.2149,-7.7857],[112.2145,-7.7850],[112.2145,-7.7844],[112.2149,-7.7844],[112.2157,-7.7835],[112.2171,-7.7827],[112.2184,-7.7821],[112.2183,-7.7813],[112.2181,-7.7803],[112.2200,-7.7800],[112.2203,-7.7787],[112.2205,-7.7775],[112.2221,-7.7773],[112.2222,-7.7764],[112.2225,-7.7750],[112.2229,-7.7726],[112.2241,-7.7721],[112.2258,-7.7784],[112.2261,-7.7804],[112.2267,-7.7824],[112.2284,-7.7849],[112.2284,-7.7861],[112.2285,-7.7867],[112.2291,-7.7868],[112.2298,-7.7869],[112.2312,-7.7871],[112.2320,-7.7868],[112.2331,-7.7866],[112.2343,-7.7866],[112.2353,-7.7868],[112.2362,-7.7867],[112.2369,-7.7873],[112.2374,-7.7876],[112.2383,-7.7876],[112.2388,-7.7875],[112.2396,-7.7874],[112.2405,-7.7874],[112.2409,-7.7864],[112.2412,-7.7842],[112.2411,-7.7811],[112.2410896,-7.780518]]],[[[112.30558760000008,-7.810640499999977],[112.3058,-7.8128],[112.3059,-7.8138],[112.3065,-7.8149],[112.3066,-7.8163],[112.3071,-7.8181],[112.3072,-7.8184],[112.3073,-7.8205],[112.3081,-7.8222],[112.3082,-7.8257],[112.3074,-7.8263],[112.3067,-7.8271],[112.3066,-7.8284],[112.3068,-7.8289],[112.3072,-7.8305],[112.3081,-7.8314],[112.3087,-7.8326],[112.3095,-7.8338],[112.3091,-7.8348],[112.3086,-7.8364],[112.3083,-7.8371],[112.3076,-7.8387],[112.3056,-7.8372],[112.3029,-7.8368],[112.3025,-7.8373],[112.3018,-7.8385],[112.3013,-7.8388],[112.3011,-7.8392],[112.3005,-7.8397],[112.3005,-7.8404],[112.3003,-7.8409],[112.2980,-7.8417],[112.2970,-7.8418],[112.2956,-7.8418],[112.2950,-7.8414],[112.2945,-7.8414],[112.2944,-7.8411],[112.2952,-7.8409],[112.2950,-7.8403],[112.2954,-7.8401],[112.2955,-7.8395],[112.2952,-7.8391],[112.2954,-7.8379],[112.2954,-7.8365],[112.2956,-7.8347],[112.2955,-7.8339],[112.2957,-7.8334],[112.2959,-7.8326],[112.2952,-7.8315],[112.2943,-7.8300],[112.2946,-7.8294],[112.2951,-7.8292],[112.2942,-7.8285],[112.2940,-7.8280],[112.2950,-7.8274],[112.2951,-7.8253],[112.2944,-7.8249],[112.2935,-7.8251],[112.2916,-7.8258],[112.2894,-7.8266],[112.2880,-7.8267],[112.2875,-7.8263],[112.2871,-7.8254],[112.2863,-7.8220],[112.2835,-7.8219],[112.2841,-7.8145],[112.2851,-7.8123],[112.2866,-7.8096],[112.2869,-7.8088],[112.2873,-7.8090],[112.2882,-7.8091],[112.2893,-7.8088],[112.2904,-7.8087],[112.2913,-7.8091],[112.2932,-7.8087],[112.2956,-7.8086],[112.2974,-7.8091],[112.2985,-7.8092],[112.3027,-7.8101],[112.3055,-7.8106],[112.30558760000008,-7.810640499999977]]]],"type":"MultiPolygon"}},{"properties":{"district":"Kandangan","district_code":"id3506130","regency":"Kediri"},"type":"Feature","geometry":{"coordinates":[[[[112.31655840000008,-7.735417899999959],[112.3165,-7.7356],[112.3171,-7.7367],[112.3180,-7.7373],[112.3196,-7.7376],[112.3209,-7.7379],[112.3222,-7.7384],[112.3231,-7.7387],[112.3234,-7.7382],[112.3244,-7.7380],[112.3250,-7.7383],[112.3255,-7.7386],[112.3253,-7.7392],[112.3257,-7.7396],[112.3262,-7.7402],[112.3279,-7.7409],[112.3288,-7.7412],[112.3299,-7.7411],[112.3312,-7.7412],[112.3325,-7.7417],[112.3333,-7.7414],[112.3344,-7.7415],[112.3359,-7.7436],[112.3370,-7.7451],[112.3381,-7.7459],[112.3397,-7.7469],[112.3423,-7.7482],[112.3417,-7.7485],[112.3407,-7.7488],[112.3389,-7.7500],[112.3388,-7.7509],[112.3380,-7.7516],[112.3357,-7.7526],[112.3344,-7.7528],[112.3331,-7.7534],[112.3320,-7.7533],[112.3307,-7.7530],[112.3305,-7.7535],[112.3294,-7.7537],[112.3291,-7.7545],[112.3281,-7.7552],[112.3275,-7.7561],[112.3267,-7.7568],[112.3263,-7.7579],[112.3263,-7.7585],[112.3253,-7.7588],[112.3249,-7.7596],[112.3210,-7.7601],[112.3190,-7.7602],[112.3157,-7.7609],[112.3100,-7.7614],[112.3086,-7.7613],[112.3078,-7.7616],[112.3066,-7.7609],[112.3062,-7.7604],[112.3055,-7.7602],[112.3044,-7.7598],[112.3032,-7.7597],[112.3014,-7.7596],[112.2988,-7.7596],[112.2952,-7.7601],[112.2935,-7.7585],[112.2920,-7.7557],[112.2906,-7.7553],[112.2889,-7.7531],[112.2873,-7.7520],[112.2867,-7.7521],[112.2869,-7.7536],[112.2862,-7.7531],[112.2850,-7.7515],[112.2856,-7.7515],[112.2864,-7.7509],[112.2860,-7.7504],[112.2854,-7.7501],[112.2856,-7.7490],[112.2855,-7.7481],[112.2841,-7.7481],[112.2840,-7.7477],[112.2837,-7.7467],[112.2825,-7.7455],[112.2829,-7.7453],[112.2845,-7.7456],[112.2848,-7.7452],[112.2853,-7.7447],[112.2855,-7.7441],[112.2873,-7.7438],[112.2887,-7.7439],[112.2913,-7.7437],[112.2946,-7.7443],[112.2970,-7.7445],[112.2988,-7.7456],[112.2996,-7.7454],[112.3019,-7.7448],[112.3027,-7.7448],[112.3040,-7.7443],[112.3041,-7.7431],[112.3038,-7.7414],[112.3027,-7.7403],[112.3042,-7.7392],[112.3051,-7.7388],[112.3073,-7.7384],[112.3086,-7.7390],[112.3099,-7.7386],[112.3132,-7.7394],[112.3155,-7.7391],[112.3169,-7.7376],[112.3155,-7.7365],[112.3153,-7.7353],[112.31655840000008,-7.735417899999959]]],[[[112.30272960000002,-7.740278099999955],[112.3038,-7.7414],[112.3041,-7.7431],[112.3040,-7.7443],[112.3027,-7.7448],[112.3019,-7.7448],[112.2996,-7.7454],[112.2988,-7.7456],[112.2970,-7.7445],[112.2946,-7.7443],[112.2913,-7.7437],[112.2887,-7.7439],[112.2873,-7.7438],[112.2855,-7.7441],[112.2853,-7.7447],[112.2848,-7.7452],[112.2845,-7.7453],[112.2835,-7.7442],[112.2822,-7.7443],[112.2814,-7.7438],[112.2817,-7.7434],[112.2826,-7.7432],[112.2822,-7.7421],[112.2813,-7.7417],[112.2813,-7.7410],[112.2825,-7.7412],[112.2833,-7.7408],[112.2833,-7.7393],[112.2835,-7.7384],[112.2850,-7.7388],[112.2866,-7.7388],[112.2877,-7.7394],[112.2899,-7.7398],[112.2925,-7.7398],[112.2947,-7.7399],[112.2958,-7.7402],[112.2970,-7.7400],[112.2992,-7.7404],[112.3002,-7.7407],[112.3018,-7.7407],[112.30272960000002,-7.740278099999955]]],[[[112.29769940000006,-7.727429699999959],[112.2972,-7.7312],[112.2974,-7.7335],[112.2991,-7.7331],[112.3006,-7.7332],[112.3034,-7.7339],[112.3046,-7.7349],[112.3063,-7.7349],[112.3081,-7.7346],[112.3110,-7.7350],[112.3143,-7.7342],[112.3143,-7.7342],[112.3150,-7.7346],[112.3165,-7.7351],[112.3156,-7.7353],[112.3152,-7.7359],[112.3160,-7.7371],[112.3162,-7.7381],[112.3139,-7.7394],[112.3106,-7.7386],[112.3090,-7.7389],[112.3079,-7.7385],[112.3064,-7.7385],[112.3048,-7.7389],[112.3033,-7.7397],[112.3020,-7.7407],[112.3004,-7.7407],[112.2996,-7.7405],[112.2975,-7.7399],[112.2960,-7.7402],[112.2947,-7.7399],[112.2929,-7.7399],[112.2901,-7.7399],[112.2882,-7.7394],[112.2871,-7.7389],[112.2852,-7.7390],[112.2842,-7.7386],[112.2836,-7.7374],[112.2830,-7.7366],[112.2830,-7.7360],[112.2832,-7.7349],[112.2823,-7.7349],[112.2816,-7.7346],[112.2797,-7.7339],[112.2798,-7.7332],[112.2801,-7.7312],[112.2820,-7.7298],[112.2826,-7.7280],[112.2849,-7.7259],[112.2867,-7.7262],[112.2876,-7.7259],[112.2882,-7.7262],[112.2886,-7.7261],[112.2891,-7.7259],[112.2898,-7.7261],[112.2905,-7.7263],[112.2911,-7.7257],[112.2917,-7.7258],[112.2921,-7.7259],[112.2921,-7.7259],[112.2924,-7.7258],[112.2926,-7.7259],[112.2931,-7.7260],[112.2936,-7.7257],[112.2943,-7.7263],[112.2938,-7.7266],[112.2938,-7.7269],[112.2943,-7.7272],[112.2949,-7.7273],[112.2955,-7.7273],[112.2958,-7.7277],[112.2963,-7.7274],[112.2964,-7.7271],[112.2967,-7.7269],[112.2973,-7.7268],[112.2975,-7.7271],[112.29769940000006,-7.727429699999959]]],[[[112.27935,-7.725602],[112.2825,-7.7255],[112.2826,-7.7280],[112.2820,-7.7298],[112.2800,-7.7307],[112.2781,-7.7316],[112.2753,-7.7313],[112.2707,-7.7292],[112.2691,-7.7270],[112.2685,-7.7264],[112.2681,-7.7261],[112.2672,-7.7247],[112.2662,-7.7232],[112.2689,-7.7233],[112.2738,-7.7246],[112.2771,-7.7249],[112.2781,-7.7253],[112.2790,-7.7255],[112.27935,-7.725602]]],[[[112.31427050000002,-7.734228199999961],[112.3122,-7.7348],[112.3101,-7.7348],[112.3066,-7.7349],[112.3050,-7.7352],[112.3039,-7.7341],[112.3015,-7.7332],[112.2996,-7.7327],[112.2986,-7.7336],[112.2970,-7.7327],[112.2975,-7.7295],[112.2977,-7.7274],[112.2981,-7.7271],[112.2987,-7.7273],[112.2992,-7.7267],[112.2996,-7.7269],[112.2993,-7.7274],[112.2998,-7.7276],[112.3005,-7.7281],[112.3015,-7.7280],[112.3014,-7.7273],[112.3018,-7.7268],[112.3024,-7.7273],[112.3032,-7.7277],[112.3039,-7.7279],[112.3045,-7.7281],[112.3045,-7.7286],[112.3049,-7.7290],[112.3056,-7.7292],[112.3064,-7.7292],[112.3070,-7.7296],[112.3076,-7.7300],[112.3090,-7.7308],[112.3100,-7.7307],[112.3104,-7.7308],[112.3110,-7.7319],[112.3110,-7.7321],[112.3120,-7.7324],[112.3121,-7.7327],[112.3122,-7.7332],[112.3128,-7.7331],[112.3129,-7.7334],[112.3133,-7.7339],[112.3137,-7.7335],[112.3145,-7.7338],[112.31427050000002,-7.734228199999961]]],[[[112.2820544000001,-7.744287499999928],[112.2833,-7.7442],[112.2841,-7.7447],[112.2846,-7.7455],[112.2835,-7.7455],[112.2825,-7.7453],[112.2833,-7.7464],[112.2841,-7.7473],[112.2841,-7.7481],[112.2853,-7.7479],[112.2857,-7.7487],[112.2854,-7.7500],[112.2858,-7.7504],[112.2864,-7.7508],[112.2858,-7.7514],[112.2851,-7.7514],[112.2857,-7.7527],[112.2869,-7.7535],[112.2868,-7.7526],[112.2873,-7.7512],[112.2888,-7.7531],[112.2903,-7.7546],[112.2916,-7.7556],[112.2933,-7.7572],[112.2948,-7.7601],[112.2941,-7.7614],[112.2926,-7.7622],[112.2927,-7.7629],[112.2923,-7.7640],[112.2934,-7.7647],[112.2935,-7.7655],[112.2938,-7.7658],[112.2950,-7.7658],[112.2963,-7.7672],[112.2971,-7.7680],[112.2971,-7.7690],[112.2968,-7.7695],[112.2968,-7.7695],[112.2944,-7.7693],[112.2924,-7.7688],[112.2914,-7.7689],[112.2897,-7.7699],[112.2877,-7.7710],[112.2870,-7.7690],[112.2862,-7.7673],[112.2851,-7.7659],[112.2830,-7.7638],[112.2814,-7.7624],[112.2800,-7.7612],[112.2786,-7.7602],[112.2782,-7.7595],[112.2772,-7.7582],[112.2757,-7.7574],[112.2747,-7.7562],[112.2741,-7.7555],[112.2741,-7.7546],[112.2736,-7.7536],[112.2728,-7.7533],[112.2719,-7.7525],[112.2716,-7.7511],[112.2709,-7.7503],[112.2700,-7.7484],[112.2695,-7.7469],[112.2689,-7.7460],[112.2693,-7.7454],[112.2680,-7.7436],[112.2679,-7.7424],[112.2674,-7.7418],[112.2665,-7.7412],[112.2681,-7.7404],[112.2717,-7.7403],[112.2744,-7.7403],[112.2746,-7.7394],[112.2759,-7.7392],[112.2773,-7.7399],[112.2787,-7.7422],[112.2795,-7.7436],[112.2814,-7.7444],[112.2820544000001,-7.744287499999928]]],[[[112.24846360000004,-7.722058599999968],[112.2496,-7.7233],[112.2506,-7.7241],[112.2529,-7.7258],[112.2537,-7.7264],[112.2545,-7.7269],[112.2556,-7.7276],[112.2572,-7.7280],[112.2611,-7.7282],[112.2623,-7.7283],[112.2628,-7.7305],[112.2634,-7.7341],[112.2644,-7.7371],[112.2627,-7.7389],[112.2622,-7.7400],[112.2622,-7.7408],[112.2600,-7.7418],[112.2589,-7.7435],[112.2571,-7.7436],[112.2569,-7.7443],[112.2572,-7.7458],[112.2579,-7.7470],[112.2584,-7.7481],[112.2580,-7.7485],[112.2561,-7.7489],[112.2552,-7.7488],[112.2518,-7.7479],[112.2488,-7.7476],[112.2489,-7.7486],[112.2470,-7.7489],[112.2457,-7.7500],[112.2460,-7.7511],[112.2472,-7.7521],[112.2473,-7.7536],[112.2467,-7.7546],[112.2463,-7.7541],[112.2429,-7.7535],[112.2363,-7.7524],[112.2365,-7.7514],[112.2372,-7.7500],[112.2382,-7.7482],[112.2386,-7.7470],[112.2392,-7.7465],[112.2399,-7.7448],[112.2400,-7.7434],[112.2394,-7.7426],[112.2400,-7.7401],[112.2403,-7.7378],[112.2399,-7.7363],[112.2387,-7.7361],[112.2376,-7.7359],[112.2379,-7.7336],[112.2370,-7.7323],[112.2360,-7.7315],[112.2361,-7.7303],[112.2363,-7.7292],[112.2356,-7.7252],[112.2348,-7.7237],[112.2350,-7.7224],[112.2353,-7.7208],[112.2358,-7.7198],[112.2364,-7.7190],[112.2382,-7.7172],[112.2404,-7.7141],[112.2407,-7.7141],[112.2425,-7.7156],[112.2427,-7.7160],[112.2439,-7.7177],[112.2461,-7.7198],[112.2472,-7.7209],[112.2484,-7.7220],[112.24846360000004,-7.722058599999968]]],[[[112.2800396,-7.730648099999939],[112.2797,-7.7324],[112.2797,-7.7338],[112.2813,-7.7345],[112.2822,-7.7348],[112.2831,-7.7348],[112.2831,-7.7355],[112.2829,-7.7364],[112.2835,-7.7372],[112.2835,-7.7384],[112.2833,-7.7393],[112.2833,-7.7408],[112.2825,-7.7412],[112.2813,-7.7410],[112.2813,-7.7417],[112.2822,-7.7421],[112.2826,-7.7432],[112.2817,-7.7434],[112.2814,-7.7438],[112.2814,-7.7444],[112.2795,-7.7436],[112.2787,-7.7422],[112.2773,-7.7399],[112.2759,-7.7392],[112.2746,-7.7394],[112.2744,-7.7403],[112.2717,-7.7403],[112.2681,-7.7404],[112.2665,-7.7412],[112.2642,-7.7405],[112.2628,-7.7404],[112.2622,-7.7400],[112.2627,-7.7389],[112.2644,-7.7371],[112.2634,-7.7341],[112.2628,-7.7305],[112.2633,-7.7282],[112.2641,-7.7281],[112.2653,-7.7276],[112.2677,-7.7272],[112.2682,-7.7263],[112.2685,-7.7264],[112.2693,-7.7274],[112.2724,-7.7297],[112.2765,-7.7316],[112.2784,-7.7315],[112.2800396,-7.730648099999939]]],[[[112.26643960000001,-7.741328099999976],[112.2677,-7.7421],[112.2678,-7.7428],[112.2685,-7.7442],[112.2693,-7.7455],[112.2689,-7.7461],[112.2696,-7.7472],[112.2702,-7.7489],[112.2709,-7.7503],[112.2717,-7.7521],[112.2687,-7.7535],[112.2661,-7.7527],[112.2640,-7.7528],[112.2595,-7.7533],[112.2574,-7.7543],[112.2556,-7.7543],[112.2514,-7.7539],[112.2499,-7.7545],[112.2485,-7.7548],[112.2474,-7.7548],[112.2473,-7.7532],[112.2471,-7.7514],[112.2453,-7.7505],[112.2462,-7.7494],[112.2482,-7.7489],[112.2488,-7.7483],[112.2503,-7.7477],[112.2537,-7.7483],[112.2559,-7.7488],[112.2574,-7.7489],[112.2585,-7.7482],[112.2582,-7.7474],[112.2574,-7.7462],[112.2567,-7.7447],[112.2568,-7.7435],[112.2584,-7.7438],[112.2593,-7.7426],[112.2613,-7.7415],[112.2628,-7.7404],[112.2642,-7.7405],[112.26643960000001,-7.741328099999976]]],[[[112.27410960000009,-7.75557809999998],[112.2735,-7.7558],[112.2725,-7.7563],[112.2722,-7.7571],[112.2729,-7.7587],[112.2722,-7.7600],[112.2700,-7.7600],[112.2689,-7.7599],[112.2684,-7.7581],[112.2677,-7.7579],[112.2662,-7.7578],[112.2649,-7.7577],[112.2645,-7.7579],[112.2629,-7.7590],[112.2623,-7.7591],[112.2619,-7.7624],[112.2608,-7.7638],[112.2575,-7.7646],[112.2552,-7.7638],[112.2531,-7.7630],[112.2502,-7.7631],[112.2491,-7.7633],[112.2477,-7.7636],[112.2475,-7.7652],[112.2474,-7.7677],[112.2471,-7.7687],[112.2464,-7.7689],[112.2456,-7.7687],[112.2449,-7.7688],[112.2435,-7.7682],[112.2428,-7.7681],[112.2414,-7.7677],[112.2406,-7.7673],[112.2399,-7.7670],[112.2392,-7.7667],[112.2388,-7.7663],[112.2381,-7.7658],[112.2372,-7.7655],[112.2357,-7.7650],[112.2338,-7.7646],[112.2333,-7.7646],[112.2334,-7.7640],[112.2335,-7.7634],[112.2338,-7.7621],[112.2343,-7.7604],[112.2348,-7.7586],[112.2351,-7.7574],[112.2354,-7.7559],[112.2356,-7.7550],[112.2360,-7.7535],[112.2362,-7.7528],[112.2411,-7.7532],[112.2458,-7.7540],[112.2465,-7.7545],[112.2476,-7.7548],[112.2491,-7.7547],[112.2500,-7.7545],[112.2516,-7.7539],[112.2558,-7.7543],[112.2580,-7.7543],[112.2602,-7.7527],[112.2641,-7.7528],[112.2667,-7.7526],[112.2688,-7.7535],[112.2719,-7.7525],[112.2728,-7.7533],[112.2736,-7.7536],[112.2741,-7.7546],[112.2741,-7.7555],[112.27410960000009,-7.75557809999998]]],[[[112.42220170000007,-7.766941199999962],[112.4222,-7.7682],[112.4207,-7.7712],[112.4189,-7.7736],[112.4181,-7.7743],[112.4167,-7.7752],[112.4147,-7.7764],[112.4121,-7.7778],[112.4091,-7.7792],[112.4061,-7.7815],[112.4026,-7.7832],[112.3996,-7.7846],[112.3968,-7.7854],[112.3945,-7.7846],[112.3923,-7.7845],[112.3901,-7.7833],[112.3886,-7.7830],[112.3858,-7.7846],[112.3829,-7.7851],[112.3812,-7.7843],[112.3807,-7.7833],[112.3781,-7.7820],[112.3768,-7.7808],[112.3760,-7.7787],[112.3753,-7.7783],[112.3705,-7.7729],[112.3694,-7.7711],[112.3665,-7.7682],[112.3654,-7.7679],[112.3641,-7.7671],[112.3626,-7.7668],[112.3611,-7.7667],[112.3593,-7.7659],[112.3587,-7.7658],[112.3580,-7.7662],[112.3572,-7.7658],[112.3557,-7.7650],[112.3550,-7.7640],[112.3539,-7.7638],[112.3526,-7.7639],[112.3519,-7.7632],[112.3502,-7.7620],[112.3494,-7.7612],[112.3496,-7.7593],[112.3486,-7.7575],[112.3474,-7.7567],[112.3459,-7.7554],[112.3448,-7.7549],[112.3442,-7.7538],[112.3436,-7.7534],[112.3429,-7.7530],[112.3411,-7.7531],[112.3378,-7.7531],[112.3357,-7.7526],[112.3380,-7.7516],[112.3388,-7.7509],[112.3389,-7.7500],[112.3407,-7.7488],[112.3417,-7.7485],[112.3423,-7.7482],[112.3426,-7.7482],[112.3431,-7.7486],[112.3445,-7.7485],[112.3461,-7.7485],[112.3471,-7.7485],[112.3475,-7.7486],[112.3486,-7.7488],[112.3493,-7.7496],[112.3500,-7.7501],[112.3505,-7.7509],[112.3514,-7.7510],[112.3517,-7.7516],[112.3522,-7.7522],[112.3532,-7.7528],[112.3538,-7.7535],[112.3548,-7.7535],[112.3558,-7.7545],[112.3561,-7.7556],[112.3568,-7.7557],[112.3573,-7.7560],[112.3585,-7.7574],[112.3594,-7.7585],[112.3595,-7.7594],[112.3606,-7.7603],[112.3611,-7.7611],[112.3621,-7.7609],[112.3632,-7.7606],[112.3648,-7.7609],[112.3656,-7.7609],[112.3676,-7.7615],[112.3685,-7.7616],[112.3685,-7.7622],[112.3692,-7.7625],[112.3699,-7.7630],[112.3732,-7.7638],[112.3748,-7.7639],[112.3756,-7.7642],[112.3773,-7.7655],[112.3789,-7.7663],[112.3802,-7.7673],[112.3823,-7.7682],[112.3842,-7.7686],[112.3850,-7.7692],[112.3871,-7.7714],[112.3881,-7.7724],[112.3892,-7.7725],[112.3911,-7.7731],[112.3925,-7.7730],[112.3940,-7.7737],[112.3954,-7.7749],[112.3973,-7.7761],[112.3981,-7.7761],[112.3998,-7.7757],[112.4012,-7.7757],[112.4021,-7.7755],[112.4046,-7.7749],[112.4055,-7.7747],[112.4058,-7.7746],[112.4062,-7.7745],[112.4064,-7.7745],[112.4066,-7.7744],[112.4068,-7.7743],[112.4069,-7.7743],[112.4075,-7.7739],[112.4096,-7.7728],[112.4114,-7.7719],[112.4129,-7.7714],[112.4143,-7.7718],[112.4148,-7.7712],[112.4148,-7.7706],[112.4149,-7.7700],[112.4153,-7.7694],[112.4158,-7.7689],[112.4161,-7.7686],[112.4169,-7.7681],[112.4174,-7.7678],[112.4180,-7.7676],[112.4187,-7.7674],[112.4191,-7.7673],[112.4206,-7.7670],[112.42220170000007,-7.766941199999962]]],[[[112.33506960000011,-7.752868099999944],[112.3399,-7.7531],[112.3421,-7.7529],[112.3437,-7.7532],[112.3438,-7.7536],[112.3445,-7.7545],[112.3454,-7.7551],[112.3468,-7.7561],[112.3478,-7.7570],[112.3492,-7.7579],[112.3494,-7.7611],[112.3489,-7.7613],[112.3479,-7.7624],[112.3456,-7.7643],[112.3403,-7.7674],[112.3391,-7.7686],[112.3385,-7.7701],[112.3379,-7.7707],[112.3372,-7.7710],[112.3364,-7.7713],[112.3360,-7.7718],[112.3341,-7.7748],[112.3333,-7.7757],[112.3327,-7.7758],[112.3318,-7.7755],[112.3299,-7.7761],[112.3293,-7.7765],[112.3289,-7.7771],[112.3286,-7.7773],[112.3276,-7.7771],[112.3266,-7.7773],[112.3259,-7.7769],[112.3246,-7.7768],[112.3236,-7.7766],[112.3216,-7.7767],[112.3205,-7.7770],[112.3201,-7.7777],[112.3196,-7.7778],[112.3187,-7.7774],[112.3185,-7.7778],[112.3181,-7.7774],[112.3173,-7.7774],[112.3159,-7.7776],[112.3155,-7.7775],[112.3145,-7.7773],[112.3134,-7.7768],[112.3127,-7.7768],[112.3108,-7.7768],[112.3103,-7.7764],[112.3105,-7.7753],[112.3095,-7.7757],[112.3087,-7.7753],[112.3080,-7.7744],[112.3072,-7.7747],[112.3069,-7.7748],[112.3068,-7.7746],[112.3065,-7.7730],[112.3059,-7.7728],[112.3047,-7.7729],[112.3032,-7.7722],[112.3024,-7.7725],[112.3019,-7.7720],[112.3005,-7.7717],[112.3001,-7.7704],[112.2990,-7.7694],[112.2970,-7.7697],[112.2968,-7.7695],[112.2969,-7.7694],[112.2970,-7.7689],[112.2969,-7.7679],[112.2956,-7.7661],[112.2947,-7.7658],[112.2936,-7.7657],[112.2938,-7.7649],[112.2931,-7.7646],[112.2922,-7.7638],[112.2928,-7.7628],[112.2926,-7.7622],[112.2947,-7.7612],[112.2988,-7.7596],[112.3014,-7.7596],[112.3032,-7.7597],[112.3044,-7.7598],[112.3055,-7.7602],[112.3062,-7.7604],[112.3066,-7.7609],[112.3078,-7.7616],[112.3086,-7.7613],[112.3100,-7.7614],[112.3157,-7.7609],[112.3190,-7.7602],[112.3210,-7.7601],[112.3249,-7.7596],[112.3253,-7.7588],[112.3263,-7.7585],[112.3263,-7.7579],[112.3267,-7.7568],[112.3275,-7.7561],[112.3281,-7.7552],[112.3291,-7.7545],[112.3294,-7.7537],[112.3305,-7.7535],[112.3307,-7.7530],[112.3320,-7.7533],[112.3331,-7.7534],[112.3344,-7.7528],[112.33506960000011,-7.752868099999944]]]],"type":"MultiPolygon"}},{"properties":{"district":"Pare","district_code":"id3506140","regency":"Kediri"},"type":"Feature","geometry":{"coordinates":[[[[112.15418960000011,-7.754208099999971],[112.1568,-7.7545],[112.1585,-7.7548],[112.1586,-7.7559],[112.1588,-7.7565],[112.1592,-7.7568],[112.1601,-7.7570],[112.1609,-7.7572],[112.1616,-7.7577],[112.1624,-7.7582],[112.1627,-7.7590],[112.1635,-7.7601],[112.1641,-7.7611],[112.1647,-7.7623],[112.1654,-7.7636],[112.1652,-7.7643],[112.1650,-7.7657],[112.1640,-7.7657],[112.1636,-7.7658],[112.1633,-7.7665],[112.1612,-7.7663],[112.1601,-7.7682],[112.1590,-7.7678],[112.1568,-7.7673],[112.1565,-7.7666],[112.1552,-7.7663],[112.1535,-7.7656],[112.1529,-7.7677],[112.1525,-7.7673],[112.1524,-7.7660],[112.1520,-7.7650],[112.1521,-7.7645],[112.1516,-7.7645],[112.1505,-7.7636],[112.1458,-7.7622],[112.1451,-7.7643],[112.1445,-7.7650],[112.1445,-7.7671],[112.1437,-7.7673],[112.1430,-7.7662],[112.1416,-7.7648],[112.1413,-7.7648],[112.1395,-7.7639],[112.1387,-7.7631],[112.1384,-7.7625],[112.1375,-7.7618],[112.1378,-7.7611],[112.1383,-7.7601],[112.1395,-7.7596],[112.1413,-7.7578],[112.1423,-7.7553],[112.1433,-7.7553],[112.1469,-7.7574],[112.1484,-7.7573],[112.1495,-7.7540],[112.1526,-7.7542],[112.15418960000011,-7.754208099999971]]],[[[112.16335030000005,-7.766542199999947],[112.1633,-7.7672],[112.1635,-7.7689],[112.1648,-7.7694],[112.1649,-7.7711],[112.1649,-7.7722],[112.1674,-7.7739],[112.1688,-7.7718],[112.1681,-7.7756],[112.1650,-7.7806],[112.1624,-7.7790],[112.1612,-7.7789],[112.1607,-7.7811],[112.1591,-7.7812],[112.1582,-7.7811],[112.1580,-7.7822],[112.1580,-7.7829],[112.1589,-7.7854],[112.1600,-7.7878],[112.1611,-7.7893],[112.1620,-7.7908],[112.1621,-7.7926],[112.1626,-7.7942],[112.1622,-7.7952],[112.1616,-7.7946],[112.1611,-7.7937],[112.1605,-7.7928],[112.1598,-7.7923],[112.1589,-7.7911],[112.1579,-7.7903],[112.1565,-7.7894],[112.1555,-7.7890],[112.1546,-7.7888],[112.1529,-7.7884],[112.1520,-7.7877],[112.1514,-7.7868],[112.1515,-7.7861],[112.1515,-7.7845],[112.1505,-7.7838],[112.1494,-7.7825],[112.1512,-7.7802],[112.1512,-7.7793],[112.1476,-7.7771],[112.1473,-7.7759],[112.1460,-7.7749],[112.1466,-7.7740],[112.1475,-7.7727],[112.1467,-7.7703],[112.1454,-7.7680],[112.1449,-7.7675],[112.1445,-7.7671],[112.1441,-7.7657],[112.1450,-7.7643],[112.1458,-7.7623],[112.1502,-7.7633],[112.1506,-7.7643],[112.1522,-7.7643],[112.1524,-7.7651],[112.1525,-7.7655],[112.1521,-7.7672],[112.1529,-7.7677],[112.1533,-7.7661],[112.1552,-7.7660],[112.1566,-7.7666],[112.1564,-7.7672],[112.1589,-7.7678],[112.1600,-7.7682],[112.1611,-7.7665],[112.1612,-7.7662],[112.16335030000005,-7.766542199999947]]],[[[112.18895050000003,-7.77290389999996],[112.1895,-7.7732],[112.1896,-7.7737],[112.1906,-7.7744],[112.1930,-7.7755],[112.1937,-7.7760],[112.1945,-7.7763],[112.1950,-7.7769],[112.1955,-7.7772],[112.1972,-7.7776],[112.1981,-7.7780],[112.1985,-7.7787],[112.2004,-7.7795],[112.1997,-7.7810],[112.1995,-7.7817],[112.1993,-7.7827],[112.1992,-7.7842],[112.1992,-7.7853],[112.1992,-7.7869],[112.1992,-7.7884],[112.1988,-7.7902],[112.1975,-7.7896],[112.1959,-7.7891],[112.1937,-7.7883],[112.1929,-7.7893],[112.1910,-7.7925],[112.1897,-7.7943],[112.1883,-7.7960],[112.1874,-7.7972],[112.1859,-7.7993],[112.1848,-7.8006],[112.1839,-7.8027],[112.1826,-7.8023],[112.1811,-7.8014],[112.1786,-7.8004],[112.1755,-7.7982],[112.1751,-7.7981],[112.1747,-7.7980],[112.1743,-7.7989],[112.1734,-7.7999],[112.1734,-7.8005],[112.1728,-7.8003],[112.1714,-7.8006],[112.1704,-7.8024],[112.1695,-7.8037],[112.1684,-7.8061],[112.1682,-7.8069],[112.1678,-7.8075],[112.1669,-7.8070],[112.1658,-7.8062],[112.1651,-7.8059],[112.1667,-7.8033],[112.1686,-7.7985],[112.1706,-7.7951],[112.1725,-7.7919],[112.1739,-7.7925],[112.1752,-7.7906],[112.1758,-7.7883],[112.1768,-7.7827],[112.1770,-7.7817],[112.1773,-7.7798],[112.1775,-7.7778],[112.1777,-7.7765],[112.1781,-7.7748],[112.1782,-7.7740],[112.1787,-7.7719],[112.1788,-7.7711],[112.1791,-7.7699],[112.1792,-7.7694],[112.1791,-7.7691],[112.1805,-7.7701],[112.1821,-7.7704],[112.1829,-7.7665],[112.1839,-7.7667],[112.1845,-7.7674],[112.1850,-7.7676],[112.1856,-7.7676],[112.1863,-7.7681],[112.1858,-7.7689],[112.1855,-7.7698],[112.1853,-7.7708],[112.1859,-7.7717],[112.1889,-7.7728],[112.18895050000003,-7.77290389999996]]],[[[112.21008960000006,-7.760968],[112.2112,-7.7617],[112.2107,-7.7633],[112.2101,-7.7632],[112.2089,-7.7627],[112.2087,-7.7638],[112.2082,-7.7654],[112.2073,-7.7672],[112.2064,-7.7678],[112.2049,-7.7677],[112.2035,-7.7695],[112.2040,-7.7703],[112.2046,-7.7712],[112.2050,-7.7716],[112.2056,-7.7722],[112.2061,-7.7726],[112.2068,-7.7734],[112.2057,-7.7749],[112.2045,-7.7775],[112.2039,-7.7786],[112.2030,-7.7788],[112.2020,-7.7790],[112.2014,-7.7795],[112.2005,-7.7795],[112.1987,-7.7788],[112.1983,-7.7781],[112.1973,-7.7776],[112.1961,-7.7774],[112.1951,-7.7770],[112.1945,-7.7764],[112.1939,-7.7761],[112.1931,-7.7756],[112.1914,-7.7748],[112.1898,-7.7737],[112.1895,-7.7735],[112.1889,-7.7729],[112.1891,-7.7722],[112.1895,-7.7719],[112.1898,-7.7716],[112.1897,-7.7689],[112.1880,-7.7676],[112.1883,-7.7665],[112.1853,-7.7646],[112.1858,-7.7635],[112.1882,-7.7643],[112.1890,-7.7645],[112.1889,-7.7651],[112.1895,-7.7653],[112.1900,-7.7648],[112.1894,-7.7638],[112.1902,-7.7618],[112.1908,-7.7623],[112.1919,-7.7627],[112.1936,-7.7631],[112.1946,-7.7636],[112.1952,-7.7634],[112.1954,-7.7628],[112.1958,-7.7620],[112.1971,-7.7623],[112.1979,-7.7628],[112.1987,-7.7624],[112.1988,-7.7616],[112.2006,-7.7620],[112.2031,-7.7620],[112.2041,-7.7614],[112.2054,-7.7619],[112.2051,-7.7630],[112.2070,-7.7607],[112.2079,-7.7598],[112.21008960000006,-7.760968]]],[[[112.17913620000002,-7.769021399999929],[112.1792,-7.7696],[112.1790,-7.7702],[112.1788,-7.7711],[112.1758,-7.7708],[112.1750,-7.7699],[112.1735,-7.7698],[112.1723,-7.7681],[112.1707,-7.7698],[112.1704,-7.7702],[112.1696,-7.7719],[112.1684,-7.7720],[112.1659,-7.7737],[112.1649,-7.7721],[112.1649,-7.7697],[112.1644,-7.7691],[112.1635,-7.7672],[112.1633,-7.7672],[112.1635,-7.7658],[112.1639,-7.7658],[112.1645,-7.7657],[112.1651,-7.7643],[112.1654,-7.7636],[112.1646,-7.7629],[112.1645,-7.7613],[112.1636,-7.7604],[112.1628,-7.7592],[112.1625,-7.7584],[112.1618,-7.7577],[112.1613,-7.7574],[112.1603,-7.7570],[112.1595,-7.7568],[112.1588,-7.7565],[112.1586,-7.7559],[112.1586,-7.7555],[112.1596,-7.7539],[112.1602,-7.7531],[112.1609,-7.7529],[112.1617,-7.7525],[112.1621,-7.7527],[112.1634,-7.7528],[112.1640,-7.7534],[112.1645,-7.7540],[112.1655,-7.7540],[112.1661,-7.7549],[112.1678,-7.7533],[112.1689,-7.7520],[112.1697,-7.7504],[112.1701,-7.7497],[112.1700,-7.7494],[112.1712,-7.7491],[112.1718,-7.7480],[112.1752,-7.7461],[112.1786,-7.7462],[112.1793,-7.7500],[112.1795,-7.7502],[112.1803,-7.7510],[112.1798,-7.7534],[112.1796,-7.7542],[112.1791,-7.7556],[112.1776,-7.7554],[112.1776,-7.7560],[112.1786,-7.7567],[112.1800,-7.7575],[112.1795,-7.7586],[112.1806,-7.7593],[112.1797,-7.7609],[112.1793,-7.7615],[112.1792,-7.7622],[112.1802,-7.7633],[112.1810,-7.7652],[112.1808,-7.7661],[112.1801,-7.7665],[112.1800,-7.7672],[112.17913620000002,-7.769021399999929]]],[[[112.1374657,-7.761834599999929],[112.1384,-7.7625],[112.1387,-7.7631],[112.1395,-7.7639],[112.1413,-7.7648],[112.1416,-7.7648],[112.1430,-7.7662],[112.1437,-7.7673],[112.1445,-7.7671],[112.1449,-7.7675],[112.1452,-7.7677],[112.1465,-7.7695],[112.1474,-7.7721],[112.1470,-7.7735],[112.1460,-7.7748],[112.1471,-7.7756],[112.1472,-7.7770],[112.1507,-7.7790],[112.1515,-7.7797],[112.1498,-7.7821],[112.1503,-7.7835],[112.1513,-7.7843],[112.1515,-7.7854],[112.1514,-7.7866],[112.1519,-7.7876],[112.1526,-7.7881],[112.1544,-7.7888],[112.1552,-7.7890],[112.1562,-7.7892],[112.1575,-7.7900],[112.1588,-7.7909],[112.1593,-7.7919],[112.1605,-7.7928],[112.1594,-7.7957],[112.1566,-7.7969],[112.1562,-7.7971],[112.1522,-7.7973],[112.1513,-7.7977],[112.1509,-7.7971],[112.1495,-7.7959],[112.1499,-7.7949],[112.1505,-7.7936],[112.1500,-7.7930],[112.1509,-7.7914],[112.1509,-7.7894],[112.1490,-7.7887],[112.1482,-7.7895],[112.1473,-7.7892],[112.1464,-7.7886],[112.1463,-7.7881],[112.1452,-7.7871],[112.1440,-7.7872],[112.1441,-7.7876],[112.1438,-7.7881],[112.1423,-7.7877],[112.1390,-7.7866],[112.1386,-7.7848],[112.1379,-7.7836],[112.1358,-7.7824],[112.1341,-7.7816],[112.1327,-7.7812],[112.1314,-7.7805],[112.1303,-7.7801],[112.1291,-7.7792],[112.1312,-7.7766],[112.1301,-7.7748],[112.1292,-7.7739],[112.1279,-7.7737],[112.1266,-7.7728],[112.1257,-7.7712],[112.1250,-7.7691],[112.1249,-7.7681],[112.1258,-7.7684],[112.1261,-7.7686],[112.1270,-7.7687],[112.1278,-7.7690],[112.1294,-7.7687],[112.1306,-7.7662],[112.1310,-7.7653],[112.1340,-7.7631],[112.1370,-7.7616],[112.1374657,-7.761834599999929]]],[[[112.16222960000005,-7.795228],[112.1626,-7.7960],[112.1660,-7.7987],[112.1672,-7.7994],[112.1667,-7.8033],[112.1651,-7.8059],[112.1658,-7.8062],[112.1669,-7.8070],[112.1678,-7.8075],[112.1684,-7.8078],[112.1686,-7.8094],[112.1686,-7.8111],[112.1686,-7.8124],[112.1690,-7.8134],[112.1703,-7.8142],[112.1715,-7.8151],[112.1790,-7.8190],[112.1788,-7.8202],[112.1794,-7.8205],[112.1794,-7.8212],[112.1794,-7.8224],[112.1791,-7.8242],[112.1785,-7.8266],[112.1763,-7.8257],[112.1748,-7.8254],[112.1734,-7.8252],[112.1725,-7.8246],[112.1716,-7.8244],[112.1684,-7.8236],[112.1680,-7.8234],[112.1669,-7.8238],[112.1606,-7.8247],[112.1571,-7.8250],[112.1534,-7.8256],[112.1514,-7.8258],[112.1499,-7.8211],[112.1491,-7.8188],[112.1467,-7.8138],[112.1464,-7.8102],[112.1476,-7.8065],[112.1479,-7.8054],[112.1484,-7.8041],[112.1497,-7.8001],[112.1504,-7.7979],[112.1515,-7.7976],[112.1525,-7.7973],[112.1562,-7.7971],[112.1571,-7.7968],[112.1598,-7.7951],[112.1605,-7.7928],[112.1611,-7.7937],[112.1616,-7.7946],[112.16222960000005,-7.795228]]],[[[112.17881960000011,-7.771128],[112.1786,-7.7724],[112.1782,-7.7740],[112.1780,-7.7753],[112.1777,-7.7767],[112.1775,-7.7781],[112.1771,-7.7809],[112.1770,-7.7820],[112.1767,-7.7828],[112.1758,-7.7883],[112.1751,-7.7911],[112.1739,-7.7925],[112.1724,-7.7920],[112.1699,-7.7963],[112.1681,-7.7996],[112.1670,-7.7993],[112.1651,-7.7980],[112.1624,-7.7958],[112.1623,-7.7951],[112.1625,-7.7938],[112.1621,-7.7918],[112.1616,-7.7903],[112.1609,-7.7890],[112.1599,-7.7876],[112.1587,-7.7850],[112.1580,-7.7828],[112.1581,-7.7817],[112.1584,-7.7811],[112.1596,-7.7814],[112.1608,-7.7811],[112.1614,-7.7782],[112.1633,-7.7798],[112.1663,-7.7785],[112.1683,-7.7745],[112.1697,-7.7718],[112.1704,-7.7700],[112.1708,-7.7698],[112.1731,-7.7683],[112.1737,-7.7698],[112.1750,-7.7699],[112.1764,-7.7708],[112.17881960000011,-7.771128]]],[[[112.22640960000001,-7.763548],[112.2264,-7.7657],[112.2257,-7.7658],[112.2240,-7.7659],[112.2238,-7.7670],[112.2236,-7.7689],[112.2232,-7.7706],[112.2230,-7.7720],[112.2229,-7.7735],[112.2222,-7.7758],[112.2221,-7.7772],[112.2215,-7.7775],[112.2205,-7.7778],[112.2202,-7.7793],[112.2192,-7.7802],[112.2182,-7.7809],[112.2183,-7.7818],[112.2180,-7.7826],[112.2158,-7.7827],[112.2156,-7.7845],[112.2146,-7.7843],[112.2144,-7.7848],[112.2140,-7.7848],[112.2123,-7.7844],[112.2105,-7.7838],[112.2083,-7.7831],[112.2053,-7.7822],[112.2038,-7.7818],[112.2021,-7.7811],[112.2005,-7.7804],[112.2005,-7.7795],[112.2014,-7.7795],[112.2020,-7.7790],[112.2030,-7.7788],[112.2039,-7.7786],[112.2045,-7.7775],[112.2057,-7.7749],[112.2068,-7.7734],[112.2061,-7.7726],[112.2056,-7.7722],[112.2050,-7.7716],[112.2046,-7.7712],[112.2040,-7.7703],[112.2035,-7.7695],[112.2049,-7.7677],[112.2064,-7.7678],[112.2073,-7.7672],[112.2082,-7.7654],[112.2087,-7.7638],[112.2089,-7.7627],[112.2101,-7.7632],[112.2107,-7.7633],[112.2112,-7.7617],[112.2133,-7.7618],[112.2160,-7.7622],[112.2195,-7.7627],[112.2219,-7.7632],[112.22640960000001,-7.763548]]],[[[112.20462960000009,-7.748938099999975],[112.2043,-7.7503],[112.2041,-7.7518],[112.2036,-7.7523],[112.2028,-7.7534],[112.2036,-7.7540],[112.2031,-7.7553],[112.2023,-7.7571],[112.2015,-7.7589],[112.2025,-7.7593],[112.2035,-7.7611],[112.2029,-7.7625],[112.2006,-7.7620],[112.1987,-7.7619],[112.1986,-7.7626],[112.1976,-7.7624],[112.1971,-7.7623],[112.1957,-7.7620],[112.1953,-7.7632],[112.1951,-7.7635],[112.1944,-7.7636],[112.1930,-7.7630],[112.1915,-7.7627],[112.1904,-7.7618],[112.1902,-7.7619],[112.1894,-7.7640],[112.1899,-7.7649],[112.1892,-7.7652],[112.1889,-7.7650],[112.1889,-7.7645],[112.1876,-7.7641],[112.1857,-7.7635],[112.1857,-7.7647],[112.1883,-7.7666],[112.1887,-7.7680],[112.1897,-7.7693],[112.1897,-7.7717],[112.1892,-7.7719],[112.1892,-7.7724],[112.1880,-7.7726],[112.1852,-7.7715],[112.1853,-7.7707],[112.1856,-7.7697],[112.1859,-7.7686],[112.1860,-7.7680],[112.1853,-7.7675],[112.1849,-7.7676],[112.1844,-7.7672],[112.1837,-7.7666],[112.1831,-7.7668],[112.1813,-7.7699],[112.1800,-7.7698],[112.1791,-7.7690],[112.1800,-7.7670],[112.1801,-7.7663],[112.1809,-7.7658],[112.1800,-7.7641],[112.1800,-7.7631],[112.1792,-7.7620],[112.1794,-7.7615],[112.1801,-7.7603],[112.1805,-7.7592],[112.1795,-7.7584],[112.1800,-7.7573],[112.1784,-7.7566],[112.1776,-7.7559],[112.1777,-7.7552],[112.1791,-7.7553],[112.1796,-7.7540],[112.1799,-7.7531],[112.1799,-7.7505],[112.1795,-7.7502],[112.1806,-7.7468],[112.1774,-7.7457],[112.1777,-7.7447],[112.1787,-7.7432],[112.1801,-7.7427],[112.1820,-7.7441],[112.1816,-7.7452],[112.1825,-7.7455],[112.1841,-7.7443],[112.1857,-7.7451],[112.1878,-7.7461],[112.1900,-7.7469],[112.1907,-7.7453],[112.1915,-7.7461],[112.1917,-7.7467],[112.1910,-7.7473],[112.1921,-7.7469],[112.1927,-7.7453],[112.1932,-7.7440],[112.1944,-7.7439],[112.1957,-7.7440],[112.1978,-7.7445],[112.1987,-7.7448],[112.2007,-7.7451],[112.2019,-7.7455],[112.2024,-7.7467],[112.2024,-7.7486],[112.2044,-7.7490],[112.20462960000009,-7.748938099999975]]]],"type":"MultiPolygon"}},{"properties":{"district":"Badas","district_code":"id3506141","regency":"Kediri"},"type":"Feature","geometry":{"coordinates":[[[[112.2133596000001,-7.688738099999966],[112.2135,-7.6907],[112.2132,-7.6926],[112.2126,-7.6945],[112.2121,-7.6955],[112.2112,-7.6972],[112.2107,-7.6991],[112.2107,-7.7008],[112.2121,-7.7014],[112.2127,-7.7020],[112.2132,-7.7034],[112.2138,-7.7038],[112.2144,-7.7056],[112.2144,-7.7070],[112.2150,-7.7083],[112.2146,-7.7097],[112.2133,-7.7118],[112.2131,-7.7135],[112.2133,-7.7160],[112.2129,-7.7185],[112.2114,-7.7198],[112.2094,-7.7194],[112.2049,-7.7161],[112.2021,-7.7147],[112.2005,-7.7130],[112.1982,-7.7117],[112.1957,-7.7103],[112.1937,-7.7099],[112.1912,-7.7096],[112.1913,-7.7075],[112.1915,-7.7066],[112.1913,-7.7040],[112.1906,-7.7032],[112.1892,-7.7010],[112.1868,-7.6988],[112.1867,-7.6972],[112.1875,-7.6962],[112.1880,-7.6949],[112.1891,-7.6927],[112.1904,-7.6915],[112.1954,-7.6920],[112.1987,-7.6923],[112.2000,-7.6921],[112.2019,-7.6917],[112.2036,-7.6908],[112.2045,-7.6896],[112.2061,-7.6876],[112.2068,-7.6871],[112.2086,-7.6867],[112.2115,-7.6883],[112.2126,-7.6891],[112.2133596000001,-7.688738099999966]]],[[[112.21555940000007,-7.689438099999961],[112.2182,-7.6902],[112.2207,-7.6910],[112.2224,-7.6922],[112.2242,-7.6947],[112.2253,-7.6967],[112.2273,-7.6988],[112.2288,-7.7001],[112.2316,-7.7014],[112.2337,-7.7018],[112.2349,-7.7026],[112.2341,-7.7048],[112.2338,-7.7057],[112.2335,-7.7066],[112.2335,-7.7072],[112.2343,-7.7080],[112.2362,-7.7087],[112.2380,-7.7093],[112.2401,-7.7106],[112.2403,-7.7126],[112.2406,-7.7139],[112.2400,-7.7149],[112.2377,-7.7179],[112.2361,-7.7193],[112.2357,-7.7199],[112.2352,-7.7212],[112.2340,-7.7209],[112.2318,-7.7199],[112.2288,-7.7200],[112.2283,-7.7198],[112.2277,-7.7187],[112.2274,-7.7180],[112.2254,-7.7184],[112.2249,-7.7196],[112.2241,-7.7194],[112.2239,-7.7187],[112.2232,-7.7189],[112.2223,-7.7202],[112.2217,-7.7203],[112.2207,-7.7220],[112.2191,-7.7228],[112.2174,-7.7222],[112.2157,-7.7215],[112.2141,-7.7207],[112.2124,-7.7194],[112.2132,-7.7173],[112.2133,-7.7149],[112.2130,-7.7128],[112.2140,-7.7108],[112.2149,-7.7091],[112.2148,-7.7076],[112.2142,-7.7066],[112.2148,-7.7042],[112.2133,-7.7036],[112.2130,-7.7028],[112.2127,-7.7018],[112.2122,-7.7012],[112.2106,-7.6998],[112.2109,-7.6982],[112.2115,-7.6965],[112.2124,-7.6951],[112.2129,-7.6938],[112.2134,-7.6916],[112.2135,-7.6894],[112.2143,-7.6892],[112.21555940000007,-7.689438099999961]]],[[[112.2068296000001,-7.729408099999944],[112.2063,-7.7300],[112.2057,-7.7318],[112.2056,-7.7340],[112.2061,-7.7348],[112.2063,-7.7354],[112.2060,-7.7359],[112.2057,-7.7370],[112.2064,-7.7379],[112.2063,-7.7392],[112.2059,-7.7406],[112.2057,-7.7424],[112.2059,-7.7441],[112.2060,-7.7449],[112.2057,-7.7461],[112.2050,-7.7479],[112.2044,-7.7490],[112.2024,-7.7486],[112.2024,-7.7467],[112.2019,-7.7455],[112.2007,-7.7451],[112.1987,-7.7448],[112.1978,-7.7445],[112.1957,-7.7440],[112.1944,-7.7439],[112.1932,-7.7440],[112.1927,-7.7453],[112.1921,-7.7469],[112.1910,-7.7473],[112.1917,-7.7467],[112.1915,-7.7461],[112.1907,-7.7453],[112.1900,-7.7469],[112.1878,-7.7461],[112.1857,-7.7451],[112.1841,-7.7443],[112.1825,-7.7455],[112.1816,-7.7452],[112.1820,-7.7441],[112.1801,-7.7427],[112.1786,-7.7413],[112.1761,-7.7400],[112.1752,-7.7388],[112.1760,-7.7377],[112.1763,-7.7369],[112.1772,-7.7375],[112.1789,-7.7380],[112.1795,-7.7385],[112.1814,-7.7400],[112.1821,-7.7411],[112.1827,-7.7417],[112.1842,-7.7424],[112.1853,-7.7420],[112.1864,-7.7418],[112.1874,-7.7415],[112.1882,-7.7396],[112.1897,-7.7400],[112.1899,-7.7400],[112.1950,-7.7411],[112.1955,-7.7408],[112.1970,-7.7385],[112.1979,-7.7379],[112.1992,-7.7341],[112.1998,-7.7324],[112.2023,-7.7326],[112.2025,-7.7315],[112.2023,-7.7300],[112.2032,-7.7286],[112.2046,-7.7289],[112.2068296000001,-7.729408099999944]]],[[[112.23626960000001,-7.752338099999974],[112.2361,-7.7532],[112.2357,-7.7546],[112.2354,-7.7558],[112.2352,-7.7566],[112.2348,-7.7582],[112.2346,-7.7592],[112.2340,-7.7613],[112.2338,-7.7623],[112.2335,-7.7637],[112.2334,-7.7643],[112.2329,-7.7645],[112.2318,-7.7641],[112.2311,-7.7638],[112.2300,-7.7628],[112.2293,-7.7626],[112.2286,-7.7623],[112.2274,-7.7620],[112.2264,-7.7621],[112.2257,-7.7635],[112.2219,-7.7632],[112.2184,-7.7626],[112.2150,-7.7620],[112.2132,-7.7618],[112.2103,-7.7610],[112.2109,-7.7593],[112.2117,-7.7578],[112.2121,-7.7569],[112.2111,-7.7564],[112.2117,-7.7551],[112.2130,-7.7523],[112.2139,-7.7506],[112.2144,-7.7492],[112.2146,-7.7479],[112.2148,-7.7463],[112.2138,-7.7452],[112.2101,-7.7440],[112.2100,-7.7437],[112.2100,-7.7424],[112.2104,-7.7416],[112.2098,-7.7413],[112.2088,-7.7405],[112.2082,-7.7396],[112.2079,-7.7389],[112.2077,-7.7385],[112.2069,-7.7378],[112.2058,-7.7372],[112.2060,-7.7360],[112.2062,-7.7356],[112.2061,-7.7350],[112.2055,-7.7342],[112.2055,-7.7326],[112.2061,-7.7303],[112.2068,-7.7296],[112.2068,-7.7274],[112.2093,-7.7279],[112.2115,-7.7289],[112.2127,-7.7303],[112.2141,-7.7314],[112.2162,-7.7328],[112.2169,-7.7343],[112.2171,-7.7363],[112.2172,-7.7391],[112.2174,-7.7400],[112.2209,-7.7401],[112.2250,-7.7413],[112.2277,-7.7416],[112.2278,-7.7441],[112.2257,-7.7459],[112.2253,-7.7477],[112.2251,-7.7494],[112.2250,-7.7500],[112.2270,-7.7510],[112.2336,-7.7519],[112.2358,-7.7523],[112.23626960000001,-7.752338099999974]]],[[[112.23509960000001,-7.721598099999937],[112.2347,-7.7235],[112.2350,-7.7242],[112.2358,-7.7268],[112.2363,-7.7296],[112.2360,-7.7310],[112.2367,-7.7319],[112.2370,-7.7328],[112.2378,-7.7345],[112.2378,-7.7361],[112.2390,-7.7361],[112.2402,-7.7367],[112.2402,-7.7389],[112.2395,-7.7420],[112.2397,-7.7431],[112.2401,-7.7442],[112.2393,-7.7463],[112.2390,-7.7467],[112.2384,-7.7475],[112.2376,-7.7493],[112.2367,-7.7506],[112.2364,-7.7519],[112.2353,-7.7522],[112.2336,-7.7520],[112.2267,-7.7508],[112.2250,-7.7499],[112.2252,-7.7491],[112.2253,-7.7473],[112.2262,-7.7454],[112.2280,-7.7434],[112.2272,-7.7413],[112.2250,-7.7401],[112.2191,-7.7400],[112.2174,-7.7400],[112.2172,-7.7381],[112.2171,-7.7358],[112.2167,-7.7339],[112.2162,-7.7324],[112.2140,-7.7313],[112.2126,-7.7302],[112.2110,-7.7285],[112.2083,-7.7276],[112.2071,-7.7263],[112.2072,-7.7251],[112.2076,-7.7238],[112.2075,-7.7231],[112.2078,-7.7225],[112.2091,-7.7201],[112.2100,-7.7194],[112.2126,-7.7202],[112.2150,-7.7213],[112.2167,-7.7219],[112.2188,-7.7227],[112.2198,-7.7228],[112.2211,-7.7211],[112.2218,-7.7202],[112.2226,-7.7200],[112.2234,-7.7186],[112.2240,-7.7188],[112.2246,-7.7198],[112.2252,-7.7191],[112.2254,-7.7176],[112.2276,-7.7182],[112.2279,-7.7192],[112.2283,-7.7199],[112.2309,-7.7198],[112.2330,-7.7205],[112.2347,-7.7210],[112.23509960000001,-7.721598099999937]]],[[[112.21008960000006,-7.760968],[112.2076,-7.7595],[112.2069,-7.7610],[112.2051,-7.7630],[112.2054,-7.7618],[112.2035,-7.7611],[112.2025,-7.7593],[112.2015,-7.7589],[112.2023,-7.7571],[112.2031,-7.7553],[112.2036,-7.7540],[112.2028,-7.7534],[112.2036,-7.7523],[112.2041,-7.7518],[112.2043,-7.7503],[112.2046,-7.7489],[112.2053,-7.7473],[112.2058,-7.7458],[112.2060,-7.7447],[112.2057,-7.7435],[112.2057,-7.7420],[112.2059,-7.7402],[112.2064,-7.7388],[112.2064,-7.7377],[112.2075,-7.7385],[112.2080,-7.7385],[112.2079,-7.7393],[112.2085,-7.7399],[112.2093,-7.7411],[112.2102,-7.7414],[112.2103,-7.7418],[112.2101,-7.7428],[112.2099,-7.7440],[112.2133,-7.7450],[112.2145,-7.7456],[112.2148,-7.7469],[112.2145,-7.7487],[112.2142,-7.7498],[112.2137,-7.7511],[112.2123,-7.7538],[112.2114,-7.7557],[112.2118,-7.7567],[112.2120,-7.7572],[112.2114,-7.7585],[112.2104,-7.7604],[112.21008960000006,-7.760968]]],[[[112.18552380000006,-7.717473799999937],[112.1882,-7.7187],[112.1874,-7.7210],[112.1897,-7.7221],[112.1900,-7.7222],[112.1918,-7.7228],[112.1924,-7.7237],[112.1919,-7.7252],[112.1922,-7.7257],[112.1945,-7.7264],[112.1937,-7.7289],[112.1900,-7.7303],[112.1885,-7.7333],[112.1892,-7.7347],[112.1907,-7.7380],[112.1901,-7.7392],[112.1898,-7.7400],[112.1882,-7.7396],[112.1876,-7.7413],[112.1867,-7.7418],[112.1854,-7.7418],[112.1846,-7.7425],[112.1828,-7.7419],[112.1823,-7.7413],[112.1816,-7.7403],[112.1804,-7.7394],[112.1792,-7.7382],[112.1777,-7.7377],[112.1763,-7.7368],[112.1747,-7.7363],[112.1728,-7.7358],[112.1710,-7.7351],[112.1684,-7.7339],[112.1662,-7.7333],[112.1665,-7.7312],[112.1670,-7.7300],[112.1678,-7.7271],[112.1693,-7.7274],[112.1707,-7.7276],[112.1729,-7.7286],[112.1748,-7.7304],[112.1760,-7.7305],[112.1763,-7.7286],[112.1765,-7.7257],[112.1769,-7.7234],[112.1778,-7.7218],[112.1782,-7.7204],[112.1783,-7.7195],[112.1787,-7.7166],[112.1792,-7.7148],[112.1804,-7.7143],[112.1811,-7.7148],[112.1818,-7.7152],[112.1835,-7.7161],[112.1845,-7.7168],[112.1855,-7.7175],[112.18552380000006,-7.717473799999937]]],[[[112.20941140000002,-7.719404399999974],[112.2079,-7.7223],[112.2076,-7.7229],[112.2076,-7.7236],[112.2071,-7.7248],[112.2072,-7.7261],[112.2066,-7.7284],[112.2046,-7.7289],[112.2032,-7.7286],[112.2023,-7.7300],[112.2025,-7.7315],[112.2023,-7.7326],[112.1998,-7.7324],[112.1992,-7.7341],[112.1979,-7.7379],[112.1970,-7.7385],[112.1955,-7.7408],[112.1950,-7.7411],[112.1899,-7.7400],[112.1907,-7.7380],[112.1897,-7.7349],[112.1885,-7.7333],[112.1893,-7.7307],[112.1925,-7.7291],[112.1945,-7.7265],[112.1924,-7.7258],[112.1919,-7.7254],[112.1923,-7.7241],[112.1922,-7.7231],[112.1903,-7.7221],[112.1899,-7.7222],[112.1876,-7.7212],[112.1880,-7.7192],[112.1866,-7.7180],[112.1863,-7.7164],[112.1868,-7.7154],[112.1868,-7.7142],[112.1870,-7.7137],[112.1876,-7.7127],[112.1884,-7.7118],[112.1896,-7.7117],[112.1896,-7.7109],[112.1900,-7.7093],[112.1922,-7.7097],[112.1949,-7.7101],[112.1967,-7.7108],[112.1997,-7.7126],[112.2019,-7.7146],[112.2025,-7.7148],[112.2064,-7.7174],[112.20941140000002,-7.719404399999974]]]],"type":"MultiPolygon"}},{"properties":{"district":"Kunjang","district_code":"id3506150","regency":"Kediri"},"type":"Feature","geometry":{"coordinates":[[[[112.19680790000007,-7.672831799999926],[112.1963,-7.6741],[112.1964,-7.6745],[112.1951,-7.6783],[112.1953,-7.6789],[112.1947,-7.6803],[112.1939,-7.6800],[112.1934,-7.6803],[112.1928,-7.6806],[112.1921,-7.6814],[112.1912,-7.6805],[112.1906,-7.6809],[112.1895,-7.6836],[112.1892,-7.6848],[112.1885,-7.6874],[112.1876,-7.6890],[112.1859,-7.6882],[112.1840,-7.6871],[112.1839,-7.6863],[112.1831,-7.6849],[112.1819,-7.6838],[112.1803,-7.6831],[112.1792,-7.6829],[112.1774,-7.6828],[112.1755,-7.6812],[112.1771,-7.6808],[112.1778,-7.6804],[112.1787,-7.6798],[112.1789,-7.6791],[112.1799,-7.6774],[112.1810,-7.6780],[112.1820,-7.6776],[112.1819,-7.6763],[112.1840,-7.6762],[112.1845,-7.6753],[112.1851,-7.6738],[112.1855,-7.6725],[112.1860,-7.6718],[112.1885,-7.6728],[112.1889,-7.6728],[112.1894,-7.6723],[112.1897,-7.6718],[112.1902,-7.6708],[112.1908,-7.6694],[112.1914,-7.6694],[112.1938,-7.6704],[112.1941,-7.6701],[112.19680790000007,-7.672831799999926]]],[[[112.19982010000001,-7.657339699999966],[112.2014,-7.6585],[112.2028,-7.6595],[112.2039,-7.6608],[112.2044,-7.6621],[112.2053,-7.6636],[112.2061,-7.6640],[112.2077,-7.6654],[112.2084,-7.6658],[112.2088,-7.6666],[112.2095,-7.6683],[112.2098,-7.6693],[112.2109,-7.6703],[112.2121,-7.6713],[112.2132,-7.6723],[112.2144,-7.6732],[112.2147,-7.6738],[112.2159,-7.6755],[112.2175,-7.6756],[112.2181,-7.6766],[112.2176,-7.6777],[112.2175,-7.6791],[112.2176,-7.6796],[112.2168,-7.6809],[112.2161,-7.6827],[112.2167,-7.6832],[112.2161,-7.6840],[112.2154,-7.6861],[112.2150,-7.6884],[112.2149,-7.6895],[112.2134,-7.6887],[112.2123,-7.6888],[112.2099,-7.6874],[112.2076,-7.6865],[112.2058,-7.6854],[112.2057,-7.6829],[112.2063,-7.6809],[112.2078,-7.6794],[112.2074,-7.6768],[112.2070,-7.6747],[112.2055,-7.6730],[112.2022,-7.6715],[112.1994,-7.6699],[112.1970,-7.6730],[112.1949,-7.6709],[112.1939,-7.6703],[112.1919,-7.6696],[112.1909,-7.6694],[112.1901,-7.6691],[112.1895,-7.6668],[112.1883,-7.6630],[112.1890,-7.6615],[112.1893,-7.6594],[112.1921,-7.6598],[112.1934,-7.6591],[112.1939,-7.6575],[112.1945,-7.6557],[112.1946,-7.6546],[112.1951,-7.6550],[112.1991,-7.6571],[112.19982010000001,-7.657339699999966]]],[[[112.1829,-7.639638199999979],[112.1830,-7.6408],[112.1837,-7.6422],[112.1852,-7.6442],[112.1869,-7.6452],[112.1890,-7.6463],[112.1910,-7.6468],[112.1929,-7.6487],[112.1946,-7.6511],[112.1949,-7.6524],[112.1947,-7.6540],[112.1946,-7.6554],[112.1942,-7.6565],[112.1936,-7.6586],[112.1931,-7.6600],[112.1907,-7.6596],[112.1886,-7.6600],[112.1882,-7.6612],[112.1872,-7.6599],[112.1867,-7.6586],[112.1847,-7.6568],[112.1835,-7.6553],[112.1821,-7.6551],[112.1831,-7.6541],[112.1820,-7.6527],[112.1819,-7.6520],[112.1815,-7.6515],[112.1817,-7.6503],[112.1793,-7.6482],[112.1793,-7.6478],[112.1789,-7.6473],[112.1776,-7.6467],[112.1756,-7.6457],[112.1755,-7.6445],[112.1757,-7.6436],[112.1764,-7.6427],[112.1770,-7.6416],[112.1777,-7.6411],[112.1775,-7.6393],[112.1788,-7.6383],[112.1813,-7.6391],[112.1829,-7.6396],[112.1829,-7.639638199999979]]],[[[112.1520574000001,-7.655013199999928],[112.1511,-7.6571],[112.1514,-7.6582],[112.1516,-7.6596],[112.1534,-7.6602],[112.1542,-7.6597],[112.1576,-7.6606],[112.1575,-7.6622],[112.1572,-7.6634],[112.1570,-7.6642],[112.1568,-7.6661],[112.1555,-7.6694],[112.1528,-7.6685],[112.1500,-7.6675],[112.1488,-7.6682],[112.1477,-7.6695],[112.1451,-7.6691],[112.1431,-7.6677],[112.1432,-7.6651],[112.1430,-7.6634],[112.1414,-7.6631],[112.1415,-7.6607],[112.1418,-7.6599],[112.1421,-7.6590],[112.1418,-7.6576],[112.1422,-7.6562],[112.1426,-7.6545],[112.1429,-7.6529],[112.1431,-7.6527],[112.1434,-7.6522],[112.1465,-7.6526],[112.1499,-7.6537],[112.1501,-7.6545],[112.1520574000001,-7.655013199999928]]],[[[112.1710197000001,-7.660132499999975],[112.1707,-7.6611],[112.1716,-7.6609],[112.1726,-7.6613],[112.1735,-7.6617],[112.1757,-7.6628],[112.1750,-7.6656],[112.1758,-7.6665],[112.1753,-7.6683],[112.1767,-7.6690],[112.1771,-7.6743],[112.1762,-7.6760],[112.1721,-7.6750],[112.1703,-7.6743],[112.1691,-7.6732],[112.1673,-7.6725],[112.1662,-7.6740],[112.1663,-7.6756],[112.1646,-7.6757],[112.1626,-7.6748],[112.1616,-7.6738],[112.1612,-7.6711],[112.1586,-7.6702],[112.1555,-7.6694],[112.1568,-7.6661],[112.1570,-7.6642],[112.1572,-7.6634],[112.1575,-7.6622],[112.1576,-7.6606],[112.1542,-7.6597],[112.1550,-7.6585],[112.1558,-7.6574],[112.1570,-7.6568],[112.1585,-7.6556],[112.1594,-7.6555],[112.1620,-7.6562],[112.1630,-7.6565],[112.1653,-7.6573],[112.1659,-7.6586],[112.1668,-7.6591],[112.1693,-7.6600],[112.1694,-7.6596],[112.1710197000001,-7.660132499999975]]],[[[112.15100770000004,-7.639285699999959],[112.1509,-7.6412],[112.1513,-7.6414],[112.1528,-7.6422],[112.1520,-7.6447],[112.1517,-7.6456],[112.1513,-7.6462],[112.1523,-7.6468],[112.1525,-7.6475],[112.1544,-7.6485],[112.1537,-7.6513],[112.1534,-7.6521],[112.1529,-7.6523],[112.1527,-7.6530],[112.1524,-7.6543],[112.1501,-7.6545],[112.1499,-7.6537],[112.1465,-7.6526],[112.1434,-7.6522],[112.1431,-7.6527],[112.1426,-7.6527],[112.1411,-7.6520],[112.1410,-7.6513],[112.1393,-7.6493],[112.1399,-7.6477],[112.1405,-7.6458],[112.1407,-7.6452],[112.1412,-7.6438],[112.1421,-7.6434],[112.1440,-7.6442],[112.1455,-7.6398],[112.1449,-7.6390],[112.15100770000004,-7.639285699999959]]],[[[112.17281960000003,-7.650528099999974],[112.1727,-7.6531],[112.1729,-7.6538],[112.1723,-7.6562],[112.1714,-7.6586],[112.1694,-7.6597],[112.1690,-7.6599],[112.1665,-7.6589],[112.1658,-7.6586],[112.1653,-7.6572],[112.1629,-7.6565],[112.1613,-7.6561],[112.1587,-7.6553],[112.1578,-7.6559],[112.1561,-7.6570],[112.1556,-7.6577],[112.1546,-7.6589],[112.1535,-7.6603],[112.1518,-7.6597],[112.1514,-7.6588],[112.1516,-7.6573],[112.1519,-7.6552],[112.1525,-7.6543],[112.1527,-7.6529],[112.1531,-7.6521],[112.1535,-7.6520],[112.1540,-7.6498],[112.1545,-7.6484],[112.1550,-7.6481],[112.1554,-7.6479],[112.1562,-7.6486],[112.1566,-7.6497],[112.1583,-7.6491],[112.1607,-7.6501],[112.1628,-7.6489],[112.1642,-7.6450],[112.1667,-7.6464],[112.1686,-7.6478],[112.1701,-7.6484],[112.1704,-7.6487],[112.1727,-7.6504],[112.17281960000003,-7.650528099999974]]],[[[112.2075896,-7.686508099999969],[112.2066,-7.6873],[112.2055,-7.6883],[112.2042,-7.6900],[112.2023,-7.6911],[112.2011,-7.6919],[112.1994,-7.6922],[112.1962,-7.6921],[112.1932,-7.6917],[112.1896,-7.6913],[112.1898,-7.6901],[112.1889,-7.6896],[112.1888,-7.6877],[112.1891,-7.6856],[112.1894,-7.6840],[112.1903,-7.6809],[112.1909,-7.6804],[112.1918,-7.6814],[112.1929,-7.6808],[112.1934,-7.6803],[112.1938,-7.6800],[112.1947,-7.6803],[112.1953,-7.6790],[112.1951,-7.6784],[112.1961,-7.6754],[112.1963,-7.6742],[112.1968,-7.6729],[112.1980,-7.6703],[112.2019,-7.6713],[112.2033,-7.6719],[112.2077,-7.6732],[112.2063,-7.6751],[112.2078,-7.6779],[112.2074,-7.6805],[112.2059,-7.6816],[112.2050,-7.6846],[112.2067,-7.6861],[112.2075896,-7.686508099999969]]],[[[112.17798960000005,-7.638008099999979],[112.1782,-7.6404],[112.1772,-7.6411],[112.1765,-7.6425],[112.1760,-7.6428],[112.1755,-7.6442],[112.1751,-7.6455],[112.1743,-7.6479],[112.1732,-7.6501],[112.1711,-7.6495],[112.1702,-7.6485],[112.1694,-7.6482],[112.1675,-7.6476],[112.1661,-7.6458],[112.1633,-7.6448],[112.1626,-7.6440],[112.1635,-7.6419],[112.1642,-7.6411],[112.1651,-7.6395],[112.1664,-7.6387],[112.1691,-7.6395],[112.1696,-7.6374],[112.1702,-7.6358],[112.1717,-7.6358],[112.1741,-7.6364],[112.1755,-7.6374],[112.1778,-7.6380],[112.17798960000005,-7.638008099999979]]],[[[112.17944870000008,-7.628998799999977],[112.1797,-7.6294],[112.1803,-7.6307],[112.1823,-7.6322],[112.1828,-7.6330],[112.1836,-7.6343],[112.1826,-7.6353],[112.1823,-7.6361],[112.1834,-7.6380],[112.1831,-7.6393],[112.1820,-7.6394],[112.1794,-7.6385],[112.1780,-7.6380],[112.1759,-7.6375],[112.1745,-7.6366],[112.1725,-7.6359],[112.1704,-7.6356],[112.1697,-7.6370],[112.1693,-7.6394],[112.1683,-7.6394],[112.1653,-7.6396],[112.1643,-7.6408],[112.1635,-7.6418],[112.1622,-7.6375],[112.1624,-7.6369],[112.1626,-7.6363],[112.1628,-7.6358],[112.1632,-7.6348],[112.1645,-7.6336],[112.1659,-7.6336],[112.1673,-7.6341],[112.1691,-7.6320],[112.1693,-7.6319],[112.1704,-7.6306],[112.1715,-7.6304],[112.1726,-7.6297],[112.1730,-7.6284],[112.1749,-7.6296],[112.1775,-7.6300],[112.1787,-7.6295],[112.1792,-7.6292],[112.17944870000008,-7.628998799999977]]],[[[112.18718830000012,-7.660649099999944],[112.1845,-7.6600],[112.1839,-7.6605],[112.1830,-7.6614],[112.1817,-7.6617],[112.1808,-7.6637],[112.1797,-7.6641],[112.1792,-7.6653],[112.1797,-7.6666],[112.1810,-7.6684],[112.1820,-7.6697],[112.1823,-7.6705],[112.1825,-7.6709],[112.1826,-7.6725],[112.1822,-7.6741],[112.1820,-7.6749],[112.1819,-7.6763],[112.1813,-7.6770],[112.1802,-7.6766],[112.1795,-7.6763],[112.1780,-7.6785],[112.1775,-7.6790],[112.1762,-7.6800],[112.1747,-7.6801],[112.1736,-7.6792],[112.1721,-7.6777],[112.1707,-7.6757],[112.1710,-7.6744],[112.1751,-7.6756],[112.1766,-7.6745],[112.1769,-7.6695],[112.1757,-7.6687],[112.1754,-7.6679],[112.1750,-7.6657],[112.1755,-7.6635],[112.1754,-7.6624],[112.1728,-7.6614],[112.1725,-7.6613],[112.1712,-7.6612],[112.1709,-7.6606],[112.1714,-7.6586],[112.1723,-7.6562],[112.1729,-7.6538],[112.1727,-7.6531],[112.1728,-7.6505],[112.1741,-7.6483],[112.1750,-7.6459],[112.1758,-7.6458],[112.1776,-7.6467],[112.1791,-7.6474],[112.1793,-7.6481],[112.1801,-7.6485],[112.1817,-7.6506],[112.1815,-7.6516],[112.1821,-7.6521],[112.1819,-7.6528],[112.1831,-7.6542],[112.1828,-7.6554],[112.1838,-7.6558],[112.1848,-7.6572],[112.1871,-7.6589],[112.1873,-7.6602],[112.18718830000012,-7.660649099999944]]],[[[112.18718830000012,-7.660649099999944],[112.1879,-7.6652],[112.1903,-7.6670],[112.1901,-7.6694],[112.1902,-7.6709],[112.1895,-7.6720],[112.1891,-7.6729],[112.1886,-7.6726],[112.1867,-7.6719],[112.1859,-7.6720],[112.1855,-7.6731],[112.1848,-7.6744],[112.1844,-7.6759],[112.1824,-7.6761],[112.1820,-7.6749],[112.1822,-7.6741],[112.1826,-7.6725],[112.1825,-7.6709],[112.1823,-7.6705],[112.1820,-7.6697],[112.1810,-7.6684],[112.1797,-7.6666],[112.1792,-7.6653],[112.1797,-7.6641],[112.1808,-7.6637],[112.1817,-7.6617],[112.1830,-7.6614],[112.1839,-7.6605],[112.1845,-7.6600],[112.18718830000012,-7.660649099999944]]],[[[112.18194060000008,-7.67713219999996],[112.1818,-7.6781],[112.1799,-7.6776],[112.1794,-7.6778],[112.1788,-7.6795],[112.1784,-7.6800],[112.1773,-7.6806],[112.1760,-7.6810],[112.1747,-7.6801],[112.1762,-7.6800],[112.1775,-7.6790],[112.1780,-7.6785],[112.1795,-7.6763],[112.1802,-7.6766],[112.1813,-7.6770],[112.18194060000008,-7.67713219999996]]]],"type":"MultiPolygon"}},{"properties":{"district":"Plemahan","district_code":"id3506160","regency":"Kediri"},"type":"Feature","geometry":{"coordinates":[[[[112.15583150000009,-7.682949299999962],[112.1550,-7.6843],[112.1540,-7.6858],[112.1561,-7.6867],[112.1584,-7.6878],[112.1610,-7.6891],[112.1635,-7.6914],[112.1642,-7.6942],[112.1640,-7.6961],[112.1645,-7.6973],[112.1660,-7.6981],[112.1661,-7.6992],[112.1662,-7.7016],[112.1664,-7.7043],[112.1659,-7.7055],[112.1648,-7.7056],[112.1620,-7.7055],[112.1619,-7.7072],[112.1621,-7.7088],[112.1596,-7.7080],[112.1583,-7.7081],[112.1584,-7.7075],[112.1563,-7.7067],[112.1548,-7.7058],[112.1530,-7.7050],[112.1518,-7.7055],[112.1501,-7.7050],[112.1493,-7.7044],[112.1488,-7.7038],[112.1493,-7.7027],[112.1497,-7.7023],[112.1501,-7.7012],[112.1501,-7.6984],[112.1509,-7.6954],[112.1486,-7.6941],[112.1476,-7.6923],[112.1460,-7.6922],[112.1451,-7.6916],[112.1452,-7.6896],[112.1448,-7.6891],[112.1448,-7.6877],[112.1443,-7.6864],[112.1430,-7.6859],[112.1436,-7.6843],[112.1430,-7.6818],[112.1435,-7.6795],[112.1450,-7.6799],[112.1460,-7.6813],[112.1457,-7.6832],[112.1461,-7.6851],[112.1477,-7.6861],[112.1493,-7.6862],[112.1498,-7.6857],[112.1497,-7.6844],[112.1494,-7.6825],[112.1493,-7.6803],[112.1491,-7.6788],[112.1499,-7.6779],[112.1509,-7.6776],[112.1515,-7.6774],[112.1519,-7.6783],[112.1526,-7.6782],[112.1544,-7.6783],[112.1544,-7.6794],[112.1540,-7.6808],[112.15583150000009,-7.682949299999962]]],[[[112.13307110000005,-7.71362419999997],[112.1356,-7.7176],[112.1358,-7.7193],[112.1362,-7.7198],[112.1341,-7.7226],[112.1314,-7.7227],[112.1314,-7.7240],[112.1286,-7.7236],[112.1275,-7.7261],[112.1256,-7.7240],[112.1251,-7.7235],[112.1243,-7.7229],[112.1232,-7.7227],[112.1257,-7.7219],[112.1250,-7.7197],[112.1267,-7.7169],[112.1295,-7.7123],[112.1307,-7.7136],[112.1318,-7.7136],[112.13307110000005,-7.71362419999997]]],[[[112.12397170000008,-7.708232599999974],[112.1247,-7.7085],[112.1260,-7.7088],[112.1271,-7.7095],[112.1275,-7.7101],[112.1285,-7.7113],[112.1293,-7.7126],[112.1267,-7.7169],[112.1253,-7.7198],[112.1242,-7.7215],[112.1234,-7.7227],[112.1212,-7.7249],[112.1202,-7.7246],[112.1187,-7.7228],[112.1178,-7.7217],[112.1174,-7.7207],[112.1178,-7.7196],[112.1189,-7.7165],[112.1193,-7.7146],[112.1196,-7.7135],[112.1200,-7.7127],[112.1203,-7.7115],[112.1210,-7.7097],[112.1225,-7.7080],[112.1230,-7.7080],[112.12397170000008,-7.708232599999974]]],[[[112.1763396,-7.736788099999956],[112.1760,-7.7376],[112.1753,-7.7385],[112.1760,-7.7400],[112.1783,-7.7411],[112.1789,-7.7428],[112.1783,-7.7441],[112.1766,-7.7454],[112.1731,-7.7471],[112.1714,-7.7487],[112.1707,-7.7493],[112.1700,-7.7495],[112.1700,-7.7500],[112.1694,-7.7511],[112.1684,-7.7526],[112.1669,-7.7543],[112.1658,-7.7546],[112.1651,-7.7539],[112.1642,-7.7538],[112.1638,-7.7529],[112.1625,-7.7529],[112.1619,-7.7525],[112.1615,-7.7526],[112.1606,-7.7529],[112.1600,-7.7534],[112.1589,-7.7545],[112.1573,-7.7546],[112.1545,-7.7542],[112.1539,-7.7534],[112.1539,-7.7523],[112.1536,-7.7516],[112.1538,-7.7507],[112.1539,-7.7500],[112.1542,-7.7490],[112.1548,-7.7481],[112.1561,-7.7491],[112.1568,-7.7496],[112.1574,-7.7501],[112.1584,-7.7500],[112.1620,-7.7411],[112.1642,-7.7360],[112.1657,-7.7363],[112.1687,-7.7340],[112.1715,-7.7353],[112.1734,-7.7360],[112.1750,-7.7363],[112.1763396,-7.736788099999956]]],[[[112.1450896,-7.724168099999929],[112.1434,-7.7273],[112.1439,-7.7279],[112.1453,-7.7290],[112.1464,-7.7300],[112.1468,-7.7307],[112.1470,-7.7314],[112.1477,-7.7330],[112.1476,-7.7347],[112.1449,-7.7347],[112.1432,-7.7346],[112.1393,-7.7334],[112.1349,-7.7318],[112.1344,-7.7297],[112.1365,-7.7297],[112.1368,-7.7284],[112.1362,-7.7261],[112.1320,-7.7250],[112.1315,-7.7241],[112.1313,-7.7223],[112.1343,-7.7222],[112.1389,-7.7230],[112.1401,-7.7236],[112.1411,-7.7232],[112.1436,-7.7239],[112.1450896,-7.724168099999929]]],[[[112.15287230000001,-7.668479299999944],[112.1519,-7.6727],[112.1542,-7.6739],[112.1542,-7.6755],[112.1559,-7.6784],[112.1564,-7.6792],[112.1555,-7.6797],[112.1558,-7.6805],[112.1563,-7.6819],[112.1538,-7.6821],[112.1543,-7.6795],[112.1545,-7.6784],[112.1528,-7.6782],[112.1524,-7.6786],[112.1515,-7.6774],[112.1510,-7.6774],[112.1500,-7.6779],[112.1482,-7.6781],[112.1455,-7.6773],[112.1437,-7.6769],[112.1432,-7.6760],[112.1429,-7.6742],[112.1410,-7.6733],[112.1402,-7.6724],[112.1406,-7.6717],[112.1411,-7.6697],[112.1423,-7.6682],[112.1444,-7.6688],[112.1472,-7.6695],[112.1487,-7.6685],[112.1495,-7.6674],[112.1526,-7.6684],[112.15287230000001,-7.668479299999944]]],[[[112.13859270000012,-7.667308199999979],[112.1416,-7.6680],[112.1407,-7.6707],[112.1403,-7.6722],[112.1394,-7.6735],[112.1384,-7.6728],[112.1371,-7.6753],[112.1368,-7.6760],[112.1351,-7.6758],[112.1315,-7.6745],[112.1307,-7.6763],[112.1299,-7.6764],[112.1293,-7.6770],[112.1278,-7.6777],[112.1272,-7.6783],[112.1267,-7.6796],[112.1273,-7.6814],[112.1271,-7.6803],[112.1261,-7.6801],[112.1254,-7.6788],[112.1248,-7.6785],[112.1248,-7.6790],[112.1212,-7.6795],[112.1183,-7.6799],[112.1195,-7.6762],[112.1201,-7.6748],[112.1205,-7.6734],[112.1207,-7.6728],[112.1202,-7.6719],[112.1194,-7.6709],[112.1184,-7.6707],[112.1188,-7.6695],[112.1187,-7.6679],[112.1191,-7.6672],[112.1202,-7.6664],[112.1225,-7.6655],[112.1242,-7.6662],[112.1259,-7.6643],[112.1282,-7.6652],[112.1292,-7.6657],[112.1317,-7.6668],[112.1326,-7.6668],[112.1328,-7.6668],[112.1335,-7.6647],[112.1356,-7.6661],[112.1381,-7.6672],[112.13859270000012,-7.667308199999979]]],[[[112.14267960000006,-7.686408099999937],[112.1447,-7.6870],[112.1449,-7.6881],[112.1453,-7.6893],[112.1447,-7.6914],[112.1453,-7.6920],[112.1473,-7.6922],[112.1477,-7.6936],[112.1509,-7.6952],[112.1508,-7.6961],[112.1503,-7.7006],[112.1499,-7.7016],[112.1497,-7.7025],[112.1488,-7.7036],[112.1477,-7.7039],[112.1470,-7.7040],[112.1459,-7.7045],[112.1452,-7.7045],[112.1437,-7.7042],[112.1440,-7.7052],[112.1441,-7.7070],[112.1440,-7.7078],[112.1422,-7.7077],[112.1391,-7.7070],[112.1373,-7.7068],[112.1351,-7.7048],[112.1365,-7.7036],[112.1366,-7.7012],[112.1359,-7.6999],[112.1355,-7.6992],[112.1359,-7.6969],[112.1351,-7.6956],[112.1335,-7.6941],[112.1338,-7.6922],[112.1346,-7.6908],[112.1351,-7.6890],[112.1361,-7.6863],[112.1371,-7.6866],[112.1378,-7.6869],[112.1381,-7.6877],[112.1381,-7.6886],[112.1381,-7.6891],[112.1389,-7.6899],[112.1403,-7.6895],[112.1413,-7.6878],[112.1419,-7.6872],[112.14267960000006,-7.686408099999937]]],[[[112.1439696000001,-7.708008099999972],[112.1447,-7.7088],[112.1452,-7.7104],[112.1449,-7.7114],[112.1453,-7.7130],[112.1453,-7.7143],[112.1454,-7.7158],[112.1463,-7.7159],[112.1464,-7.7169],[112.1457,-7.7181],[112.1453,-7.7190],[112.1451,-7.7203],[112.1450,-7.7208],[112.1461,-7.7210],[112.1468,-7.7226],[112.1467,-7.7235],[112.1448,-7.7241],[112.1421,-7.7235],[112.1411,-7.7239],[112.1392,-7.7232],[112.1366,-7.7203],[112.1360,-7.7197],[112.1356,-7.7181],[112.1332,-7.7136],[112.1333,-7.7118],[112.1349,-7.7056],[112.1379,-7.7068],[112.1400,-7.7073],[112.1426,-7.7078],[112.1439696000001,-7.708008099999972]]],[[[112.14871960000005,-7.678318099999956],[112.1492,-7.6796],[112.1493,-7.6814],[112.1495,-7.6834],[112.1498,-7.6852],[112.1497,-7.6859],[112.1489,-7.6862],[112.1467,-7.6856],[112.1458,-7.6843],[112.1458,-7.6824],[112.1456,-7.6806],[112.1441,-7.6795],[112.1429,-7.6805],[112.1435,-7.6834],[112.1435,-7.6849],[112.1427,-7.6864],[112.1416,-7.6874],[112.1408,-7.6886],[112.1396,-7.6898],[112.1385,-7.6899],[112.1380,-7.6889],[112.1384,-7.6881],[112.1379,-7.6872],[112.1374,-7.6868],[112.1367,-7.6865],[112.1354,-7.6882],[112.1348,-7.6901],[112.1340,-7.6919],[112.1334,-7.6921],[112.1301,-7.6915],[112.1285,-7.6920],[112.1278,-7.6915],[112.1277,-7.6911],[112.1262,-7.6892],[112.1264,-7.6883],[112.1260,-7.6882],[112.1274,-7.6856],[112.1284,-7.6861],[112.1286,-7.6871],[112.1295,-7.6876],[112.1296,-7.6860],[112.1287,-7.6844],[112.1282,-7.6829],[112.1273,-7.6814],[112.1267,-7.6796],[112.1272,-7.6783],[112.1278,-7.6777],[112.1293,-7.6770],[112.1299,-7.6764],[112.1307,-7.6763],[112.1315,-7.6745],[112.1351,-7.6758],[112.1368,-7.6760],[112.1371,-7.6753],[112.1384,-7.6728],[112.1394,-7.6735],[112.1402,-7.6724],[112.1410,-7.6733],[112.1429,-7.6742],[112.1432,-7.6760],[112.1437,-7.6769],[112.1455,-7.6773],[112.1482,-7.6781],[112.14871960000005,-7.678318099999956]]],[[[112.1768896000001,-7.723368099999959],[112.1765,-7.7257],[112.1763,-7.7286],[112.1760,-7.7305],[112.1748,-7.7304],[112.1729,-7.7286],[112.1707,-7.7276],[112.1693,-7.7274],[112.1678,-7.7271],[112.1670,-7.7300],[112.1665,-7.7312],[112.1662,-7.7333],[112.1641,-7.7321],[112.1623,-7.7317],[112.1622,-7.7327],[112.1620,-7.7337],[112.1600,-7.7325],[112.1588,-7.7321],[112.1558,-7.7321],[112.1533,-7.7315],[112.1530,-7.7311],[112.1524,-7.7307],[112.1517,-7.7310],[112.1513,-7.7327],[112.1499,-7.7323],[112.1483,-7.7332],[112.1476,-7.7329],[112.1470,-7.7313],[112.1467,-7.7306],[112.1458,-7.7295],[112.1451,-7.7289],[112.1436,-7.7276],[112.1440,-7.7258],[112.1456,-7.7239],[112.1468,-7.7230],[112.1468,-7.7218],[112.1477,-7.7199],[112.1504,-7.7210],[112.1519,-7.7190],[112.1521,-7.7176],[112.1528,-7.7178],[112.1537,-7.7185],[112.1553,-7.7197],[112.1555,-7.7209],[112.1562,-7.7213],[112.1568,-7.7223],[112.1572,-7.7229],[112.1584,-7.7233],[112.1591,-7.7214],[112.1597,-7.7189],[112.1615,-7.7171],[112.1642,-7.7175],[112.1664,-7.7183],[112.1705,-7.7202],[112.1737,-7.7218],[112.1768896000001,-7.723368099999959]]],[[[112.18811440000002,-7.689214],[112.1896,-7.6898],[112.1895,-7.6909],[112.1891,-7.6927],[112.1880,-7.6949],[112.1875,-7.6962],[112.1867,-7.6972],[112.1868,-7.6988],[112.1892,-7.7010],[112.1906,-7.7032],[112.1913,-7.7040],[112.1915,-7.7066],[112.1913,-7.7075],[112.1898,-7.7085],[112.1882,-7.7072],[112.1870,-7.7059],[112.1858,-7.7052],[112.1849,-7.7037],[112.1824,-7.7027],[112.1804,-7.7025],[112.1796,-7.7020],[112.1780,-7.7002],[112.1769,-7.6994],[112.1771,-7.6979],[112.1768,-7.6971],[112.1758,-7.6963],[112.1753,-7.6944],[112.1756,-7.6925],[112.1775,-7.6928],[112.1784,-7.6935],[112.1805,-7.6934],[112.1821,-7.6920],[112.1828,-7.6909],[112.1819,-7.6906],[112.1813,-7.6902],[112.1805,-7.6898],[112.1802,-7.6894],[112.1799,-7.6889],[112.1786,-7.6880],[112.1772,-7.6873],[112.1758,-7.6860],[112.1760,-7.6847],[112.1774,-7.6828],[112.1792,-7.6829],[112.1803,-7.6831],[112.1819,-7.6838],[112.1831,-7.6849],[112.1839,-7.6863],[112.1840,-7.6871],[112.1859,-7.6882],[112.1876,-7.6890],[112.18811440000002,-7.689214]]],[[[112.16203960000007,-7.708878099999936],[112.1626,-7.7094],[112.1635,-7.7102],[112.1635,-7.7110],[112.1628,-7.7121],[112.1596,-7.7133],[112.1585,-7.7143],[112.1614,-7.7154],[112.1599,-7.7186],[112.1593,-7.7206],[112.1586,-7.7230],[112.1573,-7.7234],[112.1569,-7.7224],[112.1563,-7.7218],[112.1556,-7.7210],[112.1554,-7.7199],[112.1538,-7.7185],[112.1531,-7.7182],[112.1523,-7.7175],[112.1520,-7.7187],[112.1508,-7.7209],[112.1479,-7.7200],[112.1463,-7.7211],[112.1451,-7.7209],[112.1451,-7.7205],[112.1449,-7.7192],[112.1455,-7.7183],[112.1463,-7.7172],[112.1464,-7.7162],[112.1458,-7.7158],[112.1453,-7.7144],[112.1452,-7.7134],[112.1452,-7.7117],[112.1452,-7.7106],[112.1451,-7.7097],[112.1441,-7.7082],[112.1440,-7.7075],[112.1442,-7.7059],[112.1437,-7.7044],[112.1444,-7.7041],[112.1456,-7.7046],[112.1466,-7.7041],[112.1474,-7.7041],[112.1484,-7.7037],[112.1490,-7.7041],[112.1497,-7.7047],[112.1510,-7.7053],[112.1526,-7.7051],[112.1544,-7.7055],[112.1554,-7.7063],[112.1575,-7.7072],[112.1583,-7.7078],[112.1591,-7.7080],[112.1611,-7.7086],[112.16203960000007,-7.708878099999936]]],[[[112.1754896000001,-7.692418099999941],[112.1755,-7.6955],[112.1763,-7.6965],[112.1768,-7.6971],[112.1771,-7.6983],[112.1768,-7.6995],[112.1780,-7.7005],[112.1801,-7.7022],[112.1805,-7.7022],[112.1832,-7.7030],[112.1851,-7.7038],[112.1858,-7.7055],[112.1872,-7.7060],[112.1882,-7.7073],[112.1900,-7.7087],[112.1897,-7.7106],[112.1897,-7.7116],[112.1885,-7.7117],[112.1878,-7.7125],[112.1871,-7.7136],[112.1868,-7.7141],[112.1868,-7.7152],[112.1864,-7.7163],[112.1855,-7.7175],[112.1850,-7.7174],[112.1835,-7.7161],[112.1821,-7.7152],[112.1813,-7.7149],[112.1805,-7.7145],[112.1796,-7.7144],[112.1788,-7.7159],[112.1783,-7.7190],[112.1783,-7.7202],[112.1781,-7.7213],[112.1772,-7.7227],[112.1745,-7.7222],[112.1717,-7.7209],[112.1674,-7.7187],[112.1642,-7.7175],[112.1623,-7.7172],[112.1614,-7.7154],[112.1585,-7.7143],[112.1596,-7.7133],[112.1628,-7.7121],[112.1635,-7.7110],[112.1635,-7.7102],[112.1626,-7.7094],[112.1620,-7.7089],[112.1621,-7.7080],[112.1617,-7.7057],[112.1641,-7.7055],[112.1653,-7.7055],[112.1663,-7.7047],[112.1667,-7.7018],[112.1661,-7.7011],[112.1661,-7.6983],[112.1650,-7.6974],[112.1639,-7.6968],[112.1641,-7.6948],[112.1645,-7.6932],[112.1674,-7.6931],[112.1720,-7.6926],[112.1750,-7.6923],[112.1754896000001,-7.692418099999941]]],[[[112.15547960000004,-7.669398099999967],[112.1586,-7.6702],[112.1612,-7.6711],[112.1616,-7.6738],[112.1626,-7.6748],[112.1646,-7.6757],[112.1663,-7.6756],[112.1662,-7.6740],[112.1673,-7.6725],[112.1691,-7.6732],[112.1703,-7.6743],[112.1712,-7.6768],[112.1726,-7.6785],[112.1741,-7.6794],[112.1755,-7.6812],[112.1764,-7.6835],[112.1759,-7.6853],[112.1769,-7.6870],[112.1778,-7.6876],[112.1793,-7.6883],[112.1799,-7.6892],[112.1805,-7.6896],[112.1806,-7.6900],[112.1818,-7.6902],[112.1820,-7.6907],[112.1825,-7.6916],[112.1813,-7.6927],[112.1792,-7.6935],[112.1779,-7.6935],[112.1771,-7.6926],[112.1752,-7.6924],[112.1722,-7.6926],[112.1685,-7.6931],[112.1656,-7.6931],[112.1635,-7.6914],[112.1610,-7.6891],[112.1584,-7.6878],[112.1561,-7.6867],[112.1540,-7.6858],[112.1550,-7.6843],[112.1558,-7.6829],[112.1561,-7.6813],[112.1558,-7.6803],[112.1556,-7.6794],[112.1564,-7.6792],[112.1553,-7.6783],[112.1542,-7.6755],[112.1532,-7.6736],[112.1520,-7.6722],[112.1531,-7.6686],[112.15547960000004,-7.669398099999967]]],[[[112.16621960000009,-7.733338099999969],[112.1684,-7.7339],[112.1660,-7.7365],[112.1645,-7.7354],[112.1617,-7.7408],[112.1594,-7.7477],[112.1583,-7.7506],[112.1570,-7.7496],[112.1561,-7.7492],[112.1552,-7.7483],[112.1543,-7.7488],[112.1539,-7.7498],[112.1538,-7.7506],[112.1537,-7.7511],[112.1537,-7.7520],[112.1539,-7.7529],[112.1542,-7.7542],[112.1510,-7.7541],[112.1495,-7.7539],[112.1491,-7.7522],[112.1488,-7.7506],[112.1481,-7.7495],[112.1484,-7.7488],[112.1479,-7.7452],[112.1488,-7.7425],[112.1488,-7.7409],[112.1480,-7.7392],[112.1476,-7.7371],[112.1477,-7.7364],[112.1477,-7.7355],[112.1477,-7.7339],[112.1486,-7.7329],[112.1509,-7.7327],[112.1515,-7.7318],[112.1518,-7.7306],[112.1525,-7.7307],[112.1531,-7.7312],[112.1540,-7.7317],[112.1567,-7.7321],[112.1595,-7.7321],[112.1602,-7.7327],[112.1623,-7.7335],[112.1620,-7.7323],[112.1628,-7.7317],[112.1652,-7.7327],[112.16621960000009,-7.733338099999969]]],[[[112.1338396000001,-7.692198099999928],[112.1335,-7.6941],[112.1351,-7.6956],[112.1359,-7.6969],[112.1355,-7.6992],[112.1359,-7.6999],[112.1366,-7.7012],[112.1365,-7.7036],[112.1351,-7.7048],[112.1335,-7.7110],[112.1331,-7.7136],[112.1316,-7.7136],[112.1305,-7.7133],[112.1290,-7.7117],[112.1279,-7.7105],[112.1273,-7.7098],[112.1268,-7.7093],[112.1256,-7.7087],[112.1240,-7.7084],[112.1243,-7.7070],[112.1239,-7.7057],[112.1240,-7.7049],[112.1230,-7.7042],[112.1235,-7.7016],[112.1238,-7.7005],[112.1247,-7.6985],[112.1272,-7.6991],[112.1271,-7.6940],[112.1278,-7.6915],[112.1285,-7.6920],[112.1301,-7.6915],[112.1334,-7.6921],[112.1338396000001,-7.692198099999928]]]],"type":"MultiPolygon"}},{"properties":{"district":"Purwoasri","district_code":"id3506170","regency":"Kediri"},"type":"Feature","geometry":{"coordinates":[[[[112.13940790000004,-7.648716799999931],[112.1395,-7.6509],[112.1409,-7.6520],[112.1424,-7.6526],[112.1426,-7.6537],[112.1425,-7.6548],[112.1421,-7.6566],[112.1418,-7.6579],[112.1421,-7.6591],[112.1415,-7.6602],[112.1415,-7.6610],[112.1414,-7.6631],[112.1432,-7.6637],[112.1432,-7.6655],[112.1431,-7.6684],[112.1416,-7.6680],[112.1386,-7.6673],[112.1375,-7.6635],[112.1363,-7.6621],[112.1356,-7.6596],[112.1318,-7.6571],[112.1316,-7.6556],[112.1319,-7.6543],[112.1322,-7.6529],[112.1332,-7.6513],[112.1344,-7.6486],[112.1344,-7.6474],[112.1350,-7.6471],[112.1380,-7.6474],[112.13940790000004,-7.648716799999931]]],[[[112.13138960000003,-7.644578099999933],[112.1342,-7.6458],[112.1346,-7.6471],[112.1346,-7.6480],[112.1336,-7.6501],[112.1326,-7.6525],[112.1321,-7.6534],[112.1317,-7.6548],[112.1317,-7.6563],[112.1310,-7.6566],[112.1285,-7.6563],[112.1235,-7.6531],[112.1244,-7.6535],[112.1241,-7.6516],[112.1246,-7.6501],[112.1238,-7.6502],[112.1237,-7.6491],[112.1232,-7.6486],[112.1236,-7.6472],[112.1241,-7.6452],[112.1266,-7.6424],[112.1285,-7.6429],[112.1295,-7.6432],[112.13138960000003,-7.644578099999933]]],[[[112.13039060000006,-7.62892439999996],[112.1291,-7.6330],[112.1289,-7.6347],[112.1291,-7.6382],[112.1324,-7.6412],[112.1317,-7.6439],[112.1297,-7.6433],[112.1288,-7.6432],[112.1275,-7.6426],[112.1253,-7.6421],[112.1240,-7.6417],[112.1216,-7.6412],[112.1204,-7.6410],[112.1195,-7.6408],[112.1176,-7.6406],[112.1151,-7.6401],[112.1135,-7.6390],[112.1128,-7.6386],[112.1137,-7.6361],[112.1144,-7.6341],[112.1169,-7.6339],[112.1188,-7.6344],[112.1206,-7.6349],[112.1210,-7.6338],[112.1220,-7.6336],[112.1240,-7.6320],[112.1228,-7.6311],[112.1232,-7.6297],[112.1238,-7.6269],[112.1247,-7.6240],[112.1250,-7.6236],[112.1283,-7.6252],[112.1291,-7.6268],[112.1298,-7.6283],[112.13039060000006,-7.62892439999996]]],[[[112.1525775,-7.610289899999941],[112.1527,-7.6105],[112.1527,-7.6109],[112.1517,-7.6146],[112.1525,-7.6163],[112.1541,-7.6169],[112.1565,-7.6177],[112.1570,-7.6179],[112.1544,-7.6198],[112.1526,-7.6216],[112.1519,-7.6215],[112.1511,-7.6213],[112.1504,-7.6211],[112.1495,-7.6206],[112.1487,-7.6211],[112.1478,-7.6220],[112.1465,-7.6215],[112.1439,-7.6215],[112.1435,-7.6203],[112.1446,-7.6182],[112.1447,-7.6177],[112.1446,-7.6169],[112.1443,-7.6166],[112.1445,-7.6161],[112.1463,-7.6155],[112.1472,-7.6136],[112.1485,-7.6129],[112.1488,-7.6116],[112.1491,-7.6107],[112.1496,-7.6101],[112.1525775,-7.610289899999941]]],[[[112.1449606000001,-7.610427799999968],[112.1470,-7.6110],[112.1484,-7.6111],[112.1491,-7.6107],[112.1488,-7.6116],[112.1485,-7.6129],[112.1472,-7.6136],[112.1463,-7.6155],[112.1445,-7.6161],[112.1443,-7.6166],[112.1446,-7.6169],[112.1447,-7.6177],[112.1446,-7.6182],[112.1435,-7.6203],[112.1371,-7.6159],[112.1372,-7.6146],[112.1366,-7.6140],[112.1375,-7.6113],[112.1381,-7.6114],[112.1389,-7.6115],[112.1391,-7.6114],[112.1394,-7.6103],[112.1395,-7.6098],[112.1407,-7.6098],[112.1418,-7.6099],[112.1428,-7.6098],[112.1450,-7.6104],[112.1449606000001,-7.610427799999968]]],[[[112.11399930000005,-7.664161699999966],[112.1138,-7.6659],[112.1133,-7.6676],[112.1128,-7.6694],[112.1126,-7.6704],[112.1123,-7.6719],[112.1122,-7.6721],[112.1117,-7.6739],[112.1111,-7.6758],[112.1097,-7.6774],[112.1076,-7.6764],[112.1073,-7.6764],[112.1063,-7.6788],[112.1046,-7.6781],[112.1035,-7.6800],[112.1026,-7.6801],[112.1003,-7.6787],[112.1011,-7.6770],[112.1008,-7.6764],[112.1023,-7.6745],[112.1026,-7.6727],[112.1038,-7.6699],[112.1013,-7.6681],[112.1015,-7.6675],[112.1021,-7.6658],[112.1039,-7.6635],[112.1053,-7.6601],[112.1058,-7.6593],[112.1071,-7.6598],[112.1084,-7.6611],[112.1092,-7.6617],[112.1104,-7.6624],[112.1107,-7.6632],[112.1110,-7.6642],[112.1126,-7.6646],[112.11399930000005,-7.664161699999966]]],[[[112.137365,-7.611294799999939],[112.1366,-7.6141],[112.1375,-7.6147],[112.1364,-7.6178],[112.1361,-7.6188],[112.1325,-7.6209],[112.1311,-7.6213],[112.1270,-7.6196],[112.1254,-7.6191],[112.1246,-7.6213],[112.1230,-7.6208],[112.1232,-7.6187],[112.1226,-7.6169],[112.1240,-7.6112],[112.1249,-7.6098],[112.1236,-7.6093],[112.1225,-7.6070],[112.1234,-7.6064],[112.1253,-7.6070],[112.1261,-7.6072],[112.1267,-7.6074],[112.1273,-7.6067],[112.1279,-7.6070],[112.1299,-7.6079],[112.1299,-7.6085],[112.1305,-7.6086],[112.1312,-7.6089],[112.1324,-7.6094],[112.1329,-7.6097],[112.1331,-7.6098],[112.1335,-7.6099],[112.1339,-7.6100],[112.1346,-7.6102],[112.1352,-7.6105],[112.1359,-7.6108],[112.1368,-7.6112],[112.137365,-7.611294799999939]]],[[[112.16571170000009,-7.613383899999974],[112.1678,-7.6162],[112.1674,-7.6175],[112.1655,-7.6200],[112.1638,-7.6220],[112.1627,-7.6234],[112.1605,-7.6237],[112.1590,-7.6238],[112.1584,-7.6251],[112.1623,-7.6262],[112.1614,-7.6292],[112.1626,-7.6293],[112.1644,-7.6290],[112.1645,-7.6336],[112.1618,-7.6340],[112.1609,-7.6331],[112.1584,-7.6343],[112.1531,-7.6390],[112.1522,-7.6375],[112.1532,-7.6348],[112.1538,-7.6326],[112.1540,-7.6315],[112.1540,-7.6309],[112.1498,-7.6291],[112.1501,-7.6282],[112.1508,-7.6246],[112.1518,-7.6215],[112.1525,-7.6216],[112.1538,-7.6215],[112.1566,-7.6195],[112.1569,-7.6178],[112.1551,-7.6173],[112.1530,-7.6163],[112.1528,-7.6150],[112.1525,-7.6110],[112.1527,-7.6106],[112.1526,-7.6103],[112.1536,-7.6106],[112.1556,-7.6102],[112.1600,-7.6119],[112.1641,-7.6125],[112.16571170000009,-7.613383899999974]]],[[[112.131827,-7.657114299999932],[112.1356,-7.6596],[112.1363,-7.6621],[112.1375,-7.6635],[112.1386,-7.6673],[112.1368,-7.6665],[112.1343,-7.6649],[112.1331,-7.6661],[112.1326,-7.6669],[112.1320,-7.6669],[112.1298,-7.6660],[112.1284,-7.6653],[112.1265,-7.6645],[112.1250,-7.6642],[112.1228,-7.6656],[112.1202,-7.6665],[112.1192,-7.6670],[112.1188,-7.6679],[112.1189,-7.6691],[112.1167,-7.6666],[112.1138,-7.6659],[112.1140,-7.6642],[112.1156,-7.6609],[112.1163,-7.6596],[112.1191,-7.6596],[112.1200,-7.6586],[112.1213,-7.6580],[112.1224,-7.6553],[112.1248,-7.6552],[112.1288,-7.6553],[112.131827,-7.657114299999932]]],[[[112.15009140000006,-7.628182899999956],[112.1498,-7.6291],[112.1540,-7.6309],[112.1540,-7.6315],[112.1538,-7.6326],[112.1532,-7.6348],[112.1522,-7.6375],[112.1517,-7.6382],[112.1502,-7.6383],[112.1508,-7.6391],[112.1457,-7.6376],[112.1433,-7.6368],[112.1426,-7.6361],[112.1411,-7.6349],[112.1397,-7.6342],[112.1382,-7.6335],[112.1369,-7.6331],[112.1355,-7.6321],[112.1341,-7.6314],[112.1315,-7.6299],[112.1331,-7.6256],[112.1363,-7.6267],[112.1376,-7.6263],[112.1390,-7.6263],[112.1412,-7.6266],[112.1423,-7.6261],[112.1434,-7.6276],[112.1441,-7.6285],[112.1447,-7.6287],[112.1467,-7.6292],[112.1470,-7.6287],[112.1474,-7.6283],[112.1482,-7.6285],[112.1494,-7.6283],[112.15009140000006,-7.628182899999956]]],[[[112.11926180000012,-7.60513409999993],[112.1216,-7.6067],[112.1220,-7.6069],[112.1222,-7.6089],[112.1239,-7.6095],[112.1250,-7.6098],[112.1236,-7.6111],[112.1223,-7.6111],[112.1201,-7.6110],[112.1168,-7.6100],[112.1099,-7.6096],[112.1098,-7.6126],[112.1085,-7.6156],[112.1039,-7.6146],[112.1039,-7.6143],[112.1030,-7.6112],[112.1037,-7.6084],[112.1081,-7.6051],[112.1093,-7.6031],[112.1096,-7.6012],[112.1093,-7.5997],[112.1088,-7.5976],[112.1094,-7.5955],[112.1103,-7.5935],[112.1114,-7.5916],[112.1126,-7.5950],[112.1140,-7.5978],[112.1145,-7.5986],[112.1166,-7.6017],[112.1177,-7.6036],[112.11926180000012,-7.60513409999993]]],[[[112.12402190000012,-7.611173],[112.1226,-7.6169],[112.1232,-7.6187],[112.1230,-7.6208],[112.1216,-7.6205],[112.1208,-7.6202],[112.1178,-7.6196],[112.1176,-7.6203],[112.1171,-7.6208],[112.1151,-7.6200],[112.1140,-7.6189],[112.1126,-7.6182],[112.1104,-7.6183],[112.1098,-7.6178],[112.1088,-7.6172],[112.1090,-7.6154],[112.1092,-7.6117],[112.1153,-7.6094],[112.1198,-7.6111],[112.1220,-7.6111],[112.1232,-7.6111],[112.12402190000012,-7.611173]]],[[[112.09911380000005,-7.651779099999942],[112.0975,-7.6542],[112.0969,-7.6558],[112.0960,-7.6580],[112.0959,-7.6586],[112.0956,-7.6593],[112.0964,-7.6603],[112.0945,-7.6615],[112.0944,-7.6619],[112.0942,-7.6623],[112.0939,-7.6629],[112.0957,-7.6639],[112.0952,-7.6645],[112.0951,-7.6657],[112.0946,-7.6670],[112.0942,-7.6678],[112.0930,-7.6697],[112.0909,-7.6695],[112.0886,-7.6689],[112.0872,-7.6689],[112.0858,-7.6678],[112.0834,-7.6671],[112.0820,-7.6670],[112.0838,-7.6641],[112.0845,-7.6625],[112.0848,-7.6591],[112.0880,-7.6574],[112.0901,-7.6560],[112.0907,-7.6538],[112.0913,-7.6503],[112.0938,-7.6479],[112.0960,-7.6487],[112.0970,-7.6496],[112.0989,-7.6498],[112.0987,-7.6512],[112.09911380000005,-7.651779099999942]]],[[[112.10855040000001,-7.615555],[112.1093,-7.6174],[112.1101,-7.6180],[112.1118,-7.6183],[112.1137,-7.6186],[112.1140,-7.6195],[112.1171,-7.6208],[112.1175,-7.6205],[112.1177,-7.6199],[112.1196,-7.6199],[112.1214,-7.6205],[112.1224,-7.6207],[112.1238,-7.6211],[112.1245,-7.6220],[112.1247,-7.6240],[112.1238,-7.6269],[112.1236,-7.6271],[112.1226,-7.6270],[112.1213,-7.6266],[112.1208,-7.6265],[112.1199,-7.6262],[112.1190,-7.6271],[112.1183,-7.6277],[112.1173,-7.6286],[112.1168,-7.6294],[112.1152,-7.6289],[112.1142,-7.6285],[112.1132,-7.6283],[112.1134,-7.6260],[112.1124,-7.6253],[112.1103,-7.6290],[112.1088,-7.6288],[112.1078,-7.6279],[112.1069,-7.6273],[112.1064,-7.6265],[112.1045,-7.6261],[112.1037,-7.6259],[112.1020,-7.6252],[112.1023,-7.6231],[112.1037,-7.6168],[112.1038,-7.6155],[112.1063,-7.6151],[112.10855040000001,-7.615555]]],[[[112.11278960000004,-7.638608099999942],[112.1135,-7.6390],[112.1151,-7.6401],[112.1176,-7.6406],[112.1195,-7.6408],[112.1204,-7.6410],[112.1216,-7.6412],[112.1240,-7.6417],[112.1253,-7.6421],[112.1239,-7.6461],[112.1236,-7.6474],[112.1232,-7.6487],[112.1238,-7.6495],[112.1239,-7.6504],[112.1243,-7.6512],[112.1244,-7.6517],[112.1240,-7.6533],[112.1230,-7.6530],[112.1219,-7.6526],[112.1212,-7.6523],[112.1185,-7.6516],[112.1172,-7.6514],[112.1158,-7.6514],[112.1147,-7.6515],[112.1131,-7.6514],[112.1126,-7.6530],[112.1092,-7.6486],[112.1095,-7.6475],[112.1099,-7.6458],[112.1105,-7.6433],[112.1120,-7.6434],[112.1118,-7.6413],[112.1088,-7.6394],[112.1081,-7.6384],[112.1086,-7.6367],[112.1105,-7.6375],[112.1118,-7.6381],[112.1125,-7.6384],[112.11278960000004,-7.638608099999942]]],[[[112.10229550000008,-7.654288599999973],[112.1045,-7.6585],[112.1045,-7.6590],[112.1052,-7.6598],[112.1049,-7.6612],[112.1030,-7.6639],[112.1016,-7.6674],[112.1013,-7.6681],[112.1036,-7.6698],[112.1033,-7.6709],[112.1025,-7.6741],[112.1014,-7.6751],[112.1012,-7.6767],[112.1004,-7.6784],[112.1002,-7.6783],[112.0949,-7.6759],[112.0949,-7.6747],[112.0948,-7.6734],[112.0940,-7.6731],[112.0939,-7.6721],[112.0939,-7.6710],[112.0941,-7.6699],[112.0948,-7.6693],[112.0949,-7.6674],[112.0945,-7.6673],[112.0949,-7.6665],[112.0951,-7.6646],[112.0957,-7.6639],[112.0939,-7.6630],[112.0942,-7.6624],[112.0944,-7.6620],[112.0945,-7.6616],[112.0959,-7.6618],[112.0955,-7.6596],[112.0957,-7.6588],[112.0959,-7.6581],[112.0962,-7.6573],[112.0973,-7.6547],[112.0985,-7.6523],[112.0994,-7.6521],[112.1000,-7.6531],[112.1011,-7.6522],[112.1013,-7.6523],[112.1015,-7.6532],[112.1017,-7.6538],[112.10229550000008,-7.654288599999973]]],[[[112.10851960000002,-7.636708099999964],[112.1084,-7.6389],[112.1112,-7.6401],[112.1119,-7.6413],[112.1107,-7.6430],[112.1102,-7.6444],[112.1099,-7.6461],[112.1095,-7.6476],[112.1091,-7.6486],[112.1076,-7.6481],[112.1058,-7.6475],[112.1051,-7.6500],[112.1045,-7.6505],[112.1040,-7.6505],[112.1034,-7.6522],[112.1029,-7.6530],[112.1019,-7.6540],[112.1014,-7.6534],[112.1018,-7.6527],[112.1012,-7.6522],[112.1006,-7.6520],[112.0996,-7.6524],[112.0991,-7.6518],[112.0987,-7.6510],[112.0976,-7.6489],[112.0969,-7.6496],[112.0956,-7.6481],[112.0968,-7.6465],[112.0983,-7.6443],[112.0983,-7.6425],[112.0982,-7.6397],[112.0989,-7.6386],[112.0996,-7.6375],[112.1013,-7.6374],[112.1024,-7.6370],[112.1035,-7.6362],[112.1041,-7.6349],[112.1045,-7.6332],[112.1048,-7.6320],[112.1057,-7.6326],[112.1063,-7.6339],[112.1062,-7.6349],[112.1063,-7.6355],[112.1068,-7.6360],[112.1076,-7.6364],[112.10851960000002,-7.636708099999964]]],[[[112.1237734,-7.627087],[112.1231,-7.6299],[112.1227,-7.6317],[112.1236,-7.6336],[112.1218,-7.6340],[112.1207,-7.6348],[112.1196,-7.6346],[112.1180,-7.6342],[112.1166,-7.6338],[112.1141,-7.6349],[112.1133,-7.6372],[112.1125,-7.6384],[112.1118,-7.6381],[112.1105,-7.6375],[112.1086,-7.6367],[112.1080,-7.6365],[112.1069,-7.6361],[112.1064,-7.6355],[112.1062,-7.6351],[112.1063,-7.6342],[112.1061,-7.6327],[112.1052,-7.6322],[112.1047,-7.6326],[112.1042,-7.6344],[112.1039,-7.6359],[112.1026,-7.6363],[112.1016,-7.6373],[112.0996,-7.6375],[112.1013,-7.6344],[112.1006,-7.6318],[112.1008,-7.6298],[112.1010,-7.6278],[112.1018,-7.6255],[112.1037,-7.6259],[112.1044,-7.6260],[112.1063,-7.6265],[112.1068,-7.6273],[112.1078,-7.6279],[112.1087,-7.6288],[112.1103,-7.6290],[112.1122,-7.6265],[112.1133,-7.6259],[112.1131,-7.6282],[112.1140,-7.6285],[112.1151,-7.6289],[112.1168,-7.6294],[112.1172,-7.6286],[112.1183,-7.6277],[112.1189,-7.6274],[112.1197,-7.6269],[112.1207,-7.6265],[112.1211,-7.6266],[112.1222,-7.6269],[112.1231,-7.6271],[112.1237734,-7.627087]]],[[[112.1632595000001,-7.634764099999927],[112.1629,-7.6356],[112.1627,-7.6361],[112.1624,-7.6367],[112.1623,-7.6371],[112.1609,-7.6411],[112.1633,-7.6425],[112.1625,-7.6443],[112.1627,-7.6472],[112.1622,-7.6493],[112.1601,-7.6498],[112.1582,-7.6500],[112.1565,-7.6494],[112.1559,-7.6482],[112.1551,-7.6479],[112.1547,-7.6482],[112.1531,-7.6477],[112.1522,-7.6473],[112.1512,-7.6463],[112.1517,-7.6457],[112.1518,-7.6452],[112.1522,-7.6440],[112.1528,-7.6419],[112.1509,-7.6413],[112.1510,-7.6393],[112.1504,-7.6386],[112.1511,-7.6378],[112.1520,-7.6384],[112.1531,-7.6390],[112.1584,-7.6343],[112.1609,-7.6331],[112.1618,-7.6340],[112.1632595000001,-7.634764099999927]]],[[[112.16942890000007,-7.617410899999925],[112.1712,-7.6196],[112.1713,-7.6220],[112.1760,-7.6248],[112.1769,-7.6257],[112.1775,-7.6271],[112.1786,-7.6278],[112.1794,-7.6290],[112.1789,-7.6294],[112.1781,-7.6298],[112.1766,-7.6301],[112.1733,-7.6285],[112.1727,-7.6290],[112.1721,-7.6301],[112.1708,-7.6305],[112.1699,-7.6307],[112.1693,-7.6321],[112.1681,-7.6324],[112.1665,-7.6338],[112.1656,-7.6343],[112.1630,-7.6331],[112.1634,-7.6293],[112.1625,-7.6293],[112.1617,-7.6284],[112.1612,-7.6259],[112.1586,-7.6239],[112.1600,-7.6237],[112.1616,-7.6240],[112.1634,-7.6219],[112.1649,-7.6204],[112.1668,-7.6181],[112.1678,-7.6164],[112.1679,-7.6161],[112.16942890000007,-7.617410899999925]]],[[[112.1313444000001,-7.629783499999974],[112.1330,-7.6309],[112.1350,-7.6319],[112.1364,-7.6327],[112.1376,-7.6333],[112.1395,-7.6341],[112.1405,-7.6345],[112.1425,-7.6360],[112.1426,-7.6364],[112.1449,-7.6390],[112.1455,-7.6398],[112.1440,-7.6442],[112.1421,-7.6434],[112.1412,-7.6438],[112.1407,-7.6452],[112.1405,-7.6458],[112.1399,-7.6477],[112.1391,-7.6485],[112.1373,-7.6474],[112.1347,-7.6470],[112.1345,-7.6461],[112.1321,-7.6450],[112.1320,-7.6428],[112.1326,-7.6403],[112.1289,-7.6377],[112.1287,-7.6345],[112.1291,-7.6330],[112.1304,-7.6290],[112.1313444000001,-7.629783499999974]]],[[[112.1091398000001,-7.648555599999952],[112.1126,-7.6530],[112.1133,-7.6513],[112.1152,-7.6515],[112.1160,-7.6514],[112.1174,-7.6514],[112.1192,-7.6517],[112.1212,-7.6523],[112.1222,-7.6527],[112.1235,-7.6531],[112.1224,-7.6553],[112.1213,-7.6580],[112.1200,-7.6586],[112.1191,-7.6596],[112.1163,-7.6596],[112.1156,-7.6609],[112.1140,-7.6642],[112.1117,-7.6644],[112.1108,-7.6638],[112.1107,-7.6629],[112.1100,-7.6622],[112.1090,-7.6614],[112.1081,-7.6608],[112.1068,-7.6597],[112.1055,-7.6592],[112.1045,-7.6590],[112.1045,-7.6585],[112.1023,-7.6543],[112.1032,-7.6524],[112.1037,-7.6513],[112.1043,-7.6505],[112.1050,-7.6503],[112.1056,-7.6483],[112.1075,-7.6481],[112.1091,-7.6485],[112.1091398000001,-7.648555599999952]]],[[[112.13615660000005,-7.618493899999976],[112.1439,-7.6214],[112.1463,-7.6215],[112.1470,-7.6215],[112.1485,-7.6213],[112.1494,-7.6207],[112.1503,-7.6210],[112.1509,-7.6213],[112.1518,-7.6215],[112.1508,-7.6246],[112.1501,-7.6282],[112.1490,-7.6287],[112.1479,-7.6283],[112.1473,-7.6284],[112.1470,-7.6287],[112.1464,-7.6291],[112.1443,-7.6286],[112.1441,-7.6279],[112.1434,-7.6261],[112.1418,-7.6259],[112.1406,-7.6264],[112.1387,-7.6262],[112.1376,-7.6263],[112.1355,-7.6266],[112.1331,-7.6256],[112.1305,-7.6291],[112.1304,-7.6289],[112.1294,-7.6275],[112.1286,-7.6256],[112.1281,-7.6247],[112.1248,-7.6236],[112.1249,-7.6201],[112.1262,-7.6193],[112.1301,-7.6192],[112.1320,-7.6220],[112.1350,-7.6193],[112.13615660000005,-7.618493899999976]]]],"type":"MultiPolygon"}},{"properties":{"district":"Papar","district_code":"id3506180","regency":"Kediri"},"type":"Feature","geometry":{"coordinates":[[[[112.09680960000003,-7.717495699999972],[112.0972,-7.7187],[112.0983,-7.7198],[112.0994,-7.7205],[112.0997,-7.7213],[112.1001,-7.7216],[112.0987,-7.7222],[112.0974,-7.7220],[112.0971,-7.7218],[112.0957,-7.7232],[112.0946,-7.7244],[112.0944,-7.7236],[112.0921,-7.7226],[112.0908,-7.7220],[112.0895,-7.7222],[112.0888,-7.7223],[112.0876,-7.7229],[112.0860,-7.7222],[112.0852,-7.7222],[112.0838,-7.7208],[112.0808,-7.7214],[112.0777,-7.7204],[112.0771,-7.7196],[112.0748,-7.7182],[112.0745,-7.7190],[112.0736,-7.7190],[112.0724,-7.7186],[112.0717,-7.7183],[112.0707,-7.7178],[112.0707,-7.7164],[112.0719,-7.7143],[112.0715,-7.7131],[112.0723,-7.7123],[112.0732,-7.7113],[112.0766,-7.7127],[112.0775,-7.7132],[112.0783,-7.7138],[112.0787,-7.7141],[112.0791,-7.7150],[112.0795,-7.7151],[112.0802,-7.7144],[112.0827,-7.7139],[112.0854,-7.7113],[112.0868,-7.7121],[112.0884,-7.7127],[112.0889,-7.7130],[112.0896,-7.7134],[112.0894,-7.7145],[112.0908,-7.7155],[112.0914,-7.7157],[112.0919,-7.7160],[112.0926,-7.7163],[112.0938,-7.7167],[112.0952,-7.7171],[112.0964,-7.7175],[112.09680960000003,-7.717495699999972]]],[[[112.1084624,-7.689787],[112.1071,-7.6932],[112.1064,-7.6950],[112.1049,-7.6987],[112.1006,-7.6970],[112.1012,-7.6948],[112.1013,-7.6945],[112.1003,-7.6936],[112.1004,-7.6926],[112.1008,-7.6910],[112.1011,-7.6897],[112.1021,-7.6897],[112.1022,-7.6892],[112.1027,-7.6869],[112.1038,-7.6850],[112.1087,-7.6873],[112.1081,-7.6897],[112.1084624,-7.689787]]],[[[112.094408,-7.709250199999929],[112.0954,-7.7096],[112.0972,-7.7129],[112.0964,-7.7156],[112.0965,-7.7166],[112.0968,-7.7175],[112.0959,-7.7173],[112.0945,-7.7169],[112.0931,-7.7164],[112.0922,-7.7161],[112.0917,-7.7159],[112.0911,-7.7156],[112.0904,-7.7153],[112.0894,-7.7140],[112.0895,-7.7133],[112.0886,-7.7128],[112.0874,-7.7124],[112.0858,-7.7115],[112.0841,-7.7109],[112.0806,-7.7132],[112.0800,-7.7152],[112.0793,-7.7150],[112.0788,-7.7142],[112.0783,-7.7140],[112.0777,-7.7134],[112.0772,-7.7128],[112.0747,-7.7118],[112.0726,-7.7121],[112.0721,-7.7125],[112.0710,-7.7139],[112.0716,-7.7150],[112.0694,-7.7158],[112.0695,-7.7153],[112.0676,-7.7144],[112.0669,-7.7146],[112.0662,-7.7144],[112.0656,-7.7119],[112.0674,-7.7100],[112.0704,-7.7078],[112.0731,-7.7050],[112.0746,-7.7040],[112.0758,-7.7054],[112.0760,-7.7066],[112.0777,-7.7065],[112.0808,-7.7070],[112.0815,-7.7059],[112.0836,-7.7049],[112.0859,-7.7030],[112.0901,-7.7041],[112.0902,-7.7041],[112.0894,-7.7074],[112.0895,-7.7093],[112.0909,-7.7096],[112.0913,-7.7095],[112.0930,-7.7090],[112.0941,-7.7091],[112.094408,-7.709250199999929]]],[[[112.12344590000009,-7.702202299999954],[112.1241,-7.7046],[112.1240,-7.7050],[112.1243,-7.7059],[112.1240,-7.7082],[112.1226,-7.7080],[112.1211,-7.7094],[112.1204,-7.7111],[112.1200,-7.7126],[112.1197,-7.7133],[112.1193,-7.7144],[112.1190,-7.7160],[112.1183,-7.7180],[112.1147,-7.7189],[112.1151,-7.7178],[112.1157,-7.7155],[112.1163,-7.7135],[112.1148,-7.7129],[112.1146,-7.7101],[112.1121,-7.7100],[112.1119,-7.7080],[112.1111,-7.7075],[112.1105,-7.7073],[112.1099,-7.7060],[112.1097,-7.7046],[112.1088,-7.7043],[112.1087,-7.7028],[112.1104,-7.7012],[112.1122,-7.7018],[112.1144,-7.7016],[112.1153,-7.7007],[112.1173,-7.7001],[112.1191,-7.7005],[112.1229,-7.7020],[112.12344590000009,-7.702202299999954]]],[[[112.11044960000004,-7.67758809999998],[112.1123,-7.6784],[112.1141,-7.6793],[112.1152,-7.6798],[112.1174,-7.6807],[112.1182,-7.6810],[112.1191,-7.6790],[112.1211,-7.6816],[112.1210,-7.6826],[112.1210,-7.6833],[112.1210,-7.6847],[112.1209,-7.6861],[112.1209,-7.6872],[112.1208,-7.6892],[112.1211,-7.6894],[112.1218,-7.6925],[112.1224,-7.6948],[112.1231,-7.6978],[112.1240,-7.6982],[112.1246,-7.7006],[112.1237,-7.7010],[112.1234,-7.7022],[112.1190,-7.7006],[112.1174,-7.7000],[112.1167,-7.7012],[112.1157,-7.6999],[112.1171,-7.6968],[112.1177,-7.6962],[112.1181,-7.6946],[112.1173,-7.6937],[112.1171,-7.6925],[112.1163,-7.6918],[112.1153,-7.6915],[112.1131,-7.6909],[112.1113,-7.6905],[112.1085,-7.6898],[112.1083,-7.6888],[112.1091,-7.6856],[112.1035,-7.6860],[112.1023,-7.6868],[112.1006,-7.6864],[112.1003,-7.6844],[112.1009,-7.6823],[112.1017,-7.6822],[112.1021,-7.6811],[112.1025,-7.6803],[112.1026,-7.6801],[112.1035,-7.6800],[112.1046,-7.6781],[112.1063,-7.6788],[112.1073,-7.6764],[112.1076,-7.6764],[112.1097,-7.6774],[112.11044960000004,-7.67758809999998]]],[[[112.06942750000007,-7.726418799999976],[112.0693,-7.7273],[112.0693,-7.7282],[112.0692,-7.7298],[112.0694,-7.7300],[112.0688,-7.7321],[112.0683,-7.7336],[112.0679,-7.7346],[112.0675,-7.7346],[112.0657,-7.7347],[112.0620,-7.7330],[112.0594,-7.7319],[112.0598,-7.7310],[112.0600,-7.7303],[112.0630,-7.7267],[112.0635,-7.7269],[112.0653,-7.7277],[112.0656,-7.7276],[112.0660,-7.7272],[112.0661,-7.7265],[112.0677,-7.7261],[112.0689,-7.7263],[112.06942750000007,-7.726418799999976]]],[[[112.08973290000006,-7.688013199999943],[112.0914,-7.6896],[112.0942,-7.6895],[112.0980,-7.6902],[112.1008,-7.6910],[112.1004,-7.6926],[112.1003,-7.6936],[112.1013,-7.6945],[112.1012,-7.6948],[112.1003,-7.6973],[112.1002,-7.6982],[112.0993,-7.7002],[112.0979,-7.7013],[112.0965,-7.7009],[112.0962,-7.7008],[112.0954,-7.7006],[112.0936,-7.7000],[112.0920,-7.6995],[112.0916,-7.6993],[112.0902,-7.6989],[112.0885,-7.6985],[112.0883,-7.6980],[112.0882,-7.6963],[112.0877,-7.6954],[112.0875,-7.6939],[112.0880,-7.6923],[112.0886,-7.6910],[112.0870,-7.6911],[112.0876,-7.6883],[112.0897,-7.6880],[112.08973290000006,-7.688013199999943]]],[[[112.07067150000012,-7.716422199999954],[112.0707,-7.7178],[112.0717,-7.7183],[112.0724,-7.7186],[112.0736,-7.7190],[112.0725,-7.7218],[112.0711,-7.7231],[112.0703,-7.7228],[112.0699,-7.7248],[112.0692,-7.7263],[112.0684,-7.7262],[112.0664,-7.7258],[112.0661,-7.7269],[112.0658,-7.7272],[112.0655,-7.7277],[112.0648,-7.7275],[112.0632,-7.7268],[112.0617,-7.7262],[112.0600,-7.7304],[112.0595,-7.7315],[112.0581,-7.7310],[112.0568,-7.7299],[112.0556,-7.7293],[112.0551,-7.7288],[112.0546,-7.7282],[112.0539,-7.7283],[112.0529,-7.7278],[112.0524,-7.7269],[112.0531,-7.7260],[112.0541,-7.7243],[112.0531,-7.7240],[112.0567,-7.7238],[112.0591,-7.7235],[112.0625,-7.7208],[112.0634,-7.7191],[112.0643,-7.7142],[112.0665,-7.7146],[112.0670,-7.7141],[112.0681,-7.7146],[112.0695,-7.7153],[112.0707,-7.7163],[112.07067150000012,-7.716422199999954]]],[[[112.11529930000006,-7.700720599999954],[112.1144,-7.7016],[112.1122,-7.7018],[112.1104,-7.7012],[112.1087,-7.7028],[112.1088,-7.7043],[112.1097,-7.7046],[112.1099,-7.7060],[112.1105,-7.7073],[112.1111,-7.7075],[112.1119,-7.7080],[112.1121,-7.7100],[112.1146,-7.7101],[112.1148,-7.7129],[112.1163,-7.7135],[112.1157,-7.7155],[112.1151,-7.7178],[112.1147,-7.7189],[112.1173,-7.7209],[112.1177,-7.7219],[112.1159,-7.7219],[112.1132,-7.7218],[112.1095,-7.7235],[112.1078,-7.7229],[112.1063,-7.7198],[112.1032,-7.7195],[112.1041,-7.7176],[112.1026,-7.7151],[112.0984,-7.7154],[112.0970,-7.7150],[112.0970,-7.7128],[112.0945,-7.7093],[112.0967,-7.7079],[112.0972,-7.7076],[112.0986,-7.7054],[112.0996,-7.7018],[112.0989,-7.7016],[112.1002,-7.6982],[112.1005,-7.6974],[112.1006,-7.6971],[112.1049,-7.6987],[112.1064,-7.6949],[112.1075,-7.6920],[112.1085,-7.6898],[112.1113,-7.6905],[112.1131,-7.6909],[112.1153,-7.6915],[112.1163,-7.6918],[112.1171,-7.6925],[112.1173,-7.6937],[112.1181,-7.6946],[112.1177,-7.6962],[112.1171,-7.6968],[112.1157,-7.6999],[112.11529930000006,-7.700720599999954]]],[[[112.08756830000004,-7.688308799999959],[112.0876,-7.6912],[112.0890,-7.6911],[112.0879,-7.6923],[112.0876,-7.6939],[112.0876,-7.6955],[112.0879,-7.6970],[112.0883,-7.6981],[112.0889,-7.6986],[112.0908,-7.6991],[112.0917,-7.6994],[112.0923,-7.6996],[112.0937,-7.7000],[112.0958,-7.7006],[112.0963,-7.7008],[112.0968,-7.7009],[112.0981,-7.7013],[112.0994,-7.7017],[112.0987,-7.7044],[112.0980,-7.7069],[112.0968,-7.7080],[112.0942,-7.7091],[112.0931,-7.7086],[112.0917,-7.7086],[112.0910,-7.7096],[112.0905,-7.7097],[112.0897,-7.7076],[112.0896,-7.7059],[112.0902,-7.7041],[112.0867,-7.7032],[112.0844,-7.7026],[112.0820,-7.7062],[112.0808,-7.7067],[112.0790,-7.7069],[112.0763,-7.7067],[112.0756,-7.7058],[112.0747,-7.7040],[112.0763,-7.7016],[112.0764,-7.6986],[112.0756,-7.6954],[112.0751,-7.6919],[112.0766,-7.6853],[112.0765,-7.6838],[112.0758,-7.6796],[112.0774,-7.6760],[112.0810,-7.6742],[112.0836,-7.6742],[112.0816,-7.6793],[112.0815,-7.6800],[112.0825,-7.6804],[112.0839,-7.6800],[112.0843,-7.6854],[112.0838,-7.6868],[112.0862,-7.6874],[112.0866,-7.6877],[112.08756830000004,-7.688308799999959]]],[[[112.07767180000008,-7.720406799999978],[112.0767,-7.7240],[112.0777,-7.7269],[112.0781,-7.7274],[112.0790,-7.7279],[112.0800,-7.7284],[112.0808,-7.7300],[112.0809,-7.7322],[112.0806,-7.7333],[112.0807,-7.7343],[112.0813,-7.7354],[112.0831,-7.7362],[112.0836,-7.7363],[112.0849,-7.7379],[112.0860,-7.7381],[112.0855,-7.7409],[112.0835,-7.7435],[112.0814,-7.7427],[112.0803,-7.7420],[112.0780,-7.7411],[112.0782,-7.7405],[112.0785,-7.7398],[112.0786,-7.7390],[112.0790,-7.7381],[112.0788,-7.7378],[112.0787,-7.7374],[112.0785,-7.7368],[112.0779,-7.7364],[112.0765,-7.7359],[112.0760,-7.7320],[112.0747,-7.7315],[112.0716,-7.7306],[112.0696,-7.7300],[112.0692,-7.7298],[112.0693,-7.7282],[112.0693,-7.7273],[112.0694,-7.7264],[112.0699,-7.7247],[112.0705,-7.7228],[112.0719,-7.7233],[112.0727,-7.7212],[112.0744,-7.7194],[112.0746,-7.7188],[112.0768,-7.7192],[112.0777,-7.7204],[112.07767180000008,-7.720406799999978]]],[[[112.09458270000005,-7.724388],[112.0929,-7.7275],[112.0959,-7.7284],[112.0964,-7.7303],[112.0965,-7.7315],[112.0959,-7.7320],[112.0944,-7.7334],[112.0925,-7.7331],[112.0902,-7.7318],[112.0888,-7.7315],[112.0864,-7.7320],[112.0853,-7.7341],[112.0848,-7.7367],[112.0836,-7.7363],[112.0831,-7.7362],[112.0813,-7.7354],[112.0807,-7.7343],[112.0806,-7.7333],[112.0809,-7.7322],[112.0808,-7.7300],[112.0800,-7.7284],[112.0790,-7.7279],[112.0781,-7.7274],[112.0777,-7.7269],[112.0767,-7.7240],[112.0777,-7.7204],[112.0808,-7.7214],[112.0838,-7.7208],[112.0852,-7.7222],[112.0860,-7.7222],[112.0876,-7.7229],[112.0888,-7.7223],[112.0895,-7.7222],[112.0908,-7.7220],[112.0921,-7.7226],[112.0944,-7.7236],[112.09458270000005,-7.724388]]],[[[112.11892540000008,-7.669061799999952],[112.1184,-7.6702],[112.1191,-7.6707],[112.1200,-7.6719],[112.1206,-7.6728],[112.1205,-7.6733],[112.1201,-7.6747],[112.1198,-7.6755],[112.1186,-7.6790],[112.1182,-7.6810],[112.1174,-7.6807],[112.1152,-7.6798],[112.1141,-7.6793],[112.1123,-7.6784],[112.1104,-7.6776],[112.1112,-7.6755],[112.1120,-7.6729],[112.1122,-7.6721],[112.1123,-7.6717],[112.1126,-7.6701],[112.1128,-7.6694],[112.1134,-7.6673],[112.1148,-7.6662],[112.1183,-7.6674],[112.11892540000008,-7.669061799999952]]],[[[112.05299560000003,-7.72408809999996],[112.0538,-7.7248],[112.0528,-7.7264],[112.0523,-7.7269],[112.0516,-7.7275],[112.0513,-7.7282],[112.0514,-7.7289],[112.0511,-7.7300],[112.0507,-7.7312],[112.0501,-7.7321],[112.0492,-7.7327],[112.0484,-7.7339],[112.0474,-7.7352],[112.0473,-7.7358],[112.0471,-7.7362],[112.0463,-7.7370],[112.0454,-7.7377],[112.0439,-7.7390],[112.0423,-7.7405],[112.0407,-7.7418],[112.0403,-7.7422],[112.0391,-7.7416],[112.0370,-7.7406],[112.0361,-7.7403],[112.0357,-7.7401],[112.0342,-7.7397],[112.0335,-7.7391],[112.0343,-7.7363],[112.0318,-7.7351],[112.0302,-7.7345],[112.0292,-7.7338],[112.0282,-7.7333],[112.0266,-7.7324],[112.0254,-7.7312],[112.0261,-7.7287],[112.0264,-7.7268],[112.0272,-7.7257],[112.0293,-7.7255],[112.0327,-7.7262],[112.0348,-7.7255],[112.0397,-7.7244],[112.0431,-7.7245],[112.0457,-7.7248],[112.0490,-7.7263],[112.0509,-7.7255],[112.05299560000003,-7.72408809999996]]],[[[112.10025330000008,-7.678661099999943],[112.1026,-7.6801],[112.1025,-7.6803],[112.1021,-7.6811],[112.1017,-7.6822],[112.1009,-7.6823],[112.1003,-7.6844],[112.1006,-7.6864],[112.1023,-7.6868],[112.1024,-7.6883],[112.1021,-7.6897],[112.1011,-7.6897],[112.1008,-7.6910],[112.0960,-7.6895],[112.0939,-7.6904],[112.0916,-7.6892],[112.0897,-7.6880],[112.0897,-7.6872],[112.0899,-7.6864],[112.0903,-7.6858],[112.0912,-7.6845],[112.0918,-7.6837],[112.0928,-7.6820],[112.0935,-7.6811],[112.0933,-7.6806],[112.0929,-7.6802],[112.0928,-7.6797],[112.0927,-7.6789],[112.0929,-7.6782],[112.0936,-7.6771],[112.0941,-7.6768],[112.1002,-7.6783],[112.10025330000008,-7.678661099999943]]],[[[112.12746930000003,-7.681659199999956],[112.1285,-7.6839],[112.1297,-7.6852],[112.1296,-7.6869],[112.1290,-7.6877],[112.1284,-7.6866],[112.1282,-7.6858],[112.1265,-7.6852],[112.1262,-7.6882],[112.1263,-7.6887],[112.1274,-7.6908],[112.1277,-7.6914],[112.1272,-7.6986],[112.1255,-7.6986],[112.1240,-7.6982],[112.1231,-7.6978],[112.1224,-7.6948],[112.1218,-7.6925],[112.1211,-7.6894],[112.1208,-7.6892],[112.1209,-7.6872],[112.1209,-7.6861],[112.1210,-7.6847],[112.1210,-7.6833],[112.1210,-7.6826],[112.1211,-7.6816],[112.1212,-7.6794],[112.1247,-7.6789],[112.1249,-7.6786],[112.1256,-7.6793],[112.1262,-7.6801],[112.1272,-7.6816],[112.12746930000003,-7.681659199999956]]],[[[112.09456110000008,-7.667315199999962],[112.0950,-7.6675],[112.0948,-7.6696],[112.0941,-7.6699],[112.0939,-7.6712],[112.0939,-7.6723],[112.0942,-7.6731],[112.0949,-7.6735],[112.0950,-7.6750],[112.0945,-7.6763],[112.0944,-7.6764],[112.0938,-7.6770],[112.0931,-7.6780],[112.0928,-7.6788],[112.0927,-7.6795],[112.0928,-7.6801],[112.0931,-7.6806],[112.0935,-7.6809],[112.0931,-7.6819],[112.0918,-7.6836],[112.0914,-7.6844],[112.0904,-7.6855],[112.0900,-7.6864],[112.0899,-7.6866],[112.0898,-7.6878],[112.0897,-7.6880],[112.0876,-7.6883],[112.0866,-7.6878],[112.0850,-7.6872],[112.0838,-7.6868],[112.0827,-7.6849],[112.0829,-7.6797],[112.0824,-7.6806],[112.0815,-7.6800],[112.0824,-7.6773],[112.0836,-7.6741],[112.0828,-7.6729],[112.0829,-7.6701],[112.0821,-7.6683],[112.0822,-7.6670],[112.0850,-7.6676],[112.0860,-7.6679],[112.0878,-7.6691],[112.0898,-7.6692],[112.0927,-7.6698],[112.0934,-7.6695],[112.09456110000008,-7.667315199999962]]]],"type":"MultiPolygon"}},{"properties":{"district":"Pagu","district_code":"id3506190","regency":"Kediri"},"type":"Feature","geometry":{"coordinates":[[[[112.06762640000011,-7.752788299999963],[112.0680,-7.7535],[112.0677,-7.7553],[112.0673,-7.7571],[112.0677,-7.7575],[112.0675,-7.7580],[112.0674,-7.7582],[112.0688,-7.7588],[112.0695,-7.7590],[112.0707,-7.7585],[112.0711,-7.7587],[112.0723,-7.7597],[112.0735,-7.7598],[112.0753,-7.7604],[112.0757,-7.7608],[112.0751,-7.7619],[112.0773,-7.7643],[112.0765,-7.7654],[112.0753,-7.7675],[112.0736,-7.7689],[112.0727,-7.7688],[112.0720,-7.7694],[112.0713,-7.7694],[112.0714,-7.7677],[112.0716,-7.7662],[112.0710,-7.7650],[112.0703,-7.7643],[112.0695,-7.7639],[112.0691,-7.7634],[112.0682,-7.7628],[112.0673,-7.7623],[112.0653,-7.7596],[112.0639,-7.7586],[112.0622,-7.7575],[112.0628,-7.7564],[112.0636,-7.7553],[112.0646,-7.7539],[112.06762640000011,-7.752788299999963]]],[[[112.07625210000003,-7.790171499999929],[112.0755,-7.7925],[112.0783,-7.7938],[112.0797,-7.7950],[112.0794,-7.7963],[112.0791,-7.7977],[112.0788,-7.7997],[112.0801,-7.8023],[112.0803,-7.8025],[112.0786,-7.8026],[112.0769,-7.8020],[112.0763,-7.8034],[112.0744,-7.8028],[112.0739,-7.8029],[112.0711,-7.8017],[112.0701,-7.8010],[112.0700,-7.8008],[112.0688,-7.8004],[112.0677,-7.8002],[112.0667,-7.8003],[112.0649,-7.7997],[112.0639,-7.7997],[112.0633,-7.7988],[112.0613,-7.7985],[112.0596,-7.7980],[112.0572,-7.7966],[112.0572,-7.7946],[112.0570,-7.7934],[112.0578,-7.7902],[112.0581,-7.7898],[112.0589,-7.7893],[112.0598,-7.7881],[112.0617,-7.7887],[112.0631,-7.7892],[112.0648,-7.7899],[112.0667,-7.7908],[112.0708,-7.7925],[112.0718,-7.7914],[112.0723,-7.7906],[112.0738,-7.7901],[112.0750,-7.7898],[112.07625210000003,-7.790171499999929]]],[[[112.08550510000009,-7.754923899999937],[112.0871,-7.7558],[112.0880,-7.7560],[112.0889,-7.7573],[112.0904,-7.7578],[112.0907,-7.7588],[112.0903,-7.7591],[112.0899,-7.7591],[112.0896,-7.7586],[112.0879,-7.7595],[112.0866,-7.7591],[112.0852,-7.7586],[112.0828,-7.7577],[112.0810,-7.7586],[112.0801,-7.7586],[112.0798,-7.7576],[112.0798,-7.7566],[112.0786,-7.7574],[112.0779,-7.7575],[112.0784,-7.7582],[112.0791,-7.7594],[112.0764,-7.7595],[112.0758,-7.7606],[112.0750,-7.7602],[112.0728,-7.7598],[112.0719,-7.7590],[112.0709,-7.7586],[112.0695,-7.7590],[112.0690,-7.7589],[112.0683,-7.7586],[112.0674,-7.7580],[112.0678,-7.7576],[112.0673,-7.7572],[112.0675,-7.7561],[112.0681,-7.7536],[112.0685,-7.7518],[112.0693,-7.7514],[112.0695,-7.7507],[112.0712,-7.7504],[112.0716,-7.7487],[112.0730,-7.7490],[112.0739,-7.7492],[112.0767,-7.7500],[112.0778,-7.7508],[112.0801,-7.7521],[112.0812,-7.7532],[112.0830,-7.7539],[112.0830,-7.7553],[112.0843,-7.7562],[112.0849,-7.7572],[112.0854,-7.7555],[112.08550510000009,-7.754923899999937]]],[[[112.09025560000009,-7.787703499999964],[112.0899,-7.7886],[112.0903,-7.7894],[112.0912,-7.7903],[112.0909,-7.7908],[112.0906,-7.7917],[112.0907,-7.7929],[112.0909,-7.7956],[112.0905,-7.7962],[112.0894,-7.7976],[112.0893,-7.7984],[112.0878,-7.7978],[112.0866,-7.7974],[112.0855,-7.7981],[112.0834,-7.7969],[112.0814,-7.7972],[112.0796,-7.7955],[112.0797,-7.7950],[112.0783,-7.7938],[112.0755,-7.7925],[112.0763,-7.7902],[112.0767,-7.7882],[112.0776,-7.7859],[112.0808,-7.7863],[112.0810,-7.7858],[112.0805,-7.7839],[112.0814,-7.7838],[112.0819,-7.7822],[112.0818,-7.7817],[112.0822,-7.7815],[112.0829,-7.7818],[112.0836,-7.7826],[112.0840,-7.7836],[112.0859,-7.7842],[112.0865,-7.7841],[112.0871,-7.7841],[112.0874,-7.7846],[112.0883,-7.7859],[112.0881,-7.7869],[112.0897,-7.7875],[112.09025560000009,-7.787703499999964]]],[[[112.07456530000002,-7.769219599999929],[112.0752,-7.7695],[112.0753,-7.7700],[112.0757,-7.7700],[112.0765,-7.7702],[112.0778,-7.7712],[112.0809,-7.7726],[112.0827,-7.7734],[112.0828,-7.7742],[112.0860,-7.7762],[112.0865,-7.7775],[112.0859,-7.7791],[112.0861,-7.7792],[112.0881,-7.7797],[112.0893,-7.7802],[112.0905,-7.7809],[112.0922,-7.7826],[112.0914,-7.7848],[112.0903,-7.7877],[112.0897,-7.7875],[112.0880,-7.7869],[112.0881,-7.7855],[112.0874,-7.7846],[112.0869,-7.7840],[112.0864,-7.7843],[112.0854,-7.7841],[112.0836,-7.7835],[112.0835,-7.7824],[112.0824,-7.7816],[112.0822,-7.7815],[112.0818,-7.7817],[112.0819,-7.7823],[112.0813,-7.7840],[112.0805,-7.7839],[112.0811,-7.7858],[112.0805,-7.7862],[112.0776,-7.7859],[112.0771,-7.7858],[112.0749,-7.7849],[112.0739,-7.7847],[112.0728,-7.7842],[112.0732,-7.7825],[112.0736,-7.7813],[112.0741,-7.7807],[112.0743,-7.7802],[112.0748,-7.7777],[112.0735,-7.7771],[112.0738,-7.7748],[112.0733,-7.7742],[112.0726,-7.7731],[112.0720,-7.7725],[112.0723,-7.7714],[112.0718,-7.7704],[112.0717,-7.7696],[112.0722,-7.7693],[112.0727,-7.7685],[112.0745,-7.7692],[112.07456530000002,-7.769219599999929]]],[[[112.0905163000001,-7.759368599999959],[112.0904,-7.7607],[112.0905,-7.7610],[112.0910,-7.7616],[112.0928,-7.7604],[112.0945,-7.7611],[112.0951,-7.7627],[112.0953,-7.7632],[112.0967,-7.7624],[112.0975,-7.7630],[112.1008,-7.7631],[112.0988,-7.7616],[112.0992,-7.7605],[112.0993,-7.7596],[112.1021,-7.7595],[112.1026,-7.7582],[112.1032,-7.7582],[112.1037,-7.7578],[112.1041,-7.7590],[112.1045,-7.7601],[112.1046,-7.7613],[112.1043,-7.7621],[112.1039,-7.7628],[112.1037,-7.7636],[112.1036,-7.7641],[112.1032,-7.7651],[112.1025,-7.7650],[112.1019,-7.7663],[112.1006,-7.7668],[112.0987,-7.7675],[112.0962,-7.7668],[112.0951,-7.7700],[112.0939,-7.7701],[112.0923,-7.7697],[112.0900,-7.7681],[112.0890,-7.7672],[112.0877,-7.7662],[112.0864,-7.7657],[112.0857,-7.7670],[112.0850,-7.7686],[112.0841,-7.7707],[112.0833,-7.7726],[112.0816,-7.7728],[112.0780,-7.7713],[112.0762,-7.7708],[112.0758,-7.7699],[112.0755,-7.7701],[112.0751,-7.7697],[112.0747,-7.7693],[112.0757,-7.7674],[112.0767,-7.7652],[112.0774,-7.7638],[112.0753,-7.7613],[112.0757,-7.7608],[112.0757,-7.7599],[112.0771,-7.7588],[112.0789,-7.7588],[112.0780,-7.7578],[112.0783,-7.7573],[112.0790,-7.7563],[112.0795,-7.7573],[112.0800,-7.7585],[112.0806,-7.7591],[112.0824,-7.7591],[112.0849,-7.7585],[112.0855,-7.7585],[112.0868,-7.7589],[112.0888,-7.7586],[112.0897,-7.7588],[112.0901,-7.7591],[112.0905163000001,-7.759368599999959]]],[[[112.10525210000003,-7.761620299999947],[112.1057,-7.7622],[112.1063,-7.7626],[112.1073,-7.7633],[112.1088,-7.7638],[112.1095,-7.7636],[112.1108,-7.7637],[112.1111,-7.7633],[112.1132,-7.7643],[112.1131,-7.7647],[112.1141,-7.7650],[112.1151,-7.7647],[112.1170,-7.7652],[112.1176,-7.7658],[112.1176,-7.7668],[112.1171,-7.7692],[112.1151,-7.7701],[112.1127,-7.7697],[112.1084,-7.7690],[112.1080,-7.7688],[112.1080,-7.7693],[112.1081,-7.7707],[112.1087,-7.7712],[112.1085,-7.7726],[112.1080,-7.7735],[112.1078,-7.7747],[112.1072,-7.7761],[112.1071,-7.7768],[112.1071,-7.7772],[112.1067,-7.7780],[112.1067,-7.7783],[112.1067,-7.7786],[112.1051,-7.7780],[112.1047,-7.7781],[112.1045,-7.7781],[112.1036,-7.7778],[112.1022,-7.7774],[112.1011,-7.7771],[112.0997,-7.7769],[112.0991,-7.7769],[112.0984,-7.7765],[112.0973,-7.7770],[112.0956,-7.7799],[112.0944,-7.7815],[112.0934,-7.7809],[112.0927,-7.7818],[112.0893,-7.7804],[112.0891,-7.7801],[112.0878,-7.7797],[112.0861,-7.7792],[112.0864,-7.7776],[112.0863,-7.7774],[112.0874,-7.7769],[112.0880,-7.7755],[112.0886,-7.7748],[112.0893,-7.7736],[112.0901,-7.7720],[112.0908,-7.7706],[112.0918,-7.7706],[112.0938,-7.7705],[112.0942,-7.7695],[112.0961,-7.7667],[112.0985,-7.7678],[112.1004,-7.7667],[112.1017,-7.7668],[112.1024,-7.7650],[112.1031,-7.7655],[112.1036,-7.7643],[112.1036,-7.7637],[112.1038,-7.7630],[112.1043,-7.7621],[112.1046,-7.7613],[112.10525210000003,-7.761620299999947]]],[[[112.0622135000001,-7.757635799999946],[112.0653,-7.7596],[112.0652,-7.7617],[112.0682,-7.7628],[112.0693,-7.7631],[112.0695,-7.7639],[112.0699,-7.7642],[112.0709,-7.7649],[112.0715,-7.7652],[112.0717,-7.7667],[112.0711,-7.7691],[112.0717,-7.7696],[112.0718,-7.7704],[112.0723,-7.7714],[112.0720,-7.7725],[112.0726,-7.7731],[112.0714,-7.7726],[112.0702,-7.7719],[112.0686,-7.7710],[112.0673,-7.7729],[112.0666,-7.7740],[112.0664,-7.7745],[112.0666,-7.7750],[112.0659,-7.7760],[112.0660,-7.7769],[112.0656,-7.7786],[112.0644,-7.7791],[112.0597,-7.7774],[112.0591,-7.7770],[112.0583,-7.7761],[112.0581,-7.7760],[112.0575,-7.7744],[112.0575,-7.7736],[112.0578,-7.7726],[112.0568,-7.7718],[112.0569,-7.7709],[112.0570,-7.7696],[112.0566,-7.7683],[112.0564,-7.7664],[112.0563,-7.7655],[112.0561,-7.7647],[112.0573,-7.7620],[112.0575,-7.7619],[112.0582,-7.7612],[112.0590,-7.7611],[112.0606,-7.7614],[112.0612,-7.7607],[112.0615,-7.7597],[112.0621,-7.7588],[112.0625,-7.7581],[112.0622,-7.7576],[112.0622135000001,-7.757635799999946]]],[[[112.09225970000011,-7.769688],[112.0908,-7.7705],[112.0904,-7.7720],[112.0898,-7.7727],[112.0889,-7.7741],[112.0880,-7.7755],[112.0876,-7.7764],[112.0866,-7.7766],[112.0837,-7.7746],[112.0827,-7.7742],[112.0833,-7.7726],[112.0841,-7.7709],[112.0846,-7.7696],[112.0857,-7.7671],[112.0864,-7.7657],[112.0875,-7.7660],[112.0890,-7.7672],[112.0899,-7.7680],[112.0916,-7.7691],[112.09225970000011,-7.769688]]],[[[112.073522,-7.781738599999926],[112.0726,-7.7840],[112.0737,-7.7846],[112.0741,-7.7846],[112.0750,-7.7850],[112.0772,-7.7858],[112.0769,-7.7878],[112.0764,-7.7897],[112.0755,-7.7906],[112.0740,-7.7901],[112.0733,-7.7910],[112.0720,-7.7909],[112.0709,-7.7919],[112.0667,-7.7911],[112.0647,-7.7900],[112.0637,-7.7894],[112.0618,-7.7887],[112.0598,-7.7881],[112.0602,-7.7870],[112.0605,-7.7854],[112.0594,-7.7847],[112.0587,-7.7838],[112.0589,-7.7819],[112.0586,-7.7806],[112.0594,-7.7800],[112.0600,-7.7790],[112.0598,-7.7784],[112.0594,-7.7778],[112.0599,-7.7775],[112.0647,-7.7792],[112.0656,-7.7786],[112.0659,-7.7767],[112.0661,-7.7759],[112.0666,-7.7748],[112.0672,-7.7756],[112.0679,-7.7760],[112.0683,-7.7763],[112.0691,-7.7768],[112.0695,-7.7767],[112.0697,-7.7768],[112.0695,-7.7777],[112.0694,-7.7787],[112.0709,-7.7802],[112.0732,-7.7816],[112.073522,-7.781738599999926]]],[[[112.10659870000006,-7.778808],[112.1065,-7.7806],[112.1062,-7.7834],[112.1069,-7.7845],[112.1082,-7.7856],[112.1087,-7.7865],[112.1083,-7.7881],[112.1079,-7.7893],[112.1076,-7.7898],[112.1071,-7.7907],[112.1072,-7.7916],[112.1058,-7.7911],[112.1027,-7.7895],[112.1016,-7.7910],[112.1005,-7.7923],[112.0983,-7.7940],[112.0974,-7.7936],[112.0970,-7.7934],[112.0963,-7.7931],[112.0952,-7.7928],[112.0928,-7.7918],[112.0916,-7.7911],[112.0913,-7.7905],[112.0909,-7.7897],[112.0899,-7.7889],[112.0902,-7.7878],[112.0907,-7.7866],[112.0918,-7.7837],[112.0925,-7.7817],[112.0934,-7.7808],[112.0940,-7.7813],[112.0955,-7.7800],[112.0972,-7.7773],[112.0984,-7.7767],[112.0990,-7.7768],[112.0995,-7.7770],[112.1008,-7.7770],[112.1020,-7.7773],[112.1031,-7.7776],[112.1044,-7.7780],[112.1046,-7.7781],[112.1048,-7.7780],[112.10659870000006,-7.778808]]],[[[112.0725529,-7.77306909999993],[112.0733,-7.7742],[112.0738,-7.7748],[112.0735,-7.7771],[112.0748,-7.7777],[112.0743,-7.7802],[112.0741,-7.7807],[112.0736,-7.7813],[112.0716,-7.7810],[112.0711,-7.7798],[112.0694,-7.7787],[112.0695,-7.7776],[112.0697,-7.7767],[112.0694,-7.7769],[112.0688,-7.7766],[112.0681,-7.7761],[112.0677,-7.7760],[112.0671,-7.7755],[112.0666,-7.7750],[112.0664,-7.7745],[112.0666,-7.7740],[112.0673,-7.7729],[112.0686,-7.7710],[112.0702,-7.7719],[112.0714,-7.7726],[112.0725529,-7.77306909999993]]],[[[112.08928320000007,-7.798418199999958],[112.0896,-7.7989],[112.0899,-7.7998],[112.0898,-7.8007],[112.0901,-7.8011],[112.0897,-7.8032],[112.0895,-7.8042],[112.0886,-7.8059],[112.0873,-7.8057],[112.0861,-7.8049],[112.0848,-7.8049],[112.0831,-7.8043],[112.0824,-7.8059],[112.0803,-7.8100],[112.0795,-7.8114],[112.0791,-7.8117],[112.0780,-7.8117],[112.0741,-7.8102],[112.0734,-7.8095],[112.0728,-7.8090],[112.0710,-7.8076],[112.0703,-7.8065],[112.0698,-7.8063],[112.0695,-7.8050],[112.0695,-7.8033],[112.0712,-7.8039],[112.0716,-7.8028],[112.0709,-7.8020],[112.0711,-7.8017],[112.0739,-7.8029],[112.0744,-7.8028],[112.0763,-7.8034],[112.0769,-7.8020],[112.0786,-7.8026],[112.0803,-7.8025],[112.0801,-7.8023],[112.0788,-7.7997],[112.0791,-7.7977],[112.0794,-7.7963],[112.0807,-7.7961],[112.0830,-7.7977],[112.0849,-7.7972],[112.0856,-7.7982],[112.0877,-7.7977],[112.0889,-7.7981],[112.08928320000007,-7.798418199999958]]]],"type":"MultiPolygon"}},{"properties":{"district":"Kayen Kidul","district_code":"id3506191","regency":"Kediri"},"type":"Feature","geometry":{"coordinates":[[[[112.05938520000007,-7.731837199999973],[112.0600,-7.7322],[112.0649,-7.7343],[112.0670,-7.7351],[112.0676,-7.7363],[112.0684,-7.7383],[112.0685,-7.7416],[112.0680,-7.7435],[112.0677,-7.7453],[112.0666,-7.7474],[112.0676,-7.7497],[112.0676,-7.7515],[112.0676,-7.7528],[112.0646,-7.7539],[112.0630,-7.7535],[112.0623,-7.7539],[112.0617,-7.7517],[112.0612,-7.7504],[112.0601,-7.7492],[112.0590,-7.7490],[112.0573,-7.7487],[112.0568,-7.7494],[112.0559,-7.7487],[112.0558,-7.7477],[112.0559,-7.7455],[112.0560,-7.7443],[112.0540,-7.7431],[112.0537,-7.7419],[112.0522,-7.7415],[112.0515,-7.7417],[112.0511,-7.7419],[112.0507,-7.7419],[112.0504,-7.7415],[112.0505,-7.7411],[112.0502,-7.7412],[112.0501,-7.7409],[112.0499,-7.7406],[112.0498,-7.7403],[112.0499,-7.7399],[112.0497,-7.7399],[112.0493,-7.7398],[112.0487,-7.7399],[112.0483,-7.7396],[112.0479,-7.7396],[112.0479,-7.7392],[112.0480,-7.7389],[112.0480,-7.7387],[112.0476,-7.7386],[112.0469,-7.7384],[112.0466,-7.7381],[112.0461,-7.7371],[112.0468,-7.7364],[112.0473,-7.7359],[112.0473,-7.7354],[112.0481,-7.7342],[112.0491,-7.7329],[112.0497,-7.7322],[112.0506,-7.7316],[112.0510,-7.7304],[112.0513,-7.7291],[112.0513,-7.7283],[112.0515,-7.7277],[112.0522,-7.7270],[112.0535,-7.7285],[112.0539,-7.7281],[112.0546,-7.7286],[112.0554,-7.7292],[112.0561,-7.7297],[112.0576,-7.7304],[112.0591,-7.7317],[112.05938520000007,-7.731837199999973]]],[[[112.06351550000011,-7.753657299999929],[112.0633,-7.7561],[112.0623,-7.7572],[112.0622,-7.7576],[112.0623,-7.7578],[112.0623,-7.7586],[112.0617,-7.7591],[112.0613,-7.7601],[112.0615,-7.7615],[112.0591,-7.7610],[112.0588,-7.7612],[112.0577,-7.7613],[112.0572,-7.7619],[112.0567,-7.7617],[112.0560,-7.7609],[112.0542,-7.7598],[112.0547,-7.7584],[112.0558,-7.7557],[112.0544,-7.7548],[112.0542,-7.7529],[112.0554,-7.7523],[112.0559,-7.7516],[112.0563,-7.7500],[112.0535,-7.7498],[112.0514,-7.7486],[112.0514,-7.7479],[112.0486,-7.7466],[112.0471,-7.7462],[112.0463,-7.7460],[112.0450,-7.7455],[112.0443,-7.7457],[112.0438,-7.7465],[112.0438,-7.7474],[112.0436,-7.7485],[112.0433,-7.7497],[112.0416,-7.7493],[112.0397,-7.7479],[112.0394,-7.7465],[112.0384,-7.7460],[112.0373,-7.7452],[112.0385,-7.7438],[112.0404,-7.7422],[112.0415,-7.7412],[112.0432,-7.7397],[112.0444,-7.7385],[112.0466,-7.7380],[112.0466,-7.7384],[112.0474,-7.7387],[112.0478,-7.7386],[112.0480,-7.7389],[112.0480,-7.7391],[112.0478,-7.7396],[112.0482,-7.7396],[112.0485,-7.7399],[112.0492,-7.7397],[112.0496,-7.7399],[112.0499,-7.7399],[112.0498,-7.7402],[112.0499,-7.7406],[112.0501,-7.7408],[112.0502,-7.7412],[112.0504,-7.7410],[112.0505,-7.7413],[112.0504,-7.7416],[112.0511,-7.7420],[112.0514,-7.7419],[112.0520,-7.7416],[112.0535,-7.7418],[112.0542,-7.7424],[112.0547,-7.7439],[112.0558,-7.7455],[112.0558,-7.7467],[112.0559,-7.7486],[112.0568,-7.7493],[112.0572,-7.7489],[112.0589,-7.7491],[112.0598,-7.7490],[112.0613,-7.7498],[112.0618,-7.7508],[112.0625,-7.7532],[112.0628,-7.7541],[112.06351550000011,-7.753657299999929]]],[[[112.13491670000008,-7.731812399999967],[112.1393,-7.7334],[112.1432,-7.7346],[112.1449,-7.7347],[112.1477,-7.7355],[112.1477,-7.7364],[112.1476,-7.7371],[112.1480,-7.7392],[112.1488,-7.7409],[112.1488,-7.7425],[112.1479,-7.7452],[112.1484,-7.7488],[112.1481,-7.7495],[112.1488,-7.7506],[112.1491,-7.7522],[112.1495,-7.7539],[112.1490,-7.7562],[112.1480,-7.7573],[112.1445,-7.7563],[112.1427,-7.7546],[112.1415,-7.7572],[112.1404,-7.7598],[112.1385,-7.7593],[112.1379,-7.7609],[112.1376,-7.7616],[112.1353,-7.7607],[112.1359,-7.7595],[112.1357,-7.7593],[112.1338,-7.7566],[112.1339,-7.7555],[112.1344,-7.7541],[112.1344,-7.7520],[112.1348,-7.7501],[112.1349,-7.7486],[112.1359,-7.7453],[112.1358,-7.7449],[112.1351,-7.7436],[112.1355,-7.7422],[112.1362,-7.7403],[112.1359,-7.7399],[112.1351,-7.7394],[112.1345,-7.7385],[112.1336,-7.7380],[112.1330,-7.7369],[112.1332,-7.7357],[112.1335,-7.7346],[112.1342,-7.7322],[112.1344,-7.7317],[112.13491670000008,-7.731812399999967]]],[[[112.09570970000004,-7.732778099999962],[112.0968,-7.7330],[112.0991,-7.7334],[112.0986,-7.7371],[112.0968,-7.7431],[112.0957,-7.7458],[112.0942,-7.7461],[112.0940,-7.7469],[112.0910,-7.7459],[112.0888,-7.7455],[112.0861,-7.7445],[112.0852,-7.7442],[112.0856,-7.7403],[112.0856,-7.7380],[112.0836,-7.7375],[112.0844,-7.7366],[112.0851,-7.7345],[112.0859,-7.7319],[112.0879,-7.7312],[112.0902,-7.7318],[112.0913,-7.7328],[112.0943,-7.7335],[112.09570970000004,-7.732778099999962]]],[[[112.10602760000006,-7.737018499999976],[112.1086,-7.7398],[112.1112,-7.7431],[112.1124,-7.7437],[112.1140,-7.7450],[112.1133,-7.7466],[112.1130,-7.7488],[112.1137,-7.7501],[112.1144,-7.7513],[112.1150,-7.7555],[112.1151,-7.7570],[112.1139,-7.7592],[112.1145,-7.7616],[112.1149,-7.7633],[112.1165,-7.7643],[112.1173,-7.7653],[112.1156,-7.7649],[112.1145,-7.7649],[112.1132,-7.7648],[112.1131,-7.7644],[112.1120,-7.7636],[112.1110,-7.7634],[112.1098,-7.7637],[112.1091,-7.7638],[112.1081,-7.7636],[112.1068,-7.7630],[112.1061,-7.7626],[112.1057,-7.7621],[112.1045,-7.7601],[112.1041,-7.7590],[112.1037,-7.7578],[112.1031,-7.7571],[112.1025,-7.7552],[112.1016,-7.7535],[112.0986,-7.7518],[112.0960,-7.7508],[112.0952,-7.7493],[112.0961,-7.7484],[112.0980,-7.7475],[112.0984,-7.7472],[112.0962,-7.7450],[112.0979,-7.7395],[112.1057,-7.7378],[112.10602760000006,-7.737018499999976]]],[[[112.11743960000001,-7.722428099999945],[112.1204,-7.7241],[112.1208,-7.7248],[112.1209,-7.7257],[112.1201,-7.7261],[112.1205,-7.7277],[112.1219,-7.7283],[112.1198,-7.7286],[112.1191,-7.7285],[112.1151,-7.7271],[112.1111,-7.7280],[112.1090,-7.7291],[112.1095,-7.7318],[112.1068,-7.7351],[112.1064,-7.7362],[112.1013,-7.7380],[112.0995,-7.7335],[112.0974,-7.7331],[112.0960,-7.7328],[112.0960,-7.7317],[112.0979,-7.7319],[112.0999,-7.7320],[112.1015,-7.7314],[112.1019,-7.7322],[112.1029,-7.7324],[112.1043,-7.7330],[112.1049,-7.7310],[112.1037,-7.7295],[112.1012,-7.7288],[112.1015,-7.7269],[112.1015,-7.7260],[112.1014,-7.7252],[112.1014,-7.7240],[112.1011,-7.7235],[112.1014,-7.7227],[112.1012,-7.7220],[112.1002,-7.7213],[112.0994,-7.7207],[112.0984,-7.7200],[112.0975,-7.7190],[112.0969,-7.7178],[112.0968,-7.7171],[112.0962,-7.7162],[112.0970,-7.7150],[112.0984,-7.7154],[112.1026,-7.7151],[112.1041,-7.7176],[112.1032,-7.7195],[112.1063,-7.7198],[112.1078,-7.7229],[112.1095,-7.7235],[112.1132,-7.7218],[112.1159,-7.7219],[112.11743960000001,-7.722428099999945]]],[[[112.13148350000006,-7.724070299999937],[112.1320,-7.7250],[112.1362,-7.7261],[112.1368,-7.7284],[112.1365,-7.7297],[112.1344,-7.7297],[112.1349,-7.7318],[112.1343,-7.7320],[112.1304,-7.7316],[112.1289,-7.7311],[112.1281,-7.7320],[112.1269,-7.7327],[112.1277,-7.7333],[112.1282,-7.7359],[112.1302,-7.7371],[112.1299,-7.7384],[112.1300,-7.7395],[112.1289,-7.7402],[112.1270,-7.7433],[112.1260,-7.7453],[112.1251,-7.7446],[112.1245,-7.7442],[112.1224,-7.7434],[112.1216,-7.7441],[112.1192,-7.7432],[112.1181,-7.7447],[112.1171,-7.7444],[112.1159,-7.7453],[112.1157,-7.7452],[112.1148,-7.7466],[112.1146,-7.7471],[112.1135,-7.7478],[112.1133,-7.7465],[112.1139,-7.7446],[112.1122,-7.7436],[112.1081,-7.7415],[112.1086,-7.7395],[112.1065,-7.7353],[112.1082,-7.7356],[112.1081,-7.7311],[112.1093,-7.7284],[112.1114,-7.7272],[112.1159,-7.7274],[112.1192,-7.7285],[112.1199,-7.7287],[112.1220,-7.7282],[112.1196,-7.7273],[112.1211,-7.7263],[112.1210,-7.7257],[112.1217,-7.7242],[112.1239,-7.7228],[112.1250,-7.7232],[112.1257,-7.7235],[112.1253,-7.7257],[112.1282,-7.7238],[112.1303,-7.7238],[112.13148350000006,-7.724070299999937]]],[[[112.09619910000004,-7.744960699999979],[112.0984,-7.7472],[112.0980,-7.7475],[112.0961,-7.7484],[112.0952,-7.7493],[112.0960,-7.7508],[112.0986,-7.7518],[112.1016,-7.7535],[112.1025,-7.7552],[112.1031,-7.7571],[112.1037,-7.7578],[112.1032,-7.7582],[112.1026,-7.7582],[112.1021,-7.7595],[112.0993,-7.7596],[112.0992,-7.7605],[112.0988,-7.7616],[112.1008,-7.7631],[112.0975,-7.7630],[112.0967,-7.7624],[112.0953,-7.7632],[112.0951,-7.7627],[112.0945,-7.7611],[112.0928,-7.7604],[112.0910,-7.7616],[112.0905,-7.7610],[112.0904,-7.7607],[112.0905,-7.7594],[112.0909,-7.7580],[112.0901,-7.7577],[112.0880,-7.7560],[112.0879,-7.7559],[112.0857,-7.7550],[112.0860,-7.7533],[112.0859,-7.7507],[112.0858,-7.7489],[112.0857,-7.7474],[112.0850,-7.7472],[112.0849,-7.7459],[112.0853,-7.7448],[112.0861,-7.7445],[112.0888,-7.7455],[112.0910,-7.7459],[112.0940,-7.7469],[112.0942,-7.7461],[112.0957,-7.7458],[112.09619910000004,-7.744960699999979]]],[[[112.1342767000001,-7.731993299999942],[112.1339,-7.7330],[112.1336,-7.7345],[112.1329,-7.7364],[112.1334,-7.7371],[112.1336,-7.7381],[112.1350,-7.7388],[112.1351,-7.7399],[112.1361,-7.7399],[112.1357,-7.7417],[112.1355,-7.7424],[112.1351,-7.7436],[112.1360,-7.7450],[112.1350,-7.7469],[112.1349,-7.7486],[112.1346,-7.7514],[112.1342,-7.7531],[112.1343,-7.7543],[112.1342,-7.7558],[112.1335,-7.7558],[112.1319,-7.7559],[112.1303,-7.7577],[112.1278,-7.7570],[112.1254,-7.7557],[112.1257,-7.7538],[112.1259,-7.7527],[112.1256,-7.7525],[112.1252,-7.7526],[112.1250,-7.7520],[112.1261,-7.7514],[112.1268,-7.7493],[112.1273,-7.7481],[112.1259,-7.7476],[112.1254,-7.7465],[112.1250,-7.7448],[112.1261,-7.7450],[112.1271,-7.7431],[112.1294,-7.7403],[112.1303,-7.7387],[112.1298,-7.7383],[112.1290,-7.7364],[112.1278,-7.7350],[112.1270,-7.7329],[112.1273,-7.7321],[112.1282,-7.7317],[112.1294,-7.7313],[112.1303,-7.7321],[112.1342767000001,-7.731993299999942]]],[[[112.0964636000001,-7.73151919999998],[112.0964,-7.7303],[112.0959,-7.7284],[112.0929,-7.7275],[112.0946,-7.7244],[112.0957,-7.7232],[112.0971,-7.7218],[112.0974,-7.7220],[112.0987,-7.7222],[112.1001,-7.7216],[112.0997,-7.7213],[112.1007,-7.7215],[112.1016,-7.7221],[112.1013,-7.7230],[112.1011,-7.7237],[112.1015,-7.7240],[112.1014,-7.7254],[112.1015,-7.7260],[112.1012,-7.7279],[112.1014,-7.7288],[112.1049,-7.7299],[112.1048,-7.7311],[112.1043,-7.7330],[112.1026,-7.7324],[112.1017,-7.7323],[112.1004,-7.7311],[112.0994,-7.7319],[112.0964636000001,-7.73151919999998]]],[[[112.06945710000002,-7.729984],[112.0712,-7.7304],[112.0745,-7.7315],[112.0760,-7.7319],[112.0751,-7.7355],[112.0773,-7.7361],[112.0784,-7.7368],[112.0787,-7.7373],[112.0788,-7.7377],[112.0789,-7.7381],[112.0787,-7.7389],[112.0785,-7.7398],[112.0783,-7.7402],[112.0778,-7.7411],[112.0800,-7.7419],[112.0814,-7.7427],[112.0827,-7.7432],[112.0850,-7.7441],[112.0853,-7.7448],[112.0849,-7.7459],[112.0850,-7.7472],[112.0857,-7.7474],[112.0858,-7.7489],[112.0859,-7.7507],[112.0860,-7.7533],[112.0854,-7.7555],[112.0849,-7.7572],[112.0843,-7.7562],[112.0830,-7.7553],[112.0830,-7.7539],[112.0812,-7.7532],[112.0801,-7.7521],[112.0778,-7.7508],[112.0767,-7.7500],[112.0739,-7.7492],[112.0730,-7.7490],[112.0716,-7.7487],[112.0712,-7.7504],[112.0695,-7.7507],[112.0693,-7.7514],[112.0685,-7.7518],[112.0677,-7.7529],[112.0677,-7.7517],[112.0676,-7.7498],[112.0666,-7.7477],[112.0672,-7.7461],[112.0678,-7.7441],[112.0683,-7.7421],[112.0687,-7.7389],[112.0678,-7.7368],[112.0671,-7.7353],[112.0676,-7.7346],[112.0685,-7.7347],[112.0684,-7.7334],[112.0689,-7.7320],[112.06945710000002,-7.729984]]],[[[112.125033,-7.744825],[112.1254,-7.7465],[112.1259,-7.7476],[112.1273,-7.7481],[112.1268,-7.7493],[112.1261,-7.7514],[112.1250,-7.7520],[112.1252,-7.7526],[112.1256,-7.7525],[112.1259,-7.7527],[112.1257,-7.7538],[112.1254,-7.7557],[112.1278,-7.7570],[112.1303,-7.7577],[112.1319,-7.7559],[112.1335,-7.7558],[112.1341,-7.7559],[112.1342,-7.7587],[112.1360,-7.7594],[112.1354,-7.7607],[112.1340,-7.7631],[112.1310,-7.7653],[112.1306,-7.7662],[112.1294,-7.7687],[112.1278,-7.7690],[112.1270,-7.7687],[112.1261,-7.7686],[112.1258,-7.7684],[112.1249,-7.7681],[112.1241,-7.7675],[112.1213,-7.7662],[112.1186,-7.7661],[112.1176,-7.7658],[112.1173,-7.7653],[112.1165,-7.7643],[112.1149,-7.7633],[112.1145,-7.7616],[112.1139,-7.7592],[112.1151,-7.7570],[112.1150,-7.7555],[112.1144,-7.7513],[112.1137,-7.7501],[112.1130,-7.7488],[112.1146,-7.7471],[112.1148,-7.7466],[112.1157,-7.7452],[112.1159,-7.7453],[112.1171,-7.7444],[112.1181,-7.7447],[112.1192,-7.7432],[112.1216,-7.7441],[112.1224,-7.7434],[112.1245,-7.7442],[112.1251,-7.7446],[112.125033,-7.744825]]]],"type":"MultiPolygon"}},{"properties":{"district":"Gampengrejo","district_code":"id3506200","regency":"Kediri"},"type":"Feature","geometry":{"coordinates":[[[[112.03251130000001,-7.760274599999946],[112.0327,-7.7610],[112.0330,-7.7617],[112.0329,-7.7624],[112.0333,-7.7626],[112.0341,-7.7623],[112.0350,-7.7626],[112.0353,-7.7638],[112.0330,-7.7653],[112.0316,-7.7655],[112.0318,-7.7673],[112.0307,-7.7686],[112.0300,-7.7702],[112.0295,-7.7710],[112.0289,-7.7714],[112.0284,-7.7716],[112.0277,-7.7722],[112.0282,-7.7726],[112.0283,-7.7729],[112.0284,-7.7739],[112.0294,-7.7747],[112.0309,-7.7751],[112.0308,-7.7773],[112.0292,-7.7782],[112.0273,-7.7786],[112.0258,-7.7786],[112.0251,-7.7784],[112.0245,-7.7788],[112.0243,-7.7794],[112.0247,-7.7804],[112.0236,-7.7801],[112.0227,-7.7793],[112.0215,-7.7778],[112.0225,-7.7770],[112.0225,-7.7765],[112.0206,-7.7756],[112.0219,-7.7735],[112.0232,-7.7709],[112.0239,-7.7681],[112.0237,-7.7655],[112.0230,-7.7632],[112.0240,-7.7621],[112.0256,-7.7619],[112.0282,-7.7636],[112.0300,-7.7602],[112.0305,-7.7604],[112.0316,-7.7604],[112.03251130000001,-7.760274599999946]]],[[[112.03326090000007,-7.774353499999961],[112.0303,-7.7735],[112.0302,-7.7718],[112.0314,-7.7720],[112.0333,-7.7723],[112.03326090000007,-7.774353499999961]]],[[[112.01779490000001,-7.78636819999997],[112.0192,-7.7870],[112.0198,-7.7886],[112.0171,-7.7894],[112.0161,-7.7898],[112.0173,-7.7930],[112.0160,-7.7921],[112.0135,-7.7906],[112.0106,-7.7902],[112.0093,-7.7901],[112.0088,-7.7858],[112.0076,-7.7819],[112.0096,-7.7813],[112.0105,-7.7822],[112.0116,-7.7828],[112.0127,-7.7831],[112.0123,-7.7842],[112.0162,-7.7869],[112.01779490000001,-7.78636819999997]]],[[[112.05478970000001,-7.758098],[112.0520,-7.7563],[112.0519,-7.7553],[112.0512,-7.7548],[112.0505,-7.7542],[112.0503,-7.7504],[112.0486,-7.7503],[112.0463,-7.7506],[112.0452,-7.7545],[112.0435,-7.7541],[112.0424,-7.7516],[112.0414,-7.7508],[112.0412,-7.7499],[112.0433,-7.7497],[112.0436,-7.7485],[112.0438,-7.7474],[112.0438,-7.7465],[112.0443,-7.7457],[112.0450,-7.7455],[112.0463,-7.7460],[112.0471,-7.7462],[112.0486,-7.7466],[112.0514,-7.7479],[112.0514,-7.7486],[112.0535,-7.7498],[112.0563,-7.7500],[112.0559,-7.7516],[112.0554,-7.7523],[112.0542,-7.7529],[112.0544,-7.7548],[112.0558,-7.7557],[112.05478970000001,-7.758098]]],[[[112.05449290000001,-7.759055099999955],[112.0557,-7.7607],[112.0565,-7.7613],[112.0571,-7.7619],[112.0562,-7.7644],[112.0560,-7.7649],[112.0564,-7.7661],[112.0563,-7.7667],[112.0568,-7.7691],[112.0573,-7.7696],[112.0568,-7.7713],[112.0572,-7.7721],[112.0577,-7.7729],[112.0573,-7.7743],[112.0561,-7.7748],[112.0536,-7.7766],[112.0526,-7.7762],[112.0522,-7.7759],[112.0510,-7.7752],[112.0495,-7.7746],[112.0478,-7.7740],[112.0483,-7.7725],[112.0482,-7.7717],[112.0475,-7.7714],[112.0483,-7.7710],[112.0484,-7.7707],[112.0479,-7.7702],[112.0482,-7.7692],[112.0490,-7.7692],[112.0502,-7.7690],[112.0519,-7.7692],[112.0523,-7.7687],[112.0522,-7.7682],[112.0519,-7.7660],[112.0509,-7.7643],[112.0512,-7.7620],[112.0523,-7.7596],[112.0528,-7.7591],[112.05449290000001,-7.759055099999955]]],[[[112.0333108000001,-7.739389299999971],[112.0347,-7.7398],[112.0359,-7.7402],[112.0363,-7.7403],[112.0373,-7.7408],[112.0394,-7.7418],[112.0403,-7.7422],[112.0382,-7.7440],[112.0367,-7.7454],[112.0360,-7.7461],[112.0353,-7.7468],[112.0350,-7.7475],[112.0330,-7.7516],[112.0319,-7.7546],[112.0316,-7.7551],[112.0315,-7.7569],[112.0330,-7.7583],[112.0330,-7.7594],[112.0325,-7.7603],[112.0315,-7.7604],[112.0304,-7.7603],[112.0297,-7.7601],[112.0271,-7.7633],[112.0254,-7.7624],[112.0235,-7.7622],[112.0217,-7.7608],[112.0214,-7.7592],[112.0214,-7.7575],[112.0214,-7.7548],[112.0214,-7.7524],[112.0215,-7.7503],[112.0214,-7.7482],[112.0245,-7.7483],[112.0257,-7.7486],[112.0262,-7.7496],[112.0286,-7.7501],[112.0292,-7.7471],[112.0292,-7.7456],[112.0290,-7.7442],[112.0292,-7.7427],[112.0308,-7.7428],[112.0333108000001,-7.739389299999971]]],[[[112.05478970000001,-7.758098],[112.0537,-7.7587],[112.0524,-7.7596],[112.0519,-7.7605],[112.0516,-7.7622],[112.0506,-7.7652],[112.0521,-7.7661],[112.0523,-7.7683],[112.0521,-7.7691],[112.0511,-7.7691],[112.0495,-7.7692],[112.0484,-7.7691],[112.0477,-7.7689],[112.0469,-7.7678],[112.0459,-7.7664],[112.0454,-7.7661],[112.0452,-7.7646],[112.0429,-7.7634],[112.0424,-7.7625],[112.0417,-7.7619],[112.0420,-7.7613],[112.0423,-7.7604],[112.0421,-7.7601],[112.0414,-7.7597],[112.0412,-7.7588],[112.0394,-7.7578],[112.0391,-7.7576],[112.0399,-7.7552],[112.0400,-7.7549],[112.0403,-7.7539],[112.0405,-7.7532],[112.0418,-7.7535],[112.0438,-7.7542],[112.0458,-7.7524],[112.0468,-7.7508],[112.0498,-7.7504],[112.0511,-7.7505],[112.0506,-7.7542],[112.0513,-7.7549],[112.0521,-7.7556],[112.0518,-7.7567],[112.05478970000001,-7.758098]]],[[[112.02356530000009,-7.780080899999973],[112.0230,-7.7823],[112.0228,-7.7834],[112.0223,-7.7841],[112.0214,-7.7846],[112.0210,-7.7850],[112.0201,-7.7849],[112.0194,-7.7848],[112.0186,-7.7856],[112.0178,-7.7864],[112.0162,-7.7869],[112.0123,-7.7842],[112.0127,-7.7831],[112.0116,-7.7828],[112.0105,-7.7822],[112.0096,-7.7813],[112.0111,-7.7804],[112.0130,-7.7788],[112.0167,-7.7765],[112.0182,-7.7758],[112.0214,-7.7759],[112.0227,-7.7766],[112.0221,-7.7775],[112.0230,-7.7786],[112.0224,-7.7797],[112.02356530000009,-7.780080899999973]]],[[[112.0308457000001,-7.77728929999995],[112.0343,-7.7785],[112.0382,-7.7797],[112.0383,-7.7815],[112.0393,-7.7819],[112.0399,-7.7822],[112.0403,-7.7829],[112.0397,-7.7850],[112.0375,-7.7870],[112.0356,-7.7861],[112.0351,-7.7874],[112.0338,-7.7875],[112.0334,-7.7876],[112.0319,-7.7871],[112.0305,-7.7867],[112.0298,-7.7865],[112.0292,-7.7859],[112.0267,-7.7849],[112.0236,-7.7843],[112.0228,-7.7834],[112.0234,-7.7810],[112.0236,-7.7800],[112.0249,-7.7800],[112.0244,-7.7790],[112.0246,-7.7784],[112.0254,-7.7785],[112.0260,-7.7786],[112.0285,-7.7791],[112.0293,-7.7781],[112.0308457000001,-7.77728929999995]]],[[[112.0428597,-7.766508],[112.0415,-7.7723],[112.0409,-7.7750],[112.0398,-7.7774],[112.0398,-7.7779],[112.0384,-7.7800],[112.0348,-7.7786],[112.0314,-7.7774],[112.0310,-7.7756],[112.0297,-7.7748],[112.0286,-7.7741],[112.0282,-7.7730],[112.0282,-7.7726],[112.0276,-7.7724],[112.0282,-7.7717],[112.0286,-7.7715],[112.0291,-7.7710],[112.0300,-7.7702],[112.0306,-7.7690],[112.0314,-7.7678],[112.0315,-7.7662],[112.0322,-7.7650],[112.0346,-7.7657],[112.0351,-7.7630],[112.0370,-7.7633],[112.0388,-7.7638],[112.0412,-7.7638],[112.0418,-7.7647],[112.0428597,-7.766508]],[[112.03326090000007,-7.774353499999961],[112.0333,-7.7723],[112.0314,-7.7720],[112.0302,-7.7718],[112.0303,-7.7735],[112.03326090000007,-7.774353499999961]]],[[[112.04197090000002,-7.749482],[112.0415,-7.7506],[112.0418,-7.7512],[112.0411,-7.7529],[112.0404,-7.7538],[112.0401,-7.7547],[112.0400,-7.7552],[112.0396,-7.7557],[112.0392,-7.7577],[112.0406,-7.7582],[112.0411,-7.7594],[112.0419,-7.7600],[112.0422,-7.7604],[112.0421,-7.7608],[112.0418,-7.7616],[112.0420,-7.7623],[112.0426,-7.7627],[112.0448,-7.7642],[112.0452,-7.7660],[112.0457,-7.7663],[112.0446,-7.7673],[112.0422,-7.7661],[112.0416,-7.7644],[112.0409,-7.7637],[112.0383,-7.7636],[112.0369,-7.7632],[112.0344,-7.7623],[112.0337,-7.7628],[112.0330,-7.7626],[112.0328,-7.7623],[112.0327,-7.7614],[112.0327,-7.7607],[112.0330,-7.7602],[112.0329,-7.7593],[112.0319,-7.7580],[112.0315,-7.7569],[112.0317,-7.7550],[112.0317,-7.7545],[112.0338,-7.7497],[112.0350,-7.7474],[112.0355,-7.7466],[112.0362,-7.7458],[112.0370,-7.7451],[112.0377,-7.7455],[112.0389,-7.7462],[112.0402,-7.7468],[112.0399,-7.7488],[112.04197090000002,-7.749482]]],[[[112.0333108000001,-7.739389299999971],[112.0308,-7.7428],[112.0292,-7.7427],[112.0290,-7.7442],[112.0292,-7.7456],[112.0292,-7.7471],[112.0286,-7.7501],[112.0262,-7.7496],[112.0257,-7.7486],[112.0245,-7.7483],[112.0214,-7.7482],[112.0211,-7.7454],[112.0206,-7.7425],[112.0226,-7.7381],[112.0236,-7.7345],[112.0251,-7.7318],[112.0266,-7.7324],[112.0282,-7.7333],[112.0292,-7.7338],[112.0302,-7.7345],[112.0318,-7.7351],[112.0343,-7.7363],[112.0335,-7.7391],[112.0333108000001,-7.739389299999971]]]],"type":"MultiPolygon"}},{"properties":{"district":"Ngasem","district_code":"id3506201","regency":"Kediri"},"type":"Feature","geometry":{"coordinates":[[[[112.04891970000006,-7.815638],[112.0486,-7.8167],[112.0482,-7.8181],[112.0477,-7.8197],[112.0458,-7.8190],[112.0450,-7.8221],[112.0436,-7.8226],[112.0436,-7.8240],[112.0434,-7.8235],[112.0432,-7.8231],[112.0422,-7.8227],[112.0413,-7.8224],[112.0407,-7.8220],[112.0398,-7.8215],[112.0390,-7.8208],[112.0380,-7.8202],[112.0363,-7.8200],[112.0345,-7.8193],[112.0333,-7.8188],[112.0338,-7.8179],[112.0345,-7.8162],[112.0350,-7.8150],[112.0357,-7.8131],[112.0375,-7.8107],[112.0378,-7.8093],[112.0384,-7.8075],[112.0405,-7.8082],[112.0423,-7.8088],[112.0431,-7.8096],[112.0449,-7.8109],[112.0455,-7.8135],[112.0456,-7.8138],[112.0459,-7.8141],[112.0467,-7.8144],[112.0475,-7.8144],[112.0478,-7.8144],[112.0486,-7.8155],[112.04891970000006,-7.815638]]],[[[112.0588097000001,-7.815388],[112.0580,-7.8175],[112.0564,-7.8188],[112.0556,-7.8206],[112.0550,-7.8229],[112.0548,-7.8231],[112.0533,-7.8226],[112.0518,-7.8261],[112.0530,-7.8281],[112.0511,-7.8302],[112.0513,-7.8308],[112.0511,-7.8316],[112.0508,-7.8315],[112.0502,-7.8313],[112.0498,-7.8317],[112.0496,-7.8318],[112.0495,-7.8316],[112.0494,-7.8306],[112.0490,-7.8300],[112.0487,-7.8300],[112.0467,-7.8291],[112.0452,-7.8283],[112.0427,-7.8273],[112.0433,-7.8256],[112.0436,-7.8240],[112.0436,-7.8226],[112.0450,-7.8221],[112.0458,-7.8190],[112.0477,-7.8197],[112.0482,-7.8181],[112.0486,-7.8167],[112.0489,-7.8156],[112.0496,-7.8157],[112.0504,-7.8154],[112.0525,-7.8134],[112.0542,-7.8136],[112.0551,-7.8133],[112.0565,-7.8140],[112.0576,-7.8147],[112.0586,-7.8153],[112.0588097000001,-7.815388]]],[[[112.03870970000003,-7.787988],[112.0401,-7.7889],[112.0409,-7.7894],[112.0421,-7.7898],[112.0435,-7.7904],[112.0433,-7.7915],[112.0424,-7.7938],[112.0420,-7.7949],[112.0413,-7.7971],[112.0407,-7.7969],[112.0389,-7.7991],[112.0386,-7.8005],[112.0375,-7.8008],[112.0364,-7.8019],[112.0357,-7.8023],[112.0351,-7.8025],[112.0347,-7.8037],[112.0315,-7.8028],[112.0320,-7.8011],[112.0318,-7.8007],[112.0312,-7.8003],[112.0292,-7.7993],[112.0279,-7.7988],[112.0277,-7.7987],[112.0257,-7.8000],[112.0245,-7.7996],[112.0224,-7.7988],[112.0200,-7.7979],[112.0179,-7.7968],[112.0160,-7.7957],[112.0160,-7.7927],[112.0173,-7.7930],[112.0180,-7.7930],[112.0191,-7.7923],[112.0201,-7.7925],[112.0207,-7.7926],[112.0213,-7.7928],[112.0221,-7.7931],[112.0230,-7.7939],[112.0238,-7.7942],[112.0246,-7.7941],[112.0258,-7.7950],[112.0271,-7.7955],[112.0291,-7.7945],[112.0296,-7.7933],[112.0314,-7.7927],[112.0312,-7.7918],[112.0315,-7.7895],[112.0319,-7.7880],[112.0322,-7.7873],[112.0335,-7.7873],[112.0340,-7.7873],[112.0351,-7.7873],[112.0372,-7.7867],[112.0386,-7.7880],[112.03870970000003,-7.787988]]],[[[112.03224140000009,-7.78731259999995],[112.0319,-7.7880],[112.0315,-7.7895],[112.0312,-7.7918],[112.0314,-7.7927],[112.0296,-7.7933],[112.0291,-7.7945],[112.0271,-7.7955],[112.0258,-7.7950],[112.0246,-7.7941],[112.0238,-7.7942],[112.0230,-7.7939],[112.0221,-7.7931],[112.0213,-7.7928],[112.0207,-7.7926],[112.0201,-7.7925],[112.0191,-7.7923],[112.0180,-7.7930],[112.0178,-7.7907],[112.0164,-7.7893],[112.0196,-7.7897],[112.0197,-7.7876],[112.0178,-7.7864],[112.0182,-7.7860],[112.0192,-7.7850],[112.0198,-7.7847],[112.0203,-7.7850],[112.0211,-7.7847],[112.0220,-7.7845],[112.0226,-7.7836],[112.0236,-7.7843],[112.0267,-7.7849],[112.0292,-7.7859],[112.0298,-7.7865],[112.0305,-7.7867],[112.0319,-7.7871],[112.03224140000009,-7.78731259999995]]],[[[112.04090020000001,-7.774978],[112.0448,-7.7764],[112.0460,-7.7769],[112.0466,-7.7784],[112.0461,-7.7805],[112.0496,-7.7820],[112.0511,-7.7826],[112.0512,-7.7841],[112.0519,-7.7844],[112.0512,-7.7869],[112.0515,-7.7880],[112.0530,-7.7889],[112.0529,-7.7902],[112.0530,-7.7928],[112.0516,-7.7944],[112.0498,-7.7950],[112.0476,-7.7942],[112.0457,-7.7935],[112.0447,-7.7932],[112.0433,-7.7915],[112.0432,-7.7903],[112.0416,-7.7897],[112.0407,-7.7893],[112.0397,-7.7887],[112.0397,-7.7850],[112.0403,-7.7829],[112.0399,-7.7822],[112.0393,-7.7819],[112.0383,-7.7815],[112.0387,-7.7796],[112.0398,-7.7779],[112.0404,-7.7753],[112.04090020000001,-7.774978]]],[[[112.04328470000007,-7.791498499999932],[112.0447,-7.7932],[112.0457,-7.7935],[112.0476,-7.7942],[112.0498,-7.7950],[112.0517,-7.7944],[112.0519,-7.7946],[112.0521,-7.7960],[112.0505,-7.8001],[112.0502,-7.8012],[112.0498,-7.8022],[112.0496,-7.8026],[112.0483,-7.8019],[112.0475,-7.8016],[112.0460,-7.8013],[112.0448,-7.8009],[112.0434,-7.8014],[112.0432,-7.8021],[112.0430,-7.8029],[112.0427,-7.8029],[112.0383,-7.8016],[112.0390,-7.7997],[112.0389,-7.7991],[112.0407,-7.7970],[112.0418,-7.7955],[112.0422,-7.7944],[112.0426,-7.7932],[112.04328470000007,-7.791498499999932]]],[[[112.05667760000006,-7.796329899999932],[112.0585,-7.7973],[112.0602,-7.7984],[112.0627,-7.7987],[112.0638,-7.7996],[112.0639,-7.8000],[112.0629,-7.8007],[112.0613,-7.8004],[112.0601,-7.7999],[112.0595,-7.8014],[112.0582,-7.8034],[112.0569,-7.8063],[112.0598,-7.8076],[112.0603,-7.8085],[112.0607,-7.8098],[112.0600,-7.8121],[112.0592,-7.8143],[112.0582,-7.8151],[112.0566,-7.8141],[112.0562,-7.8139],[112.0544,-7.8137],[112.0538,-7.8138],[112.0511,-7.8130],[112.0516,-7.8108],[112.0523,-7.8085],[112.0517,-7.8074],[112.0522,-7.8063],[112.0515,-7.8055],[112.0507,-7.8044],[112.0497,-7.8030],[112.0498,-7.8022],[112.0502,-7.8012],[112.0505,-7.8001],[112.0521,-7.7960],[112.0528,-7.7950],[112.0544,-7.7953],[112.05667760000006,-7.796329899999932]]],[[[112.03851,-7.800808199999949],[112.0396,-7.8019],[112.0429,-7.8029],[112.0430,-7.8024],[112.0434,-7.8017],[112.0438,-7.8010],[112.0455,-7.8009],[112.0468,-7.8015],[112.0478,-7.8017],[112.0491,-7.8021],[112.0497,-7.8030],[112.0507,-7.8044],[112.0515,-7.8055],[112.0522,-7.8063],[112.0517,-7.8074],[112.0523,-7.8085],[112.0516,-7.8108],[112.0511,-7.8130],[112.0501,-7.8159],[112.0490,-7.8156],[112.0486,-7.8155],[112.0481,-7.8146],[112.0476,-7.8144],[112.0468,-7.8144],[112.0463,-7.8143],[112.0456,-7.8139],[112.0454,-7.8135],[112.0457,-7.8112],[112.0434,-7.8097],[112.0426,-7.8089],[112.0409,-7.8083],[112.0400,-7.8080],[112.0380,-7.8084],[112.0376,-7.8105],[112.0358,-7.8129],[112.0320,-7.8113],[112.0314,-7.8129],[112.0311,-7.8137],[112.0294,-7.8116],[112.0259,-7.8041],[112.0249,-7.7997],[112.0262,-7.7989],[112.0277,-7.7987],[112.0285,-7.7990],[112.0303,-7.7996],[112.0316,-7.8005],[112.0320,-7.8011],[112.0315,-7.8028],[112.0330,-7.8032],[112.0348,-7.8032],[112.0352,-7.8023],[112.0362,-7.8024],[112.0372,-7.8007],[112.0378,-7.8005],[112.03851,-7.800808199999949]]],[[[112.07102310000005,-7.801622299999963],[112.0711,-7.8025],[112.0714,-7.8034],[112.0695,-7.8031],[112.0696,-7.8036],[112.0697,-7.8055],[112.0698,-7.8063],[112.0706,-7.8069],[112.0714,-7.8081],[112.0730,-7.8091],[112.0731,-7.8097],[112.0731,-7.8103],[112.0733,-7.8131],[112.0728,-7.8141],[112.0701,-7.8152],[112.0674,-7.8162],[112.0660,-7.8167],[112.0593,-7.8140],[112.0602,-7.8116],[112.0607,-7.8096],[112.0603,-7.8084],[112.0593,-7.8073],[112.0570,-7.8061],[112.0583,-7.8030],[112.0596,-7.8013],[112.0603,-7.8000],[112.0616,-7.8006],[112.0636,-7.8009],[112.0639,-7.7998],[112.0640,-7.7996],[112.0651,-7.7997],[112.0669,-7.8003],[112.0683,-7.8003],[112.0689,-7.8005],[112.0700,-7.8008],[112.0710,-7.8014],[112.07102310000005,-7.801622299999963]]],[[[112.05941480000001,-7.777281399999936],[112.0595,-7.7781],[112.0598,-7.7789],[112.0600,-7.7800],[112.0588,-7.7799],[112.0586,-7.7813],[112.0592,-7.7820],[112.0588,-7.7838],[112.0595,-7.7848],[112.0604,-7.7860],[112.0599,-7.7875],[112.0598,-7.7882],[112.0589,-7.7893],[112.0581,-7.7899],[112.0578,-7.7903],[112.0570,-7.7936],[112.0572,-7.7947],[112.0544,-7.7953],[112.0528,-7.7950],[112.0519,-7.7946],[112.0517,-7.7944],[112.0529,-7.7933],[112.0529,-7.7914],[112.0531,-7.7895],[112.0528,-7.7886],[112.0513,-7.7879],[112.0513,-7.7865],[112.0519,-7.7844],[112.0514,-7.7827],[112.0503,-7.7823],[112.0476,-7.7812],[112.0466,-7.7786],[112.0495,-7.7791],[112.0508,-7.7789],[112.0523,-7.7788],[112.0535,-7.7795],[112.0540,-7.7799],[112.0553,-7.7806],[112.0581,-7.7767],[112.0583,-7.7761],[112.0591,-7.7770],[112.05941480000001,-7.777281399999936]]],[[[112.06503590000011,-7.817047799999955],[112.0616,-7.8212],[112.0622,-7.8216],[112.0640,-7.8220],[112.0653,-7.8228],[112.0677,-7.8221],[112.0674,-7.8229],[112.0682,-7.8234],[112.0703,-7.8245],[112.0706,-7.8248],[112.0705,-7.8250],[112.0705,-7.8252],[112.0692,-7.8271],[112.0686,-7.8282],[112.0700,-7.8291],[112.0697,-7.8311],[112.0677,-7.8364],[112.0623,-7.8356],[112.0560,-7.8340],[112.0558,-7.8343],[112.0553,-7.8341],[112.0542,-7.8335],[112.0553,-7.8328],[112.0525,-7.8313],[112.0530,-7.8281],[112.0518,-7.8261],[112.0533,-7.8226],[112.0548,-7.8231],[112.0550,-7.8229],[112.0556,-7.8206],[112.0564,-7.8188],[112.0580,-7.8175],[112.0588,-7.8154],[112.06503590000011,-7.817047799999955]]],[[[112.0482058,-7.769182699999931],[112.0479,-7.7702],[112.0484,-7.7707],[112.0483,-7.7710],[112.0475,-7.7714],[112.0482,-7.7717],[112.0483,-7.7725],[112.0478,-7.7740],[112.0495,-7.7746],[112.0510,-7.7752],[112.0522,-7.7759],[112.0526,-7.7762],[112.0536,-7.7766],[112.0561,-7.7748],[112.0573,-7.7743],[112.0585,-7.7749],[112.0583,-7.7761],[112.0581,-7.7767],[112.0553,-7.7806],[112.0540,-7.7799],[112.0535,-7.7795],[112.0523,-7.7788],[112.0508,-7.7789],[112.0495,-7.7791],[112.0466,-7.7784],[112.0460,-7.7769],[112.0448,-7.7764],[112.0409,-7.7750],[112.0417,-7.7716],[112.0435,-7.7668],[112.0459,-7.7664],[112.0469,-7.7678],[112.0477,-7.7689],[112.0482058,-7.769182699999931]]]],"type":"MultiPolygon"}},{"properties":{"district":"Banyakan","district_code":"id3506210","regency":"Kediri"},"type":"Feature","geometry":{"coordinates":[[[[111.97205220000006,-7.75526],[111.9733,-7.7565],[111.9747,-7.7566],[111.9757,-7.7572],[111.9763,-7.7587],[111.9769,-7.7597],[111.9776,-7.7612],[111.9787,-7.7633],[111.9794,-7.7649],[111.9803,-7.7665],[111.9805,-7.7670],[111.9814,-7.7688],[111.9826,-7.7713],[111.9830,-7.7719],[111.9843,-7.7726],[111.9847,-7.7741],[111.9843,-7.7753],[111.9841,-7.7769],[111.9837,-7.7798],[111.9828,-7.7810],[111.9790,-7.7810],[111.9765,-7.7805],[111.9761,-7.7797],[111.9762,-7.7775],[111.9762,-7.7751],[111.9761,-7.7744],[111.9753,-7.7742],[111.9731,-7.7751],[111.9711,-7.7750],[111.9712,-7.7731],[111.9714,-7.7719],[111.9715,-7.7703],[111.9715,-7.7695],[111.9713,-7.7684],[111.9693,-7.7677],[111.9661,-7.7679],[111.9655,-7.7671],[111.9659,-7.7666],[111.9666,-7.7662],[111.9666,-7.7647],[111.9672,-7.7643],[111.9670,-7.7637],[111.9674,-7.7631],[111.9677,-7.7622],[111.9675,-7.7616],[111.9671,-7.7609],[111.9664,-7.7606],[111.9652,-7.7605],[111.9658,-7.7584],[111.9664,-7.7569],[111.9666,-7.7555],[111.9677,-7.7557],[111.9685,-7.7552],[111.97205220000006,-7.75526]]],[[[112.02227750000009,-7.761946599999931],[112.0234,-7.7640],[112.0237,-7.7659],[112.0237,-7.7692],[112.0230,-7.7715],[112.0217,-7.7737],[112.0181,-7.7758],[112.0157,-7.7771],[112.0127,-7.7790],[112.0109,-7.7805],[112.0078,-7.7818],[112.0060,-7.7797],[112.0028,-7.7715],[112.0036,-7.7708],[112.0050,-7.7704],[112.0059,-7.7698],[112.0068,-7.7677],[112.0069,-7.7661],[112.0093,-7.7666],[112.0115,-7.7661],[112.0129,-7.7646],[112.0135,-7.7633],[112.0145,-7.7614],[112.0178,-7.7628],[112.0215,-7.7625],[112.02227750000009,-7.761946599999931]]],[[[111.96522880000003,-7.760504599999933],[111.9664,-7.7606],[111.9671,-7.7609],[111.9675,-7.7616],[111.9677,-7.7622],[111.9674,-7.7631],[111.9670,-7.7637],[111.9672,-7.7643],[111.9666,-7.7647],[111.9666,-7.7662],[111.9659,-7.7666],[111.9655,-7.7671],[111.9661,-7.7679],[111.9662,-7.7687],[111.9665,-7.7696],[111.9659,-7.7704],[111.9657,-7.7710],[111.9653,-7.7717],[111.9645,-7.7719],[111.9639,-7.7724],[111.9630,-7.7726],[111.9631,-7.7732],[111.9626,-7.7730],[111.9620,-7.7731],[111.9620,-7.7737],[111.9613,-7.7747],[111.9609,-7.7754],[111.9604,-7.7753],[111.9601,-7.7751],[111.9597,-7.7759],[111.9595,-7.7752],[111.9590,-7.7757],[111.9589,-7.7764],[111.9579,-7.7772],[111.9573,-7.7773],[111.9570,-7.7769],[111.9566,-7.7771],[111.9561,-7.7767],[111.9555,-7.7762],[111.9547,-7.7766],[111.9534,-7.7769],[111.9533,-7.7777],[111.9519,-7.7777],[111.9503,-7.7781],[111.9492,-7.7774],[111.9476,-7.7772],[111.9471,-7.7761],[111.9471,-7.7754],[111.9451,-7.7756],[111.9440,-7.7757],[111.9434,-7.7758],[111.9424,-7.7754],[111.9404,-7.7755],[111.9394,-7.7752],[111.9382,-7.7755],[111.9375,-7.7745],[111.9359,-7.7744],[111.9345,-7.7742],[111.9320,-7.7732],[111.9314,-7.7713],[111.9325,-7.7668],[111.9367,-7.7642],[111.9396,-7.7625],[111.9418,-7.7625],[111.9418,-7.7634],[111.9425,-7.7640],[111.9425,-7.7646],[111.9433,-7.7649],[111.9437,-7.7659],[111.9440,-7.7666],[111.9445,-7.7668],[111.9449,-7.7671],[111.9459,-7.7669],[111.9477,-7.7662],[111.9489,-7.7654],[111.9499,-7.7651],[111.9517,-7.7657],[111.9532,-7.7654],[111.9543,-7.7656],[111.9553,-7.7657],[111.9556,-7.7652],[111.9566,-7.7649],[111.9571,-7.7642],[111.9581,-7.7640],[111.9586,-7.7630],[111.9593,-7.7622],[111.9599,-7.7617],[111.9607,-7.7616],[111.9618,-7.7618],[111.9631,-7.7623],[111.9638,-7.7615],[111.96522880000003,-7.760504599999933]]],[[[111.98348950000008,-7.780928099999926],[111.9834,-7.7823],[111.9832,-7.7842],[111.9827,-7.7867],[111.9820,-7.7886],[111.9800,-7.7898],[111.9788,-7.7915],[111.9733,-7.7922],[111.9646,-7.7937],[111.9554,-7.8009],[111.9553,-7.8003],[111.9553,-7.7995],[111.9542,-7.7977],[111.9538,-7.7966],[111.9536,-7.7960],[111.9535,-7.7947],[111.9534,-7.7941],[111.9533,-7.7934],[111.9531,-7.7929],[111.9521,-7.7922],[111.9516,-7.7913],[111.9518,-7.7905],[111.9528,-7.7897],[111.9539,-7.7890],[111.9545,-7.7880],[111.9553,-7.7877],[111.9557,-7.7869],[111.9564,-7.7870],[111.9568,-7.7868],[111.9578,-7.7855],[111.9579,-7.7841],[111.9589,-7.7846],[111.9595,-7.7834],[111.9607,-7.7827],[111.9620,-7.7829],[111.9623,-7.7823],[111.9619,-7.7811],[111.9614,-7.7797],[111.9611,-7.7782],[111.9608,-7.7763],[111.9609,-7.7754],[111.9613,-7.7747],[111.9620,-7.7737],[111.9620,-7.7731],[111.9626,-7.7730],[111.9631,-7.7732],[111.9630,-7.7726],[111.9639,-7.7724],[111.9645,-7.7719],[111.9653,-7.7717],[111.9657,-7.7710],[111.9659,-7.7704],[111.9665,-7.7696],[111.9662,-7.7687],[111.9670,-7.7677],[111.9705,-7.7680],[111.9715,-7.7690],[111.9715,-7.7701],[111.9715,-7.7710],[111.9713,-7.7725],[111.9711,-7.7742],[111.9717,-7.7754],[111.9749,-7.7750],[111.9756,-7.7742],[111.9764,-7.7744],[111.9762,-7.7758],[111.9762,-7.7784],[111.9761,-7.7800],[111.9771,-7.7808],[111.9810,-7.7811],[111.98348950000008,-7.780928099999926]]],[[[111.99457570000004,-7.770239499999946],[111.9955,-7.7702],[111.9974,-7.7715],[111.9956,-7.7746],[111.9906,-7.7815],[111.9848,-7.7811],[111.9835,-7.7809],[111.9837,-7.7798],[111.9841,-7.7769],[111.9843,-7.7753],[111.9847,-7.7741],[111.9843,-7.7726],[111.9830,-7.7719],[111.9826,-7.7713],[111.9814,-7.7688],[111.9823,-7.7681],[111.9840,-7.7684],[111.9863,-7.7689],[111.9880,-7.7691],[111.9937,-7.7702],[111.99457570000004,-7.770239499999946]]],[[[112.01405650000004,-7.761916299999939],[112.0131,-7.7641],[112.0123,-7.7659],[112.0101,-7.7671],[112.0090,-7.7668],[112.0063,-7.7674],[112.0062,-7.7692],[112.0054,-7.7703],[112.0042,-7.7706],[112.0030,-7.7705],[111.9994,-7.7717],[111.9976,-7.7706],[111.9950,-7.7702],[111.9947,-7.7695],[111.9953,-7.7672],[111.9943,-7.7664],[111.9943,-7.7660],[111.9954,-7.7657],[111.9961,-7.7645],[111.9964,-7.7639],[111.9956,-7.7610],[111.9954,-7.7598],[111.9958,-7.7585],[111.9945,-7.7589],[111.9949,-7.7574],[111.9921,-7.7563],[111.9931,-7.7546],[111.9944,-7.7551],[111.9965,-7.7535],[111.9990,-7.7534],[111.9997,-7.7525],[112.0002,-7.7522],[112.0020,-7.7503],[112.0024,-7.7498],[112.0029,-7.7504],[112.0034,-7.7510],[112.0050,-7.7532],[112.0048,-7.7555],[112.0063,-7.7571],[112.0085,-7.7582],[112.0096,-7.7597],[112.0106,-7.7611],[112.01405650000004,-7.761916299999939]]],[[[111.90995970000006,-7.781238],[111.9102,-7.7827],[111.9105,-7.7846],[111.9107,-7.7857],[111.9115,-7.7877],[111.9126,-7.7895],[111.9130,-7.7902],[111.9145,-7.7919],[111.9155,-7.7932],[111.9168,-7.7947],[111.9181,-7.7957],[111.9189,-7.7967],[111.9199,-7.7981],[111.9201,-7.7991],[111.9206,-7.8004],[111.9207,-7.8014],[111.9211,-7.8029],[111.9216,-7.8044],[111.9217,-7.8055],[111.9219,-7.8065],[111.9225,-7.8071],[111.9233,-7.8079],[111.9234,-7.8085],[111.9241,-7.8094],[111.9238,-7.8100],[111.9226,-7.8114],[111.9208,-7.8127],[111.9179,-7.8128],[111.9153,-7.8132],[111.9139,-7.8129],[111.9131,-7.8121],[111.9103,-7.8113],[111.9094,-7.8116],[111.9081,-7.8111],[111.9071,-7.8113],[111.9070,-7.8106],[111.9058,-7.8105],[111.9053,-7.8117],[111.9046,-7.8112],[111.9021,-7.8113],[111.9006,-7.8125],[111.8979,-7.8135],[111.8973,-7.8133],[111.8968,-7.8123],[111.8962,-7.8124],[111.8962,-7.8136],[111.8957,-7.8139],[111.8948,-7.8136],[111.8940,-7.8129],[111.8933,-7.8130],[111.8935,-7.8142],[111.8931,-7.8147],[111.8925,-7.8145],[111.8919,-7.8142],[111.8904,-7.8149],[111.8889,-7.8142],[111.8866,-7.8147],[111.8861,-7.8151],[111.8847,-7.8160],[111.8838,-7.8154],[111.8839,-7.8163],[111.8834,-7.8170],[111.8829,-7.8175],[111.8816,-7.8177],[111.8804,-7.8183],[111.8793,-7.8191],[111.8782,-7.8196],[111.8775,-7.8205],[111.8767,-7.8214],[111.8760,-7.8224],[111.8753,-7.8229],[111.8741,-7.8228],[111.8728,-7.8226],[111.8714,-7.8223],[111.8698,-7.8220],[111.8685,-7.8218],[111.8652,-7.8209],[111.8631,-7.8213],[111.8621,-7.8217],[111.8585,-7.8226],[111.8574,-7.8219],[111.8561,-7.8212],[111.8550,-7.8202],[111.8540,-7.8201],[111.8525,-7.8203],[111.8519,-7.8212],[111.8514,-7.8214],[111.8507,-7.8209],[111.8494,-7.8213],[111.8493,-7.8207],[111.8498,-7.8204],[111.8497,-7.8198],[111.8491,-7.8188],[111.8476,-7.8188],[111.8462,-7.8184],[111.8454,-7.8183],[111.8448,-7.8187],[111.8438,-7.8190],[111.8428,-7.8193],[111.8412,-7.8191],[111.8394,-7.8190],[111.8378,-7.8188],[111.8363,-7.8189],[111.8355,-7.8186],[111.8343,-7.8183],[111.8319,-7.8183],[111.8248,-7.8186],[111.8240,-7.8191],[111.8230,-7.8197],[111.8223,-7.8198],[111.8217,-7.8201],[111.8210,-7.8203],[111.8206,-7.8205],[111.8203,-7.8207],[111.8199,-7.8205],[111.8196,-7.8208],[111.8185,-7.8212],[111.8177,-7.8216],[111.8169,-7.8218],[111.8161,-7.8217],[111.8156,-7.8216],[111.8150,-7.8216],[111.8144,-7.8219],[111.8132,-7.8221],[111.8140,-7.8193],[111.8138,-7.8184],[111.8130,-7.8158],[111.8136,-7.8147],[111.8151,-7.8130],[111.8178,-7.8126],[111.8196,-7.8128],[111.8232,-7.8121],[111.8247,-7.8112],[111.8254,-7.8106],[111.8265,-7.8095],[111.8286,-7.8071],[111.8309,-7.8051],[111.8326,-7.8036],[111.8342,-7.8019],[111.8371,-7.7997],[111.8397,-7.7996],[111.8423,-7.8007],[111.8442,-7.8009],[111.8451,-7.8003],[111.8459,-7.8000],[111.8463,-7.7999],[111.8470,-7.8001],[111.8480,-7.8006],[111.8495,-7.8005],[111.8512,-7.8003],[111.8520,-7.8003],[111.8532,-7.8003],[111.8545,-7.8002],[111.8558,-7.8000],[111.8568,-7.8002],[111.8581,-7.8000],[111.8593,-7.7996],[111.8607,-7.7990],[111.8617,-7.7994],[111.8635,-7.8000],[111.8649,-7.7996],[111.8651,-7.7990],[111.8652,-7.7981],[111.8664,-7.7976],[111.8678,-7.7963],[111.8684,-7.7955],[111.8689,-7.7949],[111.8702,-7.7953],[111.8704,-7.7946],[111.8708,-7.7943],[111.8716,-7.7939],[111.8722,-7.7936],[111.8733,-7.7934],[111.8738,-7.7929],[111.8739,-7.7921],[111.8737,-7.7917],[111.8732,-7.7912],[111.8738,-7.7903],[111.8745,-7.7901],[111.8752,-7.7895],[111.8750,-7.7887],[111.8743,-7.7883],[111.8736,-7.7878],[111.8745,-7.7864],[111.8752,-7.7859],[111.8757,-7.7854],[111.8761,-7.7846],[111.8770,-7.7847],[111.8778,-7.7852],[111.8781,-7.7846],[111.8791,-7.7843],[111.8802,-7.7839],[111.8809,-7.7835],[111.8809,-7.7828],[111.8823,-7.7825],[111.8835,-7.7817],[111.8845,-7.7811],[111.8852,-7.7796],[111.8862,-7.7798],[111.8883,-7.7796],[111.8922,-7.7801],[111.8960,-7.7807],[111.9008,-7.7815],[111.9042,-7.7816],[111.9086,-7.7814],[111.90995970000006,-7.781238]]],[[[111.99199890000006,-7.754342799999961],[111.9942,-7.7566],[111.9944,-7.7573],[111.9952,-7.7590],[111.9958,-7.7591],[111.9953,-7.7599],[111.9969,-7.7610],[111.9964,-7.7639],[111.9958,-7.7650],[111.9948,-7.7648],[111.9945,-7.7642],[111.9917,-7.7635],[111.9884,-7.7631],[111.9880,-7.7624],[111.9846,-7.7609],[111.9821,-7.7597],[111.9831,-7.7597],[111.9832,-7.7591],[111.9834,-7.7555],[111.9827,-7.7547],[111.9824,-7.7538],[111.9830,-7.7503],[111.9849,-7.7498],[111.9873,-7.7499],[111.9866,-7.7518],[111.9884,-7.7524],[111.9915,-7.7542],[111.99199890000006,-7.754342799999961]]],[[[111.96053970000008,-7.775558],[111.9610,-7.7774],[111.9613,-7.7791],[111.9615,-7.7801],[111.9625,-7.7820],[111.9622,-7.7828],[111.9611,-7.7827],[111.9602,-7.7829],[111.9590,-7.7845],[111.9582,-7.7842],[111.9579,-7.7846],[111.9576,-7.7861],[111.9565,-7.7869],[111.9560,-7.7869],[111.9553,-7.7875],[111.9550,-7.7879],[111.9542,-7.7881],[111.9534,-7.7893],[111.9523,-7.7902],[111.9517,-7.7906],[111.9517,-7.7919],[111.9526,-7.7926],[111.9532,-7.7931],[111.9533,-7.7938],[111.9534,-7.7945],[111.9535,-7.7953],[111.9537,-7.7963],[111.9539,-7.7971],[111.9546,-7.7985],[111.9553,-7.7999],[111.9553,-7.8009],[111.9550,-7.8075],[111.9545,-7.8097],[111.9537,-7.8105],[111.9502,-7.8104],[111.9470,-7.8101],[111.9446,-7.8101],[111.9417,-7.8100],[111.9390,-7.8096],[111.9377,-7.8096],[111.9362,-7.8090],[111.9339,-7.8090],[111.9327,-7.8085],[111.9318,-7.8090],[111.9308,-7.8089],[111.9301,-7.8087],[111.9290,-7.8097],[111.9271,-7.8093],[111.9243,-7.8097],[111.9236,-7.8088],[111.9233,-7.8083],[111.9231,-7.8075],[111.9222,-7.8068],[111.9217,-7.8061],[111.9217,-7.8049],[111.9215,-7.8037],[111.9208,-7.8020],[111.9206,-7.8008],[111.9203,-7.7998],[111.9200,-7.7988],[111.9195,-7.7975],[111.9183,-7.7959],[111.9174,-7.7951],[111.9163,-7.7941],[111.9152,-7.7928],[111.9137,-7.7910],[111.9128,-7.7899],[111.9120,-7.7885],[111.9111,-7.7867],[111.9106,-7.7853],[111.9103,-7.7837],[111.9101,-7.7820],[111.9111,-7.7809],[111.9138,-7.7793],[111.9177,-7.7765],[111.9206,-7.7743],[111.9235,-7.7733],[111.9255,-7.7727],[111.9277,-7.7713],[111.9307,-7.7679],[111.9313,-7.7718],[111.9328,-7.7734],[111.9347,-7.7743],[111.9366,-7.7745],[111.9376,-7.7748],[111.9384,-7.7755],[111.9396,-7.7753],[111.9408,-7.7754],[111.9427,-7.7755],[111.9437,-7.7757],[111.9444,-7.7758],[111.9454,-7.7757],[111.9471,-7.7755],[111.9472,-7.7764],[111.9480,-7.7777],[111.9493,-7.7774],[111.9505,-7.7781],[111.9522,-7.7777],[111.9532,-7.7772],[111.9542,-7.7770],[111.9549,-7.7765],[111.9558,-7.7762],[111.9563,-7.7771],[111.9566,-7.7771],[111.9571,-7.7770],[111.9574,-7.7773],[111.9580,-7.7771],[111.9588,-7.7762],[111.9591,-7.7755],[111.9596,-7.7754],[111.9599,-7.7759],[111.9602,-7.7751],[111.9605,-7.7755],[111.96053970000008,-7.775558]]]],"type":"MultiPolygon"}},{"properties":{"district":"Grogol","district_code":"id3506220","regency":"Kediri"},"type":"Feature","geometry":{"coordinates":[[[[111.98264130000007,-7.750848799999972],[111.9829,-7.7543],[111.9827,-7.7554],[111.9833,-7.7577],[111.9831,-7.7591],[111.9825,-7.7597],[111.9822,-7.7608],[111.9858,-7.7617],[111.9881,-7.7625],[111.9908,-7.7634],[111.9952,-7.7626],[111.9945,-7.7648],[111.9952,-7.7648],[111.9945,-7.7655],[111.9943,-7.7660],[111.9942,-7.7670],[111.9953,-7.7678],[111.9946,-7.7702],[111.9905,-7.7703],[111.9873,-7.7691],[111.9853,-7.7687],[111.9832,-7.7682],[111.9808,-7.7676],[111.9803,-7.7667],[111.9800,-7.7660],[111.9791,-7.7642],[111.9783,-7.7627],[111.9773,-7.7606],[111.9765,-7.7591],[111.9759,-7.7578],[111.9756,-7.7564],[111.9740,-7.7566],[111.9729,-7.7564],[111.9699,-7.7516],[111.9712,-7.7516],[111.9714,-7.7518],[111.9723,-7.7521],[111.9732,-7.7517],[111.9730,-7.7526],[111.9750,-7.7551],[111.9797,-7.7523],[111.9810,-7.7512],[111.9818,-7.7508],[111.98264130000007,-7.750848799999972]]],[[[111.97318580000007,-7.734778499999948],[111.9730,-7.7356],[111.9726,-7.7371],[111.9720,-7.7375],[111.9718,-7.7379],[111.9707,-7.7379],[111.9706,-7.7382],[111.9701,-7.7392],[111.9695,-7.7400],[111.9697,-7.7405],[111.9694,-7.7408],[111.9693,-7.7410],[111.9693,-7.7414],[111.9692,-7.7419],[111.9687,-7.7425],[111.9683,-7.7432],[111.9677,-7.7436],[111.9673,-7.7443],[111.9665,-7.7450],[111.9662,-7.7455],[111.9659,-7.7459],[111.9642,-7.7452],[111.9620,-7.7443],[111.9610,-7.7439],[111.9606,-7.7438],[111.9594,-7.7434],[111.9584,-7.7425],[111.9576,-7.7412],[111.9567,-7.7395],[111.9560,-7.7379],[111.9556,-7.7376],[111.9553,-7.7369],[111.9562,-7.7367],[111.9564,-7.7358],[111.9562,-7.7356],[111.9561,-7.7350],[111.9567,-7.7343],[111.9569,-7.7336],[111.9580,-7.7332],[111.9584,-7.7331],[111.9579,-7.7328],[111.9585,-7.7328],[111.9589,-7.7323],[111.9596,-7.7319],[111.9600,-7.7312],[111.9611,-7.7313],[111.9618,-7.7305],[111.9631,-7.7300],[111.9634,-7.7292],[111.9640,-7.7292],[111.9645,-7.7286],[111.9656,-7.7275],[111.9657,-7.7267],[111.9662,-7.7252],[111.9663,-7.7248],[111.9663,-7.7241],[111.9662,-7.7235],[111.9677,-7.7238],[111.9680,-7.7222],[111.9683,-7.7187],[111.9683,-7.7177],[111.9703,-7.7165],[111.9713,-7.7168],[111.9715,-7.7172],[111.9713,-7.7182],[111.9711,-7.7188],[111.9708,-7.7210],[111.9707,-7.7223],[111.9707,-7.7242],[111.9679,-7.7239],[111.9676,-7.7270],[111.9690,-7.7273],[111.9706,-7.7281],[111.9702,-7.7310],[111.9702,-7.7320],[111.9707,-7.7330],[111.9733,-7.7335],[111.97318580000007,-7.734778499999948]]],[[[111.99859990000004,-7.738624199999947],[111.9989,-7.7401],[111.9988,-7.7411],[111.9990,-7.7414],[111.9993,-7.7417],[111.9983,-7.7426],[111.9986,-7.7434],[111.9993,-7.7437],[112.0002,-7.7440],[112.0008,-7.7443],[112.0011,-7.7446],[112.0011,-7.7451],[112.0011,-7.7459],[112.0011,-7.7470],[112.0016,-7.7476],[112.0016,-7.7482],[112.0018,-7.7489],[112.0024,-7.7495],[112.0024,-7.7497],[112.0021,-7.7500],[112.0019,-7.7506],[112.0007,-7.7529],[111.9994,-7.7527],[111.9989,-7.7536],[111.9964,-7.7534],[111.9944,-7.7544],[111.9920,-7.7543],[111.9883,-7.7535],[111.9875,-7.7522],[111.9871,-7.7504],[111.9862,-7.7497],[111.9862,-7.7468],[111.9857,-7.7451],[111.9855,-7.7437],[111.9851,-7.7425],[111.9857,-7.7403],[111.9860,-7.7395],[111.9853,-7.7376],[111.9846,-7.7351],[111.9856,-7.7341],[111.9861,-7.7345],[111.9876,-7.7365],[111.9880,-7.7369],[111.9891,-7.7381],[111.9907,-7.7386],[111.9932,-7.7391],[111.9962,-7.7383],[111.99859990000004,-7.738624199999947]]],[[[111.98225260000004,-7.71132549999993],[111.9850,-7.7131],[111.9877,-7.7159],[111.9885,-7.7185],[111.9879,-7.7215],[111.9881,-7.7238],[111.9888,-7.7245],[111.9895,-7.7250],[111.9897,-7.7249],[111.9900,-7.7254],[111.9910,-7.7262],[111.9918,-7.7265],[111.9929,-7.7271],[111.9932,-7.7274],[111.9932,-7.7283],[111.9940,-7.7286],[111.9959,-7.7289],[111.9966,-7.7290],[111.9974,-7.7291],[111.9979,-7.7305],[111.9981,-7.7307],[111.9980,-7.7318],[111.9980,-7.7330],[111.9983,-7.7342],[111.9979,-7.7350],[111.9983,-7.7354],[111.9986,-7.7366],[111.9981,-7.7373],[111.9983,-7.7377],[111.9986,-7.7384],[111.9961,-7.7383],[111.9931,-7.7391],[111.9897,-7.7386],[111.9891,-7.7380],[111.9879,-7.7369],[111.9876,-7.7361],[111.9861,-7.7344],[111.9851,-7.7341],[111.9845,-7.7334],[111.9815,-7.7319],[111.9803,-7.7324],[111.9782,-7.7317],[111.9784,-7.7299],[111.9784,-7.7296],[111.9814,-7.7276],[111.9819,-7.7232],[111.9820,-7.7222],[111.9817,-7.7211],[111.9813,-7.7194],[111.9816,-7.7185],[111.9808,-7.7178],[111.9815,-7.7129],[111.9816,-7.7121],[111.9819,-7.7116],[111.9823,-7.7114],[111.9822,-7.7113],[111.98225260000004,-7.71132549999993]]],[[[111.96603430000005,-7.745942299999967],[111.9662,-7.7465],[111.9662,-7.7474],[111.9660,-7.7484],[111.9658,-7.7494],[111.9664,-7.7505],[111.9669,-7.7510],[111.9661,-7.7512],[111.9661,-7.7520],[111.9663,-7.7527],[111.9659,-7.7540],[111.9659,-7.7545],[111.9659,-7.7551],[111.9666,-7.7555],[111.9664,-7.7569],[111.9658,-7.7584],[111.9652,-7.7605],[111.9638,-7.7615],[111.9631,-7.7623],[111.9618,-7.7618],[111.9607,-7.7616],[111.9599,-7.7617],[111.9593,-7.7622],[111.9586,-7.7630],[111.9581,-7.7640],[111.9571,-7.7642],[111.9566,-7.7649],[111.9556,-7.7652],[111.9553,-7.7657],[111.9543,-7.7656],[111.9532,-7.7654],[111.9517,-7.7657],[111.9499,-7.7651],[111.9489,-7.7654],[111.9477,-7.7662],[111.9459,-7.7669],[111.9449,-7.7671],[111.9445,-7.7668],[111.9440,-7.7666],[111.9437,-7.7659],[111.9433,-7.7649],[111.9425,-7.7646],[111.9425,-7.7640],[111.9418,-7.7634],[111.9418,-7.7625],[111.9415,-7.7621],[111.9419,-7.7620],[111.9422,-7.7617],[111.9421,-7.7612],[111.9418,-7.7606],[111.9410,-7.7604],[111.9393,-7.7603],[111.9372,-7.7603],[111.9389,-7.7590],[111.9396,-7.7577],[111.9408,-7.7554],[111.9414,-7.7545],[111.9435,-7.7534],[111.9448,-7.7527],[111.9463,-7.7511],[111.9480,-7.7495],[111.9490,-7.7489],[111.9499,-7.7479],[111.9518,-7.7464],[111.9525,-7.7459],[111.9545,-7.7460],[111.9548,-7.7457],[111.9556,-7.7470],[111.9569,-7.7461],[111.9585,-7.7427],[111.9594,-7.7434],[111.9607,-7.7438],[111.9611,-7.7439],[111.9622,-7.7444],[111.9643,-7.7452],[111.9660,-7.7459],[111.96603430000005,-7.745942299999967]]],[[[111.94163820000006,-7.76221709999993],[111.9384,-7.7638],[111.9349,-7.7656],[111.9310,-7.7676],[111.9291,-7.7704],[111.9258,-7.7721],[111.9241,-7.7732],[111.9216,-7.7739],[111.9184,-7.7759],[111.9148,-7.7787],[111.9117,-7.7806],[111.9094,-7.7813],[111.9051,-7.7816],[111.9019,-7.7816],[111.8972,-7.7808],[111.8929,-7.7801],[111.8894,-7.7797],[111.8863,-7.7797],[111.8854,-7.7795],[111.8846,-7.7808],[111.8844,-7.7816],[111.8824,-7.7824],[111.8811,-7.7827],[111.8809,-7.7833],[111.8805,-7.7838],[111.8794,-7.7841],[111.8783,-7.7844],[111.8780,-7.7851],[111.8773,-7.7851],[111.8763,-7.7845],[111.8758,-7.7852],[111.8753,-7.7858],[111.8749,-7.7861],[111.8736,-7.7876],[111.8740,-7.7882],[111.8749,-7.7886],[111.8753,-7.7892],[111.8749,-7.7899],[111.8739,-7.7903],[111.8734,-7.7908],[111.8735,-7.7917],[111.8739,-7.7920],[111.8738,-7.7926],[111.8735,-7.7933],[111.8724,-7.7937],[111.8718,-7.7938],[111.8711,-7.7943],[111.8704,-7.7945],[111.8704,-7.7951],[111.8691,-7.7950],[111.8685,-7.7954],[111.8679,-7.7962],[111.8668,-7.7975],[111.8653,-7.7980],[111.8651,-7.7987],[111.8650,-7.7996],[111.8641,-7.7999],[111.8620,-7.7996],[111.8610,-7.7991],[111.8597,-7.7993],[111.8583,-7.8001],[111.8571,-7.8001],[111.8561,-7.8001],[111.8550,-7.7999],[111.8534,-7.8003],[111.8523,-7.8004],[111.8516,-7.8003],[111.8500,-7.8004],[111.8483,-7.8007],[111.8472,-7.8002],[111.8464,-7.7999],[111.8460,-7.8000],[111.8453,-7.8002],[111.8446,-7.8006],[111.8428,-7.8007],[111.8406,-7.8000],[111.8379,-7.7992],[111.8390,-7.7963],[111.8413,-7.7945],[111.8427,-7.7930],[111.8451,-7.7917],[111.8464,-7.7909],[111.8478,-7.7897],[111.8489,-7.7889],[111.8518,-7.7868],[111.8540,-7.7863],[111.8554,-7.7844],[111.8562,-7.7831],[111.8569,-7.7821],[111.8576,-7.7814],[111.8586,-7.7805],[111.8595,-7.7790],[111.8601,-7.7786],[111.8612,-7.7778],[111.8622,-7.7765],[111.8636,-7.7757],[111.8654,-7.7751],[111.8666,-7.7742],[111.8679,-7.7730],[111.8686,-7.7726],[111.8694,-7.7718],[111.8706,-7.7709],[111.8727,-7.7696],[111.8753,-7.7677],[111.8761,-7.7662],[111.8768,-7.7658],[111.8773,-7.7656],[111.8780,-7.7654],[111.8784,-7.7653],[111.8786,-7.7656],[111.8799,-7.7665],[111.8803,-7.7669],[111.8806,-7.7675],[111.8808,-7.7679],[111.8814,-7.7685],[111.8821,-7.7693],[111.8827,-7.7708],[111.8845,-7.7707],[111.8871,-7.7704],[111.8882,-7.7702],[111.8897,-7.7700],[111.8914,-7.7693],[111.8929,-7.7691],[111.8956,-7.7691],[111.8989,-7.7681],[111.9029,-7.7660],[111.9039,-7.7652],[111.9054,-7.7651],[111.9080,-7.7642],[111.9113,-7.7641],[111.9164,-7.7640],[111.9203,-7.7635],[111.9245,-7.7631],[111.9272,-7.7633],[111.9288,-7.7630],[111.9303,-7.7624],[111.9343,-7.7607],[111.9360,-7.7596],[111.9386,-7.7587],[111.9389,-7.7590],[111.9372,-7.7603],[111.9393,-7.7603],[111.9410,-7.7604],[111.9418,-7.7606],[111.9421,-7.7612],[111.9422,-7.7617],[111.9419,-7.7620],[111.9415,-7.7621],[111.94163820000006,-7.76221709999993]]],[[[111.97814030000006,-7.732034299999953],[111.9804,-7.7327],[111.9825,-7.7319],[111.9845,-7.7347],[111.9849,-7.7366],[111.9854,-7.7391],[111.9859,-7.7401],[111.9854,-7.7415],[111.9851,-7.7428],[111.9859,-7.7440],[111.9856,-7.7467],[111.9860,-7.7493],[111.9842,-7.7505],[111.9826,-7.7508],[111.9814,-7.7507],[111.9804,-7.7511],[111.9798,-7.7535],[111.9738,-7.7546],[111.9731,-7.7522],[111.9731,-7.7508],[111.9717,-7.7529],[111.9711,-7.7517],[111.9705,-7.7513],[111.9701,-7.7505],[111.9716,-7.7494],[111.9724,-7.7478],[111.9733,-7.7449],[111.9762,-7.7417],[111.9763,-7.7401],[111.9761,-7.7367],[111.9757,-7.7360],[111.9757,-7.7357],[111.9757,-7.7348],[111.9754,-7.7342],[111.9760,-7.7321],[111.97814030000006,-7.732034299999953]]],[[[111.981556,-7.712091599999951],[111.9815,-7.7129],[111.9808,-7.7178],[111.9816,-7.7185],[111.9813,-7.7194],[111.9817,-7.7211],[111.9820,-7.7222],[111.9819,-7.7232],[111.9814,-7.7276],[111.9784,-7.7296],[111.9784,-7.7299],[111.9782,-7.7317],[111.9760,-7.7321],[111.9754,-7.7342],[111.9757,-7.7348],[111.9757,-7.7357],[111.9748,-7.7354],[111.9747,-7.7351],[111.9732,-7.7348],[111.9711,-7.7329],[111.9703,-7.7328],[111.9703,-7.7312],[111.9704,-7.7290],[111.9703,-7.7277],[111.9681,-7.7271],[111.9678,-7.7243],[111.9679,-7.7239],[111.9710,-7.7227],[111.9706,-7.7221],[111.9709,-7.7198],[111.9713,-7.7183],[111.9714,-7.7177],[111.9713,-7.7168],[111.9708,-7.7167],[111.9703,-7.7164],[111.9705,-7.7160],[111.9709,-7.7152],[111.9712,-7.7141],[111.9715,-7.7129],[111.9721,-7.7126],[111.9724,-7.7124],[111.9738,-7.7113],[111.9766,-7.7114],[111.9772,-7.7110],[111.9791,-7.7115],[111.9803,-7.7118],[111.9804,-7.7124],[111.9814,-7.7120],[111.981556,-7.712091599999951]]],[[[111.97558290000006,-7.735859299999959],[111.9761,-7.7361],[111.9761,-7.7374],[111.9762,-7.7405],[111.9743,-7.7421],[111.9731,-7.7455],[111.9722,-7.7484],[111.9707,-7.7500],[111.9697,-7.7503],[111.9704,-7.7526],[111.9686,-7.7552],[111.9679,-7.7556],[111.9669,-7.7555],[111.9661,-7.7551],[111.9659,-7.7547],[111.9659,-7.7540],[111.9661,-7.7530],[111.9661,-7.7522],[111.9661,-7.7515],[111.9666,-7.7511],[111.9666,-7.7505],[111.9659,-7.7498],[111.9659,-7.7485],[111.9661,-7.7479],[111.9662,-7.7470],[111.9662,-7.7460],[111.9662,-7.7455],[111.9667,-7.7448],[111.9674,-7.7440],[111.9678,-7.7435],[111.9685,-7.7430],[111.9689,-7.7424],[111.9693,-7.7418],[111.9694,-7.7414],[111.9692,-7.7410],[111.9696,-7.7408],[111.9695,-7.7403],[111.9697,-7.7398],[111.9703,-7.7389],[111.9706,-7.7381],[111.9710,-7.7379],[111.9719,-7.7379],[111.9720,-7.7374],[111.9726,-7.7370],[111.9731,-7.7352],[111.9733,-7.7344],[111.9749,-7.7351],[111.9753,-7.7355],[111.97558290000006,-7.735859299999959]]]],"type":"MultiPolygon"}},{"properties":{"district":"Tarokan","district_code":"id3506230","regency":"Kediri"},"type":"Feature","geometry":{"coordinates":[[[[111.98311890000008,-7.688676499999929],[111.9826,-7.6928],[111.9826,-7.6942],[111.9825,-7.6959],[111.9828,-7.6976],[111.9827,-7.6990],[111.9826,-7.7014],[111.9827,-7.7025],[111.9802,-7.7028],[111.9797,-7.7057],[111.9802,-7.7075],[111.9783,-7.7080],[111.9785,-7.7063],[111.9784,-7.7053],[111.9782,-7.7044],[111.9772,-7.7051],[111.9746,-7.7046],[111.9725,-7.7050],[111.9702,-7.7042],[111.9697,-7.7030],[111.9689,-7.7004],[111.9684,-7.7002],[111.9667,-7.6994],[111.9635,-7.6993],[111.9631,-7.6993],[111.9625,-7.7001],[111.9624,-7.7004],[111.9616,-7.6986],[111.9616,-7.6956],[111.9623,-7.6955],[111.9634,-7.6964],[111.9638,-7.6965],[111.9672,-7.6956],[111.9676,-7.6948],[111.9683,-7.6950],[111.9690,-7.6954],[111.9697,-7.6948],[111.9711,-7.6949],[111.9714,-7.6930],[111.9718,-7.6930],[111.9721,-7.6912],[111.9726,-7.6913],[111.9733,-7.6906],[111.9745,-7.6906],[111.9749,-7.6894],[111.9764,-7.6893],[111.9773,-7.6900],[111.9778,-7.6900],[111.9781,-7.6906],[111.9784,-7.6909],[111.9789,-7.6907],[111.9795,-7.6906],[111.9801,-7.6897],[111.9802,-7.6880],[111.9810,-7.6883],[111.9831,-7.6887],[111.98311890000008,-7.688676499999929]]],[[[111.95151590000006,-7.732531799999947],[111.9531,-7.7349],[111.9549,-7.7366],[111.9554,-7.7374],[111.9558,-7.7380],[111.9563,-7.7384],[111.9572,-7.7404],[111.9582,-7.7424],[111.9579,-7.7442],[111.9563,-7.7464],[111.9550,-7.7470],[111.9546,-7.7465],[111.9538,-7.7459],[111.9525,-7.7462],[111.9512,-7.7467],[111.9495,-7.7483],[111.9484,-7.7491],[111.9477,-7.7500],[111.9459,-7.7514],[111.9447,-7.7529],[111.9432,-7.7534],[111.9413,-7.7546],[111.9406,-7.7557],[111.9398,-7.7582],[111.9378,-7.7589],[111.9354,-7.7599],[111.9340,-7.7610],[111.9295,-7.7627],[111.9288,-7.7631],[111.9258,-7.7631],[111.9244,-7.7631],[111.9193,-7.7636],[111.9147,-7.7641],[111.9102,-7.7641],[111.9072,-7.7644],[111.9050,-7.7652],[111.9039,-7.7640],[111.9045,-7.7626],[111.9069,-7.7609],[111.9074,-7.7594],[111.9093,-7.7587],[111.9105,-7.7572],[111.9136,-7.7525],[111.9158,-7.7505],[111.9184,-7.7506],[111.9210,-7.7464],[111.9288,-7.7412],[111.9353,-7.7379],[111.9401,-7.7349],[111.9437,-7.7321],[111.9455,-7.7327],[111.9460,-7.7317],[111.9467,-7.7304],[111.9472,-7.7297],[111.95151590000006,-7.732531799999947]]],[[[111.96156690000004,-7.695555],[111.9616,-7.6986],[111.9625,-7.7005],[111.9621,-7.7014],[111.9605,-7.7013],[111.9602,-7.6999],[111.9597,-7.6990],[111.9582,-7.6999],[111.9581,-7.7023],[111.9586,-7.7029],[111.9591,-7.7041],[111.9588,-7.7063],[111.9580,-7.7064],[111.9573,-7.7060],[111.9563,-7.7059],[111.9560,-7.7063],[111.9554,-7.7054],[111.9545,-7.7048],[111.9547,-7.7039],[111.9541,-7.7039],[111.9527,-7.7038],[111.9513,-7.7035],[111.9517,-7.7028],[111.9521,-7.7019],[111.9524,-7.7001],[111.9528,-7.6986],[111.9526,-7.6980],[111.9535,-7.6979],[111.9546,-7.6963],[111.9512,-7.6946],[111.9511,-7.6949],[111.9497,-7.6965],[111.9479,-7.6979],[111.9471,-7.6985],[111.9462,-7.6990],[111.9445,-7.6996],[111.9404,-7.6987],[111.9402,-7.6982],[111.9407,-7.6971],[111.9410,-7.6963],[111.9415,-7.6952],[111.9420,-7.6940],[111.9423,-7.6936],[111.9433,-7.6938],[111.9440,-7.6937],[111.9448,-7.6938],[111.9456,-7.6938],[111.9457,-7.6934],[111.9459,-7.6932],[111.9472,-7.6938],[111.9477,-7.6940],[111.9501,-7.6913],[111.9498,-7.6911],[111.9499,-7.6908],[111.9496,-7.6904],[111.9498,-7.6901],[111.9502,-7.6899],[111.9502,-7.6895],[111.9504,-7.6891],[111.9507,-7.6889],[111.9508,-7.6886],[111.9524,-7.6885],[111.9539,-7.6898],[111.9588,-7.6918],[111.9607,-7.6954],[111.96156690000004,-7.695555]]],[[[111.98013320000007,-7.683272699999975],[111.9807,-7.6835],[111.9821,-7.6844],[111.9831,-7.6881],[111.9831,-7.6888],[111.9808,-7.6883],[111.9802,-7.6885],[111.9801,-7.6898],[111.9793,-7.6906],[111.9787,-7.6908],[111.9783,-7.6909],[111.9780,-7.6905],[111.9776,-7.6901],[111.9773,-7.6897],[111.9764,-7.6894],[111.9745,-7.6894],[111.9739,-7.6906],[111.9732,-7.6910],[111.9724,-7.6911],[111.9720,-7.6918],[111.9717,-7.6930],[111.9713,-7.6934],[111.9707,-7.6949],[111.9695,-7.6949],[111.9691,-7.6949],[111.9685,-7.6952],[111.9676,-7.6950],[111.9664,-7.6958],[111.9638,-7.6966],[111.9631,-7.6963],[111.9623,-7.6951],[111.9607,-7.6954],[111.9588,-7.6918],[111.9539,-7.6898],[111.9524,-7.6885],[111.9512,-7.6877],[111.9514,-7.6871],[111.9520,-7.6867],[111.9522,-7.6863],[111.9518,-7.6861],[111.9520,-7.6858],[111.9523,-7.6855],[111.9523,-7.6850],[111.9525,-7.6851],[111.9528,-7.6848],[111.9529,-7.6843],[111.9527,-7.6842],[111.9526,-7.6836],[111.9530,-7.6832],[111.9530,-7.6826],[111.9530,-7.6819],[111.9533,-7.6813],[111.9536,-7.6807],[111.9535,-7.6802],[111.9536,-7.6798],[111.9542,-7.6795],[111.9543,-7.6797],[111.9547,-7.6797],[111.9548,-7.6796],[111.9550,-7.6798],[111.9553,-7.6796],[111.9557,-7.6797],[111.9560,-7.6796],[111.9562,-7.6795],[111.9568,-7.6792],[111.9573,-7.6792],[111.9575,-7.6791],[111.9581,-7.6792],[111.9587,-7.6794],[111.9587,-7.6796],[111.9593,-7.6798],[111.9611,-7.6806],[111.9615,-7.6808],[111.9639,-7.6817],[111.9640,-7.6819],[111.9657,-7.6821],[111.9674,-7.6823],[111.9679,-7.6824],[111.9691,-7.6827],[111.9701,-7.6828],[111.9711,-7.6830],[111.9718,-7.6833],[111.9737,-7.6833],[111.9743,-7.6833],[111.9748,-7.6835],[111.9750,-7.6835],[111.9752,-7.6837],[111.9755,-7.6838],[111.9760,-7.6839],[111.9765,-7.6835],[111.9766,-7.6832],[111.9769,-7.6830],[111.9770,-7.6828],[111.9774,-7.6823],[111.9782,-7.6826],[111.9785,-7.6828],[111.98013320000007,-7.683272699999975]]],[[[111.96271840000009,-7.709530899999947],[111.9633,-7.7118],[111.9643,-7.7127],[111.9646,-7.7135],[111.9636,-7.7149],[111.9628,-7.7172],[111.9618,-7.7178],[111.9616,-7.7189],[111.9617,-7.7204],[111.9601,-7.7203],[111.9596,-7.7223],[111.9591,-7.7237],[111.9582,-7.7255],[111.9572,-7.7273],[111.9559,-7.7288],[111.9542,-7.7290],[111.9531,-7.7290],[111.9516,-7.7294],[111.9511,-7.7298],[111.9517,-7.7322],[111.9511,-7.7322],[111.9471,-7.7302],[111.9461,-7.7306],[111.9457,-7.7320],[111.9445,-7.7320],[111.9437,-7.7315],[111.9445,-7.7295],[111.9449,-7.7281],[111.9437,-7.7261],[111.9422,-7.7232],[111.9421,-7.7213],[111.9418,-7.7200],[111.9418,-7.7197],[111.9432,-7.7191],[111.9440,-7.7194],[111.9455,-7.7196],[111.9454,-7.7183],[111.9461,-7.7162],[111.9470,-7.7142],[111.9477,-7.7130],[111.9482,-7.7125],[111.9500,-7.7129],[111.9506,-7.7123],[111.9512,-7.7117],[111.9521,-7.7123],[111.9525,-7.7115],[111.9533,-7.7099],[111.9559,-7.7094],[111.9575,-7.7083],[111.9589,-7.7078],[111.9592,-7.7076],[111.9599,-7.7072],[111.9607,-7.7084],[111.9627,-7.7095],[111.96271840000009,-7.709530899999947]]],[[[111.96834790000008,-7.717319099999941],[111.9683,-7.7182],[111.9680,-7.7221],[111.9678,-7.7238],[111.9662,-7.7235],[111.9663,-7.7239],[111.9662,-7.7244],[111.9663,-7.7249],[111.9658,-7.7261],[111.9656,-7.7274],[111.9645,-7.7280],[111.9640,-7.7291],[111.9637,-7.7292],[111.9632,-7.7300],[111.9620,-7.7302],[111.9613,-7.7307],[111.9605,-7.7313],[111.9597,-7.7319],[111.9591,-7.7322],[111.9587,-7.7329],[111.9579,-7.7327],[111.9584,-7.7331],[111.9580,-7.7332],[111.9575,-7.7338],[111.9567,-7.7342],[111.9563,-7.7349],[111.9562,-7.7355],[111.9563,-7.7358],[111.9564,-7.7364],[111.9552,-7.7369],[111.9536,-7.7356],[111.9515,-7.7326],[111.9517,-7.7322],[111.9511,-7.7298],[111.9516,-7.7294],[111.9531,-7.7290],[111.9542,-7.7290],[111.9559,-7.7288],[111.9572,-7.7273],[111.9582,-7.7255],[111.9591,-7.7237],[111.9596,-7.7223],[111.9601,-7.7203],[111.9617,-7.7204],[111.9616,-7.7189],[111.9618,-7.7178],[111.9628,-7.7172],[111.9636,-7.7149],[111.9650,-7.7137],[111.9656,-7.7139],[111.9659,-7.7152],[111.9682,-7.7156],[111.96834790000008,-7.717319099999941]]],[[[111.95134490000004,-7.703469799999937],[111.9504,-7.7045],[111.9498,-7.7050],[111.9479,-7.7058],[111.9473,-7.7056],[111.9461,-7.7063],[111.9457,-7.7069],[111.9450,-7.7081],[111.9442,-7.7082],[111.9438,-7.7094],[111.9439,-7.7105],[111.9434,-7.7122],[111.9433,-7.7130],[111.9428,-7.7149],[111.9425,-7.7159],[111.9424,-7.7169],[111.9422,-7.7180],[111.9424,-7.7186],[111.9435,-7.7185],[111.9441,-7.7191],[111.9432,-7.7190],[111.9422,-7.7194],[111.9416,-7.7187],[111.9408,-7.7175],[111.9409,-7.7169],[111.9411,-7.7161],[111.9403,-7.7161],[111.9391,-7.7167],[111.9379,-7.7157],[111.9358,-7.7127],[111.9341,-7.7104],[111.9324,-7.7084],[111.9328,-7.7085],[111.9342,-7.7064],[111.9343,-7.7057],[111.9348,-7.7046],[111.9352,-7.7036],[111.9353,-7.7031],[111.9361,-7.7035],[111.9363,-7.7031],[111.9364,-7.7027],[111.9367,-7.7024],[111.9367,-7.7021],[111.9370,-7.7017],[111.9378,-7.7004],[111.9386,-7.7007],[111.9392,-7.7007],[111.9398,-7.6992],[111.9401,-7.6986],[111.9422,-7.6992],[111.9454,-7.6990],[111.9466,-7.6983],[111.9474,-7.6985],[111.9481,-7.6973],[111.9500,-7.6948],[111.9512,-7.6947],[111.9553,-7.6954],[111.9540,-7.6966],[111.9530,-7.6978],[111.9527,-7.6984],[111.9530,-7.6992],[111.9524,-7.7013],[111.9518,-7.7024],[111.9514,-7.7032],[111.95134490000004,-7.703469799999937]]],[[[111.98156360000007,-7.702342399999964],[111.9820,-7.7055],[111.9825,-7.7065],[111.9828,-7.7094],[111.9822,-7.7113],[111.9823,-7.7114],[111.9816,-7.7114],[111.9814,-7.7120],[111.9804,-7.7124],[111.9803,-7.7118],[111.9791,-7.7115],[111.9772,-7.7110],[111.9766,-7.7114],[111.9738,-7.7113],[111.9724,-7.7124],[111.9721,-7.7126],[111.9715,-7.7129],[111.9712,-7.7141],[111.9709,-7.7152],[111.9705,-7.7160],[111.9703,-7.7164],[111.9701,-7.7177],[111.9677,-7.7154],[111.9653,-7.7150],[111.9657,-7.7139],[111.9649,-7.7137],[111.9642,-7.7132],[111.9638,-7.7120],[111.9631,-7.7097],[111.9630,-7.7082],[111.9628,-7.7075],[111.9623,-7.7061],[111.9623,-7.7046],[111.9623,-7.7031],[111.9622,-7.7028],[111.9619,-7.7020],[111.9621,-7.7014],[111.9625,-7.7005],[111.9626,-7.7003],[111.9627,-7.6996],[111.9632,-7.6992],[111.9657,-7.6994],[111.9683,-7.6997],[111.9686,-7.7003],[111.9702,-7.7008],[111.9705,-7.7032],[111.9710,-7.7045],[111.9733,-7.7051],[111.9747,-7.7046],[111.9772,-7.7042],[111.9782,-7.7052],[111.9783,-7.7058],[111.9785,-7.7070],[111.9800,-7.7092],[111.9796,-7.7068],[111.9798,-7.7049],[111.9805,-7.7022],[111.98156360000007,-7.702342399999964]]],[[[111.96207110000006,-7.70142919999995],[111.9619,-7.7020],[111.9622,-7.7028],[111.9623,-7.7031],[111.9623,-7.7046],[111.9623,-7.7061],[111.9628,-7.7075],[111.9630,-7.7082],[111.9627,-7.7095],[111.9607,-7.7084],[111.9599,-7.7072],[111.9592,-7.7076],[111.9589,-7.7078],[111.9575,-7.7083],[111.9559,-7.7094],[111.9533,-7.7099],[111.9525,-7.7115],[111.9521,-7.7123],[111.9512,-7.7117],[111.9506,-7.7123],[111.9500,-7.7129],[111.9482,-7.7125],[111.9477,-7.7130],[111.9470,-7.7142],[111.9461,-7.7162],[111.9454,-7.7183],[111.9455,-7.7196],[111.9440,-7.7194],[111.9438,-7.7185],[111.9429,-7.7188],[111.9421,-7.7181],[111.9423,-7.7173],[111.9426,-7.7161],[111.9428,-7.7151],[111.9431,-7.7143],[111.9434,-7.7123],[111.9440,-7.7110],[111.9437,-7.7096],[111.9440,-7.7084],[111.9449,-7.7081],[111.9455,-7.7074],[111.9459,-7.7066],[111.9470,-7.7055],[111.9477,-7.7057],[111.9498,-7.7050],[111.9503,-7.7048],[111.9513,-7.7034],[111.9526,-7.7038],[111.9537,-7.7038],[111.9542,-7.7037],[111.9545,-7.7045],[111.9554,-7.7054],[111.9560,-7.7062],[111.9562,-7.7063],[111.9573,-7.7060],[111.9574,-7.7062],[111.9584,-7.7063],[111.9595,-7.7043],[111.9592,-7.7031],[111.9583,-7.7023],[111.9579,-7.7009],[111.9590,-7.6989],[111.9599,-7.6999],[111.9608,-7.7002],[111.9612,-7.7015],[111.96207110000006,-7.70142919999995]]],[[[111.94179050000008,-7.71971869999993],[111.9418,-7.7200],[111.9421,-7.7213],[111.9422,-7.7232],[111.9437,-7.7261],[111.9449,-7.7281],[111.9445,-7.7295],[111.9437,-7.7315],[111.9432,-7.7324],[111.9387,-7.7366],[111.9329,-7.7387],[111.9261,-7.7429],[111.9206,-7.7475],[111.9184,-7.7506],[111.9142,-7.7509],[111.9126,-7.7539],[111.9099,-7.7584],[111.9089,-7.7589],[111.9073,-7.7599],[111.9067,-7.7612],[111.9042,-7.7627],[111.9040,-7.7645],[111.9033,-7.7657],[111.9012,-7.7673],[111.8977,-7.7686],[111.8937,-7.7690],[111.8921,-7.7692],[111.8902,-7.7697],[111.8889,-7.7702],[111.8879,-7.7704],[111.8867,-7.7705],[111.8832,-7.7710],[111.8824,-7.7701],[111.8818,-7.7690],[111.8811,-7.7682],[111.8807,-7.7677],[111.8804,-7.7672],[111.8803,-7.7667],[111.8793,-7.7661],[111.8784,-7.7653],[111.8807,-7.7644],[111.8818,-7.7634],[111.8824,-7.7625],[111.8830,-7.7619],[111.8837,-7.7606],[111.8840,-7.7594],[111.8843,-7.7585],[111.8847,-7.7580],[111.8850,-7.7574],[111.8855,-7.7561],[111.8857,-7.7549],[111.8867,-7.7546],[111.8882,-7.7535],[111.8892,-7.7526],[111.8900,-7.7518],[111.8911,-7.7505],[111.8925,-7.7490],[111.8937,-7.7478],[111.8942,-7.7477],[111.8957,-7.7464],[111.8956,-7.7453],[111.8961,-7.7452],[111.8962,-7.7444],[111.8971,-7.7442],[111.8977,-7.7436],[111.8991,-7.7432],[111.8996,-7.7423],[111.9002,-7.7410],[111.9014,-7.7397],[111.9036,-7.7386],[111.9041,-7.7376],[111.9046,-7.7362],[111.9055,-7.7357],[111.9069,-7.7349],[111.9076,-7.7342],[111.9091,-7.7338],[111.9103,-7.7330],[111.9121,-7.7329],[111.9141,-7.7319],[111.9152,-7.7309],[111.9167,-7.7293],[111.9175,-7.7276],[111.9179,-7.7271],[111.9191,-7.7255],[111.9213,-7.7249],[111.9233,-7.7242],[111.9257,-7.7229],[111.9280,-7.7226],[111.9286,-7.7211],[111.9295,-7.7205],[111.9306,-7.7186],[111.9314,-7.7169],[111.9324,-7.7134],[111.9320,-7.7114],[111.9315,-7.7098],[111.9323,-7.7085],[111.9350,-7.7115],[111.9369,-7.7144],[111.9390,-7.7168],[111.9391,-7.7168],[111.9404,-7.7159],[111.9413,-7.7161],[111.9409,-7.7169],[111.9412,-7.7178],[111.9416,-7.7188],[111.94179050000008,-7.71971869999993]]]],"type":"MultiPolygon"}}],"type":"FeatureCollection"}